"ID","Tmax2","WetBulb2","RA2","TSRA2","StnPressure","PrecipTotal","PrecipTotal2.imp","RA45.2","PT45_gt052","RA45","PT45_gt05"
1,84,26,0,0,29.1,0,0,15.7481145772013,1.00231585941124,15.7551098010992,0.957870824994226
2,60,16,0,0,29.38,0,0,12.2472368253863,0.935726437967815,11.4274096120627,0.831639177106089
3,67,19,0,0,29.39,0,0,16.1589284115289,0.913605777460774,15.9210074236003,0.81914123198376
4,78,19,0,0,29.31,0,0,10.9501341455979,0.923272158156839,14.053379158979,0.795452764755982
5,66,19,0,0,29.4,0,0,17.2633194188238,0.970762525974691,16.9171901031879,0.949068772504659
6,68,15,0,0,29.57,0,0,17.0391647681288,0.947021647388894,16.9140968822351,0.986614381679455
7,84,22,0,0,29.38,0,0,12.4069891707593,0.929577948049444,11.0383784896941,0.83679536223813
8,80,32,0,0,29.29,0,0,13.8339201605963,0.99857955161038,16.7267217013126,0.995838678815648
9,76,32,0,0,29.21,0.13,0.02,6.64193234519199,0.959896669632776,11.4499885388398,0.904057558781864
10,83,30,0,0,29.2,0,0,14.6671775439239,0.976292392908313,13.8508270362373,0.8733986163707
11,73,20,0,0,29.33,0,0,10.6373611055836,0.911069178851907,14.0766209380507,0.811825726502292
12,65,15,0,0,29.49,0,0,19.3884141932882,0.897149053971603,18.43054565209,0.884038504836593
13,69,15,0,0,29.49,0,0,15.6199014857597,0.925556658638702,12.3829833894446,0.931184218863222
14,90,27,0,0,29.23,0,0,12.5059737516374,0.957586759970491,13.3513505938424,0.836475607324459
15,82,30,1,1,29.13,0.38,0.6,12.721239881168,0.916909781850529,11.7978727610647,0.808304462821548
16,64,16,1,0,29.33,0.14,0.07,19.6065538951863,0.946882123168353,18.8673552653442,0.938920871774676
17,61,12,0,0,29.55,0,0,11.0870556106028,0.907607917223627,13.8379765974155,0.884713717986174
18,70,16,0,0,29.53,0,0,12.2291964355722,0.865905493532437,15.1185069942126,0.836275365378274
19,80,22,0,0,29.34,0,0,13.6272047567323,0.953198715796114,14.3586427842694,0.901098682669082
20,69,14,1,1,29.38,0.07,0.11,10.9201716559262,0.918654328351299,13.4113651189962,0.840478598361258
21,79,26,0,0,29.33,0,0,14.8018111116904,0.936047855156395,14.5181534799826,0.827623996427764
22,87,27,0,0,29.34,0,0,13.6826781104493,1.01593619463678,13.4370322632561,0.917360367007604
23,89,30,0,0,29.39,0,0,8.07969301467629,0.984371941708226,8.74980830455138,0.861491407671822
24,88,32,1,0,29.41,0.02,0,11.1672645966105,0.997293848412907,12.6503327611638,0.138928785702454
25,66,22,1,0,29.51,0,0.09,14.2502306431698,0.948569363264582,17.3923276329892,0.933232998737105
26,70,26,1,1,29.36,1.01,0.28,14.0136203946752,1.01191937543194,14.30702636393,1.0025429330818
27,75,26,1,0,29.34,0.04,0.08,13.2887296119033,1.04721098473906,14.8126778082532,1.019079712117
28,76,26,0,0,29.43,0,0,9.61837716158126,0.92167178307983,9.46367078499885,0.871636355452928
29,88,35,0,0,29.39,0,0,13.2689506455127,0.988108162977608,15.7722569219176,0.945086928177236
30,89,35,0,0,29.31,0,0,18.4735255322309,0.96182448141079,19.571345443398,0.86498719170008
31,80,35,1,0,29.28,0.01,0.53,14.1639132857199,0.975737755086529,13.4532363913071,0.984510956550522
32,86,36,0,1,29.19,0.19,0.21,13.7920144227629,0.985468317713134,13.4054260351007,0.983414091869853
33,81,36,1,0,29.03,0.04,0,14.503340513315,0.979260721447035,18.2761922739793,0.940236848445656
34,77,33,1,0,28.82,0.01,0.32,18.6687200261656,1.00755691691697,17.9755343490541,0.906416049466627
35,72,29,1,0,28.82,0.39,0.31,18.3753377025935,1.02927733704852,17.6781270112855,0.977188702222436
36,63,21,1,0,29.1,0.42,0.27,19.6483478067053,0.928678494615834,16.3162312117209,0.865286012341939
37,73,24,1,0,29.07,0.01,0,12.5952326231276,0.908830152238645,12.1877009569647,0.740389339398588
38,92,37,0,0,28.84,0,0,21.969873236231,1.0046826206322,18.8565023524035,0.832885516021645
39,81,31,0,0,29.18,0,0,15.0034744825267,1.009789215467,14.9871582933104,1.00313647373528
40,79,27,0,0,29.36,0,0,15.7840623618145,0.938476081840932,15.4801151095653,0.854237549854449
41,81,29,0,0,29.34,0,0,8.51819714658285,0.966767926367656,8.33105062191538,0.907764266637682
42,85,30,0,0,29.41,0,0,18.3480829200088,1.00563579662788,17.0978487869639,1.04817371589029
43,82,30,0,0,29.44,0,0,14.8485999897767,0.97961199436768,19.8088186449099,0.974538960644564
44,86,31,0,0,29.36,0,0,16.0415454838098,0.98079744874747,15.5103401842366,0.932865332772879
45,89,32,0,0,29.3,0,0,13,1,15,1
46,89,34,0,0,29.28,0,0,13,1,15,1
47,92,37,0,0,29.26,0,0,13,1,16,1
48,91,39,0,0,29.23,0,0.16,13,1,16,1
49,89,39,1,1,29.12,0.28,0.02,14,1,16,1
50,81,32,1,0,29.26,0.58,0.93,15,1,17,1
51,85,30,0,0,29.39,0,0,15,1,17,1
52,80,30,1,0,29.36,0.01,0,16,1,17,1
53,75,27,1,0,29.33,0,0,17,1,18,1
54,68,31,1,0,29.23,0.05,0.34,18,1,19,1
55,75,34,0,0,29.26,0,0,18,1,19,1
56,86,39,0,0,29.38,0,0,18,1,19,1
57,91,41,0,0,29.39,0.16,0,18,1,19,1
58,89,41,1,1,29.29,0.15,0.35,19,1,19,1
59,73,30,0,0,29.41,0,0.950469521,19,1,19,1
60,71,29,0,0,29.41,0,0.064049753,18,1,18,1
61,77,27,0,0,29.41,0,0,17,1,17,1
62,76,28,0,0,29.51,0,0,17,1,17,1
63,77,28,0,0,29.49,0,0,17,1,17,1
64,83,32,1,1,29.31,0.4,0.09,18,1,18,1
65,84,38,1,1,29.18,0.16,0.66,18,1,17,1
66,88,36,0,0,29.24,0,0,18,1,17,1
67,84,34,0,0,29.32,0,0,18,1,17,1
68,88,37,0,0,29.18,0,0,18,1,17,1
69,93,41,0,0,29.05,0,0,17,1,16,1
70,93,40,1,0,29.11,0.3,0.24,17,1,17,1
71,89,40,0,1,29.06,0.43,0.08,16,1,16,1
72,77,28,0,0,29.23,0,0,15,1,15,1
73,80,29,0,0,29.22,0,0,15,1,14,1
74,74,28,0,0,29.26,0,0,15,1,14,1
75,85,31,0,0,29.08,0,0,15,1,14,1
76,80,30,0,0,29.19,0,0,14,1,13,1
77,82,34,1,1,29.25,0.39,0.07,15,1,14,1
78,83,38,1,0,29.18,0.11,0.11,15,1,14,1
79,85,40,1,1,29.11,1.55,0.92,15,1,14,1
80,82,35,0,0,29.21,0.16,0.01,14,1,13,1
81,74,28,0,0,29.44,0,0,13,1,12,1
82,75,28,0,0,29.51,0,0,12,1,11,1
83,81,30,0,0,29.49,0,0,12,1,11,1
84,82,32,0,0,29.37,0,0,12,1,11,1
85,82,33,0,0,29.32,0,0,12,1,11,1
86,83,35,0,0,29.29,0,0,12,1,11,1
87,84,37,0,1,29.19,0.19,0.89,12,1,12,1
88,83,39,1,0,29.11,0.17,0.04,13,1,13,1
89,80,37,0,0,29.23,0,0,13,1,13,1
90,85,33,0,0,29.28,0,0,13,1,13,1
91,86,34,0,0,29.33,0,0,13,1,13,1
92,89,37,0,0,29.33,0,0,13,1,12,1
93,91,39,0,0,29.29,0,0,13,1,12,1
94,91,41,0,0,29.26,0,0,12,1,11,1
95,88,36,0,0,29.31,0,0,11,1,10,1
96,81,34,1,0,29.31,0.03,0.02,12,1,11,1
97,88,41,1,1,29.08,1.43,0.97,12,1,11,1
98,85,43,0,1,29.13,0.26,0.05,11,1,11,1
99,92,45,0,0,29.06,1.31,0.06,10,1,11,1
100,87,43,1,1,29.13,0.06,0.09,11,1,12,1
101,85,42,0,1,29.13,0.05,0.46,11,1,13,1
102,86,41,0,0,29.26,0,0,11,1,13,1
103,88,39,0,0,29.31,0,0,10,1,13,1
104,87,39,0,1,29.34,0.29,0.23,10,1,13,1
105,80,32,0,0,29.39,0,0,10,1,13,1
106,84,38,1,1,29.23,0.41,0.45,11,1,14,1
107,81,40,1,1,29.17,0.23,0.83,12,1,15,1
108,77,37,0,0,29.28,0,0,12,1,15,1
109,80,31,0,0,29.41,0,0,11,1,14,1
110,69,27,1,0,29.44,0.09,0.42,11,1,15,1
111,69,33,1,0,29.24,1.33,1.33,12,1,16,1
112,76,39,1,1,29.15,0.91,0.48,13,1,17,1
113,85,41,0,0,29.21,0,0.01,13,1,17,1
114,90,42,1,1,29.23,0.37,0.88,14,1,18,1
115,89,40,0,1,29.15,2.35,1.96,13,1,18,1
116,81,38,1,1,29.11,0.24,0.2,14,1,19,1
117,76,35,1,0,29.23,0.34,0.25,15,1,20,1
118,78,31,0,0,29.38,0,0,15,1,20,1
119,79,33,0,0,29.36,0,0,15,1,20,1
120,90,39,0,0,29.28,0,0,15,1,20,1
121,86,38,0,0,29.34,0,0,15,1,20,1
122,75,30,0,0,29.47,0,0,14,1,19,1
123,76,29,0,0,29.47,0,0,13,1,18,1
124,79,31,0,0,29.49,0,0,12,1,17,1
125,84,32,0,0,29.41,0,0,12,1,17,1
126,88,36,0,0,29.36,0,0,12,1,17,1
127,90,36,0,0,29.28,0,0,12,1,17,1
128,91,38,0,0,29.24,0,0,12,1,18,1
129,84,39,0,1,29.21,0.18,0.08,12,1,19,1
130,84,39,1,1,29.15,0.19,0.67,13,1,20,1
131,78,33,0,0,29.3,0,0,13,1,20,1
132,79,33,0,0,29.36,0,0,13,1,19,1
133,73,31,1,0,29.3,0.36,0.25,13,1,19,1
134,71,21,0,0,29.2,0,0,13,1,19,1
135,66,19,0,0,29.4,0,0,13,1,19,1
136,79,23,0,0,29.23,0,0,13,1,19,1
137,67,18,0,0,29.36,0,0,13,1,19,1
138,62,14,0,0,29.56,0,0,13,1,19,1
139,72,19,0,0,29.46,0,0,13,1,19,1
140,80,26,0,0,29.39,0,0,13,1,19,1
141,89,34,0,0,29.34,0,0,12,1,18,1
142,84,34,0,0,29.41,0,0,11,1,17,1
143,76,33,0,0,29.39,0,0,11,1,16,1
144,90,35,0,0,29.18,0,0,11,1,15,1
145,72,24,0,0,29.42,0,0,10,1,14,1
146,83,28,0,0,29.43,0,0,10,1,13,1
147,91,38,0,0,29.27,0,0,10,1,13,1
148,83,38,0,1,29.23,0.27,0.01,10,1,14,1
149,68,25,1,0,29.31,0.09,0.14,11,1,15,1
150,74,24,1,0,29.26,0,0,12,1,15,1
151,73,23,0,0,29.47,0,0,11,1,14,1
152,82,24,0,0,29.5,0,0,10,1,13,1
153,84,28,0,1,29.36,0.14,0.14,10,1,13,1
154,68,30,1,0,29.28,0.29,0.17,11,1,14,1
155,80,32,1,0,29.18,0.09,0.11,11,1,14,1
156,74,25,0,0,29.28,0,0,10,1,13,1
157,83,31,0,0,29.34,0,0,9,1,12,1
158,85,38,1,0,29.36,0,0.06,10,1,12,1
159,88,40,0,0,29.33,0,0,9,1,11,1
160,88,39,0,0,29.31,0,0,9,1,10,0
161,88,35,0,0,29.23,0,0,8,1,9,0
162,77,22,0,0,29.21,0,0,7,1,8,0
163,53,13,0,0,29.21,0,0,7,1,9,0
164,56,14,0,0,29.28,0,0,7,1,9,0
165,57,12,0,0,29.28,0,0,7,1,9,0
166,59,16,0,0,29.31,0,0,7,1,9,0
167,63,21,1,0,29.34,0.15,0.01,8,1,10,0
168,77,26,1,0,29.21,0.07,0.04,9,1,11,0
169,68,27,1,0,29.16,0.24,0.19,10,1,12,0
170,74,26,1,0,29.07,0.04,0.11,11,1,13,0
171,79,31,1,1,28.59,0.3,0.34,12,1,14,0
172,61,21,1,0,28.75,0.01,0,13,1,15,0
173,74,21,0,0,29.02,0,0,13,1,14,0
174,79,25,0,0,29.08,0,0,13,1,13,0
175,66,20,1,0,29.26,0.16,0.15,13,0,13,0
176,53,14,1,0,29.2,0,0.03,14,0,13,0
177,53,12,0,0,29.46,0,0,14,0,13,0
178,57,15,1,0,29.47,0,0,14,0,13,0
179,66,21,1,0,29.31,0.33,0.41,15,0,14,0
180,57,15,1,0,29.56,0.01,0.08,16,0,15,0
181,56,8,0,0,29.79,0,0,16,0,15,0
182,60,11,0,0,29.63,0,0,16,0,15,0
183,66,15,0,0,29.43,0,0,16,0,15,0
184,63,15,0,0,29.3,0,0,16,0,15,0
185,73,26,0,0,28.95,0,0,16.981665338144,0.938364539753873,13.9333286366819,0.80636171312944
186,74,29,1,1,28.79,1.28,0.74,16.1239913113826,0.996331681715045,17.2275027370677,0.961866154129963
187,56,15,1,0,29.01,0,0.01,13.3366604760223,0.981811618024651,11.8002135049553,0.853879300459872
188,66,14,0,0,29.31,0,0,13.6755338587782,-0.0238484710422218,11.5697352624485,-0.0759150976494734
189,74,19,0,0,29.27,0,0,16.5388256350787,0.90843810440644,11.7670561861422,0.79153871744477
190,82,24,0,0,29.16,0,0,16.1105827083242,0.988472417515961,14.2231826245185,0.84975022319395
191,71,25,1,0,28.97,0.76,0.71,16.0169470044292,0.96670605431558,19.3632644937072,0.855672457990229
192,59,14,0,0,29.08,0,0,9.07397845151191,0.933108903108298,11.1110680251151,0.850423694181722
193,58,13,0,0,29.15,0,0,7.26371580331621,0.993594418376829,9.37841743928461,-0.0529414296330811
194,61,15,0,0,29.08,0,0,13.5292184664252,1.00916129794035,14.3724161179592,0.929528229432047
195,60,17,1,0,28.85,0.95,1.46,13.414223880403,0.951833237208597,18.2440259231709,0.816558691577338
196,53,12,0,0,29.26,0,0,17.2435914680463,0.915762976960958,15.6035966126369,0.886101258163579
197,73,21,1,1,29.2,0.08,0.32,16.2426618983493,0.971142089684628,16.9510497420739,0.902366186740157
198,61,21,1,0,29.19,0.02,0.02,15.5234441288945,0.992182373605145,15.9602001014788,0.99553793572686
199,57,14,0,0,29.33,0,0,14.3434464414735,0.90880113272924,12.4430996705183,0.859724302556234
200,72,19,0,0,29.1,0,0,18.5427134489112,0.97050009487955,18.2879805979682,0.898546673060481
201,73,21,1,1,28.87,0.12,0.26,15.5310056719734,0.991670169727218,16.062826496164,0.802234159460737
202,55,15,0,0,28.93,0,0,8.76546797123302,0.941205224580701,9.94693524635482,0.778333640790133
203,59,13,1,0,28.96,0,0,11.4381264609499,0.921669412066592,10.3137845990577,0.751377790230471
204,64,16,0,0,28.94,0,0,9.39945236979029,0.91487559680674,10.6187591062405,0.729242103265072
205,65,15,0,0,29,0,0,12.7203996515513,1.03325106937074,14.7669630051377,0.919479556357269
206,56,14,0,0,29.24,0,0,12.8453114309117,0.901141914271705,14.9183597581545,0.829182880345124
207,59,15,0,0,29.41,0,0,13.9979112511014,0.956853660741472,12.1652709791233,0.913698577528247
208,68,17,0,0,29.44,0,0,12.5786197716554,0.980202770951254,18.5179515127621,1.02576363389015
209,78,26,0,0,29.18,0,0,13.457725058668,0.972350438933036,12.5555673208594,0.925901645047501
210,84,34,1,1,29.11,0.48,0,15.6862383943351,0.999616309320219,16.0660701001493,0.974893100687172
211,53,12,1,0,29.5,0,0,18.6971166386268,0.964975985679179,18.5075429595084,0.956930932089334
212,61,13,0,0,29.6,0,0,8.88079492839493,0.940914525356502,8.48615845338617,0.947390861940283
213,68,17,1,0,29.39,0.01,0.08,22.6266927557425,0.884644262601875,19.1804247836304,0.813342771595193
214,77,32,1,0,29.03,0.4,0.3,13.9702751065457,1.00903091328041,16.6721338417863,0.935100712253174
215,79,31,0,0,29.1,0,0,9.37488638426929,0.98891770313031,12.2711596449637,0.916502242693227
216,71,24,0,0,29.23,0,0,9.55289049216319,1.00136402467635,11.6073011229621,1.04328893036078
217,85,30,0,0,29.16,0,0,11.2767639908659,1.00159352929394,9.31258989887461,0.952408773590184
218,74,29,1,0,28.97,0.52,0.92,8.92686898303155,0.962232365959503,10.457788614607,0.845070640564378
219,78,33,0,1,28.9,0,0.02,11.3117276531219,0.98453603360544,14.4508915948189,0.930435100819146
220,88,41,0,1,29,0.64,0.22,8.08599719414407,0.983758141097687,12.7183370871131,0.909797774782553
221,86,41,1,0,29.07,0,0.03,20.3627110426414,0.988642436959971,16.0122165699258,0.99114042323064
222,84,42,0,0,29.16,0.11,0.07,9.37601280442912,1.04817138909066,10.6222903213417,0.991707955163606
223,87,40,1,0,29.11,1.24,1.31,18.6390369534895,1.08880548147767,17.6787269707921,1.05645974275444
224,74,35,1,0,29.1,0.14,0.21,11.3180005447546,0.981828655457553,13.8526826651085,0.962033751318701
225,80,32,1,0,29.18,0,0.01,11.4065044166423,0.97184830338491,15.9479544756715,0.910299869531486
226,86,33,0,0,29.28,0,0,10.5711935085932,0.974097935438444,11.8741310687726,0.982038183224671
227,91,39,0,0,29.2,0,0,12.3567687832252,1.1213039938776,13.4502744914496,1.10267319483972
228,82,35,1,1,29.21,0.39,0.19,15.3448144753473,0.956095828105971,15.0600332726411,0.902924509141153
229,84,31,0,0,29.23,0,0,18,1,18,1
230,82,33,1,1,29.15,0.18,0.29,19,1,19,1
231,74,26,0,0,29.2,0,0,18,1,18,1
232,76,24,0,0,29.26,0,0,17,1,17,1
233,75,25,0,0,29.21,0,0,17,1,17,1
234,80,26,0,0,29.21,0,0,17,1,17,1
235,83,28,1,0,29.25,0.09,0.04,18,1,18,1
236,83,30,1,0,29.24,0.01,0.01,18,1,17,1
237,81,29,1,0,29.18,0.16,0.02,19,1,17,1
238,76,28,0,0,29.33,0,0,19,1,17,1
239,82,29,0,0,29.44,0,0,19,1,17,1
240,79,37,1,0,29.28,0.08,0.11,19,1,17,1
241,87,40,0,0,29.15,0,0,19,1,17,1
242,85,39,1,0,29.05,0,0,19,1,17,1
243,84,32,1,0,28.98,0.04,0,19,1,17,1
244,77,30,1,0,29.08,0.58,0.22,20,1,18,1
245,81,27,0,0,29.28,0,0,20,1,18,1
246,84,29,0,0,29.24,0,0,19,1,17,1
247,89,36,1,0,29.09,0.2,0.12,20,1,18,1
248,71,26,0,0,29.34,0,0,19,1,17,1
249,75,27,0,0,29.35,0,0,19,1,17,1
250,79,29,0,0,29.31,0,0,19,1,17,1
251,88,34,0,0,29.21,0,0,19,1,17,1
252,87,40,0,0,29.16,0.03,0.11,19,1,18,1
253,86,40,1,0,29.1,0.03,0.28,20,1,18,1
254,85,33,0,0,29.26,0,0,20,1,18,1
255,84,36,1,1,29.26,0.72,0.43,20,1,18,1
256,89,38,1,1,29.23,0.34,0.03,20,1,19,1
257,83,36,1,1,29.19,0.73,0.65,21,1,20,1
258,79,30,0,0,29.12,0,0,20,1,19,1
259,84,31,0,0,29.22,0,0,19,1,18,1
260,91,38,0,0,29.3,0,0,19,1,18,1
261,91,40,0,0,29.39,0,0,19,1,18,1
262,90,40,0,0,29.33,0,0,19,1,17,1
263,91,40,1,0,29.24,0.04,0,19,1,17,1
264,80,40,1,0,29.19,1.61,1.22,20,1,18,1
265,86,40,1,1,29.2,0.74,0.43,21,1,18,1
266,84,38,1,1,29.21,0.13,0.13,21,1,18,1
267,75,33,1,0,29.31,0,0.06,22,1,17,1
268,81,30,0,0,29.39,0,0,21,1,16,1
269,82,30,0,0,29.33,0,0,20,1,15,1
270,84,36,0,0,29.26,0,0,19,1,14,1
271,85,35,0,0,29.22,0,0,19,1,14,1
272,83,34,0,0,29.16,0,0,19,1,14,1
273,84,37,0,0,29.16,0,0,18,1,13,1
274,89,40,1,1,29.14,0.05,0.23,19,1,14,1
275,90,40,0,0,29.04,0,0,18,1,13,1
276,89,41,1,0,29.06,0.14,0.5,19,1,14,1
277,89,42,0,0,29.09,1.05,0,19,1,15,1
278,80,34,0,0,29.24,0,0,19,1,15,1
279,85,36,0,0,29.24,0,0,19,1,15,1
280,88,40,1,1,29.18,2.43,0.59,19,1,15,1
281,88,41,0,0,29.24,0,0.08,18,1,15,1
282,84,35,0,0,29.29,0,0.01,17,1,15,1
283,81,32,0,0,29.26,0,0.01,17,1,15,1
284,78,30,0,0,29.29,0,0,17,1,15,1
285,78,32,1,0,29.2,0,0,17,1,14,1
286,74,28,0,0,29.31,0,0,17,1,14,1
287,76,31,0,0,29.3,0,0,16,1,13,1
288,77,31,0,0,29.17,0,0,15,1,13,1
289,77,32,0,0,29.11,0.06,0,14,1,13,1
290,78,33,0,0,29.23,0,0,14,1,13,1
291,78,30,0,0,29.44,0,0,14,1,13,1
292,82,30,0,0,29.4,0,0,13,1,12,1
293,85,34,0,0,29.28,0,0,13,1,12,1
294,85,34,0,0,29.26,0,0,13,1,12,1
295,84,37,0,0,29.38,0,0,13,1,12,1
296,81,34,0,0,29.4,0,0,13,1,12,1
297,82,35,1,0,29.31,0,0,14,1,12,1
298,84,41,1,0,29.32,0.09,0,14,1,12,1
299,90,40,0,0,29.31,0,0,14,1,12,1
300,78,32,0,0,29.34,0,0,13,1,11,1
301,74,30,0,0,29.36,0,0,12,1,10,1
302,75,30,0,0,29.29,0,0,11,1,9,1
303,82,32,0,0,29.2,0,0,11,1,9,1
304,81,37,1,0,29.1,0.06,0.02,12,1,10,1
305,84,35,0,0,29.24,0.04,0,12,1,11,1
306,87,33,0,0,29.39,0,0,12,1,11,1
307,89,34,0,0,29.41,0,0,12,1,11,1
308,89,33,0,0,29.37,0,0,11,1,10,1
309,95,37,1,0,29.31,0,0,11,1,9,1
310,77,34,0,0,29.31,0.02,0,10,1,9,1
311,68,33,1,0,29.08,2.9,2.68,10,1,9,1
312,68,29,1,0,29.22,0,0.01,10,1,9,1
313,74,28,1,0,29.28,0.01,0,11,1,9,1
314,74,27,0,0,29.35,0,0.01,11,1,9,1
315,70,25,1,0,29.41,1.23,1.01,12,1,10,1
316,68,21,0,0,29.45,0,0.01,12,1,10,1
317,72,23,0,0,29.47,0,0,12,1,10,1
318,79,31,0,0,29.33,0,0,12,1,11,1
319,73,38,1,0,29.22,0.37,0.62,12,1,11,1
320,77,41,1,0,28.97,6.64,3.07,13,1,12,1
321,72,32,1,0,28.97,1.44,1.75,13,1,12,1
322,65,25,0,0,29.41,0,0.01,13,1,11,1
323,71,24,0,0,29.47,0,0,13,1,11,1
324,83,30,0,0,29.46,0,0,13,1,11,1
325,74,29,0,0,29.56,0,0,12,1,10,1
326,79,29,0,0,29.47,0,0,12,1,10,1
327,82,31,0,0,29.46,0,0,12,1,10,1
328,80,34,0,0,29.55,0,0,12,1,10,1
329,82,33,0,0,29.59,0,0,12,1,10,1
330,83,32,0,0,29.56,0,0,11,1,10,1
331,82,32,0,0,29.54,0.2,0,11,1,10,1
332,78,34,0,0,29.54,0,0,11,1,10,1
333,78,30,0,0,29.42,0,0,11,1,10,1
334,80,29,0,0,29.33,0,0,11,1,9,1
335,69,29,0,0,29.41,0,0,11,1,9,1
336,65,28,1,0,29.26,0.82,0.11,12,1,10,1
337,61,19,0,0,29.21,0,0.01,12,1,10,1
338,62,16,0,0,29.24,0,0,12,1,10,1
339,62,16,0,0,29.18,0,0,12,1,10,1
340,59,18,1,0,29.34,0.01,0.01,13,1,11,1
341,60,15,0,0,29.51,0,0,13,1,11,1
342,61,18,1,0,29.51,0.06,0.03,13,1,11,1
343,70,23,0,0,29.49,0,0,12,1,11,1
344,65,25,1,0,29.24,0.8,0.86,13,1,12,1
345,63,24,1,0,29.13,0.19,0.29,14,1,13,1
346,69,18,0,0,29.36,0,0,14,1,13,1
347,73,20,0,0,29.47,0,0,14,1,13,1
348,80,26,0,0,29.52,0,0,14,1,13,1
349,86,31,0,0,29.55,0,0,13,1,12,1
350,79,32,0,0,29.47,0,0,13,1,11,1
351,70,21,0,0,29.49,0,0,13,1,12,1
352,64,23,1,0,29.34,0.3,0.24,14,1,13,1
353,59,14,0,0,29.52,0,0,14,1,13,1
354,56,15,0,0,29.53,0,0,13,1,13,1
355,60,16,1,0,29.58,0.05,0.14,14,1,14,1
356,62,15,0,0,29.49,0,0,13,1,13,1
357,56,16,1,0,29.48,0.18,0.31,13,1,14,1
358,55,12,0,0,29.64,0,0,12,1,14,1
359,54,9,0,0,29.65,0,0,12,1,14,1
360,60,12,1,0,29.5,0.16,0.09,12,1,14,1
361,56,16,1,0,29.18,0.32,0.63,13,1,15,1
362,53,14,0,0,29.02,0,0,13,1,16,1
363,56,10,1,0,29.1,0,0.01,14,1,16,1
364,47,4,1,0,29.51,0,0,14,1,15,1
365,45,2,0,0,29.54,0,0,13,1,14,1
366,51,4,0,0,29.47,0,0,12,1,13,1
367,63,10,0,0,29.57,0,0,12,1,13,1
368,71,20,0,0,29.57,0,0,12,1,13,1
369,62,17,1,0,29.26,0.02,0.04,20.7107345629376,0.955631659051754,18.2002384687945,0.917355571963821
370,65,15,0,0,29.21,0,0,17.2136981473371,0.925583604003241,12.4391430581422,0.811052965294911
371,70,17,0,0,29.19,0,0,15.9963304916151,1.00814149919324,13.0847878526785,0.900740396187042
372,70,17,0,0,29.31,0,0,10.1089958011108,0.937497188025816,13.5155446861263,0.90230937928845
373,70,20,0,0,29.22,0,0,6.34443723325589,0.922740039841,11.3541846786549,0.845361032616257
374,75,25,1,0,29.05,0.67,0.86,11.1505543003806,0.963937065137045,13.6970042736756,0.892832498196919
375,77,27,1,0,29.01,0.19,0.03,14.4463957396533,0.985124120173567,12.3182824999347,0.917518223296411
376,74,28,0,0,28.94,0.02,0.01,11.8654473945432,0.989257323840625,13.5409733663059,0.828836828009174
377,64,18,0,0,29.19,0,0,13.0323874638531,0.946239044543702,14.0530022034181,0.833543065038115
378,67,16,1,0,29.41,0,0.02,18.6189343664124,0.937387100681382,16.5981483743427,0.999376124278749
379,61,13,0,0,29.47,0,0,14.2373507627016,0.904643695197828,17.5654173588261,0.915943887184222
380,72,16,0,0,29.38,0,0,9.43364240332724,0.968023949995312,13.8998874063391,0.928134949861389
381,71,29,1,1,29.01,0.55,1.03,17.4486853012137,1.00663731008296,15.9377204199473,0.902374678658495
382,69,22,0,0,29.31,0,0,9.67180088429971,0.999195983497844,14.1316486642124,0.975851953690804
383,63,24,1,1,29.28,0.39,0.7,11.5084718002958,0.927037144705874,15.3876271935863,0.888140809939386
384,62,19,0,0,29.36,0,0.04,11.6049969234135,0.913117321067079,10.4356150398602,0.847981389594239
385,59,11,0,0,29.6,0,0,12.6708075165925,0.952860914507192,12.0501776932552,0.944656780562221
386,67,14,0,0,29.54,0,0,20.3344379379875,0.912598443065226,19.3383293267832,0.906784196728897
387,80,23,0,0,29.48,0,0,15.801947685528,0.974790464022801,12.5903037659491,0.999535526528672
388,85,26,0,0,29.4,0,0,18.8317204197867,0.954090472470454,17.9236810146142,0.940621924326908
389,85,28,0,0,29.38,0,0,9.94445136651235,0.969380351425901,11.9566246817599,0.921404251307305
390,70,23,0,0,29.46,0,0,10.5787065035101,0.956263136435555,12.4662467507037,0.941348957819889
391,79,27,0,0,29.33,0,0,15.0816139781584,0.978072089450946,16.0884401774989,0.968342444343299
392,70,23,0,0,29.34,0,0,16.1048858266992,1.00594622579588,15.6972426054628,1.04355924688233
393,64,22,1,0,29.28,0.04,0.08,17.3186146924249,0.985589701177323,16.9309932956214,1.006540306143
394,76,27,1,1,29.08,1.73,1.38,10.991527420873,0.985352589641278,9.67255881264129,0.943317362674928
395,75,32,0,0,28.95,0.02,0,8.7140131358083,1.03520980841092,9.60866911444195,0.938825339880571
396,64,23,0,0,29.06,0,0,13.2124986025331,0.941817217746987,13.2126647963936,0.808589590085277
397,77,24,0,0,29.17,0,0,10.5547541365395,0.969431464736214,13.3630464175449,0.91656271846763
398,79,24,0,0,29.09,0,0,17.1921197281817,0.993262575257732,16.7180006070536,0.927915706853843
399,72,21,0,0,29.21,0,0,16.6316776344263,0.966236436138921,16.3536793408657,0.908555926468008
400,80,27,1,1,29.19,0.44,0.83,15.5904096860415,0.969642301148046,16.0749526217765,0.978730596858715
401,61,20,1,0,29.36,0.12,0.06,11.048196270827,0.966530217179315,12.0883152079486,0.141840503908673
402,61,17,0,0,29.42,0,0,19.1352475344638,0.921574120872693,17.2816179456572,0.933940279363359
403,68,18,0,0,29.31,0,0,13.5575731071883,1.00486573245539,14.1779880620586,0.996732059577763
404,80,23,0,0,29.18,0,0,12.0216409366304,0.911177807446444,13.1155290375629,0.810886880186187
405,66,22,1,0,29.2,0.02,0,14.3371068333596,0.955385582731786,17.3163214539601,0.958375317334191
406,74,28,1,0,29.14,0.04,0,12.1823638440096,1.05140031203217,13.7351078760937,1.03595374142386
407,82,34,1,1,29.06,0.45,0.3,12.6413671639411,1.0068373154097,12.3042330003369,0.926236228903527
408,67,25,0,0,29.23,0,0,14.6112107895958,1.00923610058825,15.4338893943281,1.0940126609208
409,67,24,1,0,29.15,0.01,0.04,11.3448087964133,0.968025253148879,14.061797864354,0.917975234765134
410,60,23,1,0,29.11,0.01,1.14,16.7311580234388,0.981156890210719,15.3465546528998,0.929738935510698
411,72,24,0,0,29.24,0,0,11.1275750174246,0.975050277319761,15.2951659155589,0.986095320211217
412,66,24,1,0,29.28,0.33,0.31,15.1086051568419,1.00401925346131,14.6902266148496,0.963525377788299
413,76,26,0,0,29.29,0,0,16,1,16,1
414,81,27,0,0,29.28,0,0,15,1,15,1
415,71,30,1,0,29.15,1.23,1.07,16,1,16,1
416,73,32,0,0,29.16,0,0,16,1,16,1
417,81,36,0,1,29.08,0.12,0.11,16,1,17,1
418,88,39,1,1,28.97,3.97,0.87,17,1,17,1
419,88,39,0,0,29.08,0,0,16,1,16,1
420,86,38,1,0,29.12,0.01,0,16,1,15,1
421,89,40,0,1,29.09,0.09,0.06,16,1,15,1
422,92,42,0,0,29.16,0,0,16,1,15,1
423,93,42,0,0,29.16,0.04,0.78,15,1,15,1
424,93,42,0,0,29.08,0,0,15,1,15,1
425,86,36,0,0,29.2972789666753,0,0,15,1,15,1
426,90,36,1,0,29.1,0.3,0.05,15,1,15,1
427,83,31,0,0,29,0,0,15,1,15,1
428,78,30,0,0,28.89,0,0,14,1,14,1
429,68,27,0,0,28.95,0,0,14,1,14,1
430,65,26,1,0,29.07,0,0.02,15,1,15,1
431,73,29,0,0,29.26,0,0,15,1,15,1
432,79,31,0,0,29.36,0,0,15,1,15,1
433,69,31,1,0,29.26,0.2,0.12,16,1,16,1
434,82,33,0,0,29.2,0.05,0.03,16,1,17,1
435,85,32,0,0,29.14,0,0,16,1,17,1
436,76,30,0,0,29.18,0,0,16,1,18,1
437,68,28,1,0,29.28,0.06,0.17,17,1,19,1
438,80,33,0,0,29.35,0,0,16,1,18,1
439,84,37,1,0,29.34,0.08,0.12,16,1,18,1
440,85,36,0,1,29.34,0.25,1.12,16,1,18,1
441,82,29,0,0,29.35,0,0,16,1,18,1
442,78,28,0,0,29.36,0,0,16,1,18,1
443,81,29,0,0,29.34,0,0,16,1,17,1
444,86,36,1,1,29.18,0.68,0.32,17,1,17,1
445,82,32,0,0,29.17,0,0.17,16,1,16,1
446,70,26,1,0,29.15,0,0,16,1,15,1
447,73,27,0,0,29.31,0,0,16,1,15,1
448,73,28,0,0,29.39,0,0,16,1,15,1
449,76,30,0,0,29.36,0,0,16,1,15,1
450,82,32,0,0,29.28,0.04,0,15,1,16,1
451,79,33,0,0,29.23,0,0,14,1,16,1
452,79,33,0,0,29.21,0,0.1,13,1,15,1
453,83,34,1,1,29.08,0.14,0.19,14,1,16,1
454,81,34,0,0,29.02,0,0,13,1,15,1
455,82,34,0,0,29.13,0,0,12,1,15,1
456,84,36,1,0,29.13,0.02,0.03,13,1,15,1
457,86,36,0,0,29.08,0.01,0.01,12,1,15,1
458,79,30,0,0,29.13,0,0,12,1,15,1
459,80,32,0,0,29.15,0,0,12,1,15,1
460,82,31,0,0,29.23,0,0,11,1,14,1
461,75,32,0,0,29.18,0,0.01,11,1,15,1
462,79,28,0,0,29.2,0,0,11,1,14,1
463,86,35,1,0,29.1,0.07,0.06,11,1,14,1
464,86,37,0,0,29.17,0,0,11,1,14,1
465,79,32,0,0,29.34,0,0,10,1,14,1
466,81,29,0,0,29.39,0,0,10,1,13,1
467,74,32,1,0,29.36,0.33,0.23,11,1,14,1
468,89,42,1,1,29.2,0.02,0.08,12,1,15,1
469,92,44,0,0,29.23,0.18,0.02,12,1,15,1
470,86,39,0,0,29.24,0,0,12,1,15,1
471,81,35,0,0,29.3,0,0,11,1,14,1
472,82,32,0,0,29.39,0,0,11,1,14,1
473,86,32,0,0,29.38,0,0,11,1,14,1
474,88,35,0,0,29.38,0,0,11,1,14,1
475,89,37,0,0,29.32,0,0,10,1,13,1
476,90,40,1,1,29.27,0.63,0.27,11,1,13,1
477,83,40,1,0,29.28,0.33,0.59,12,1,14,1
478,84,35,0,0,29.28,0,0,11,1,13,1
479,81,35,0,1,29.08,0.35,0.61,11,1,13,1
480,79,34,1,0,28.93,0.07,0.12,12,1,14,1
481,74,30,1,0,29.07,0.16,0.05,13,1,14,1
482,69,26,0,0,29.31,0,0,12,1,13,1
483,73,28,0,0,29.38,0,0,12,1,13,1
484,79,31,0,0,29.41,0,0,11,1,12,1
485,82,34,0,0,29.33,0,0,11,1,12,1
486,72,34,1,0,29.36,0.93,0.54,12,1,13,1
487,67,32,1,0,29.36,0.95,1.19,13,1,14,1
488,71,32,1,0,29.18,0.22,0.28,14,1,15,1
489,69,26,0,0,29.18,0.02,0.01,13,1,16,1
490,66,22,0,0,29.44,0,0,13,1,16,1
491,67,21,0,0,29.55,0,0,12,1,16,1
492,71,24,0,0,29.57,0,0,12,1,16,1
493,72,25,0,0,29.51,0,0,12,1,16,1
494,75,29,0,0,29.42,0,0,12,1,16,1
495,75,29,0,0,29.44,0,0,12,1,15,1
496,78,31,0,0,29.49,0,0,12,1,15,1
497,77,33,0,0,29.47,0.03,0,12,1,16,1
498,77,32,0,0,29.39,0,0,11,1,15,1
499,78,34,0,0,29.36,0,0,11,1,15,1
500,77,35,0,0,29.42,0,0,11,1,14,1
501,80,35,0,0,29.48,0,0,10,1,13,1
502,78,33,0,0,29.44,0,0,10,1,12,1
503,78,33,0,0,29.41,0,0,10,1,12,1
504,79,30,0,0,29.39,0,0.01,10,1,12,1
505,84,31,0,0,29.34,0,0,10,1,12,1
506,83,33,0,0,29.36,0,0,10,1,11,1
507,72,29,0,0,29.49,0,0,10,1,11,1
508,71,26,0,0,29.45,0,0,9,1,11,1
509,79,28,0,0,29.46,0,0,9,1,11,1
510,75,29,0,0,29.48,0,0,9,1,11,1
511,71,29,1,0,29.28,0.75,0.44,10,1,12,1
512,69,31,0,0,29.26,0,0,9,1,11,1
513,76,36,1,0,29.28,0,0.04,9,1,10,1
514,76,33,0,0,29.42,0,0,9,1,10,1
515,71,33,0,0,29.44,0,0,9,1,10,1
516,70,29,1,0,29.39,0.16,0.02,10,1,11,1
517,66,28,0,0,29.15,0,0,10,1,11,1
518,74,27,0,1,28.84,0.08,0.48,10,1,12,1
519,63,18,1,0,28.91,0.01,0,11,1,13,1
520,58,17,0,0,29.28,0,0,11,1,13,1
521,61,17,0,0,29.39,0,0,10,1,13,1
522,59,18,1,1,29.13,0.89,0.59,10,1,13,1
523,56,17,1,0,28.8,0.21,0.17,11,1,14,1
524,58,18,1,0,29.02,0.11,0.03,12,1,14,1
525,61,16,0,0,29.28,0,0,11,1,13,1
526,61,16,0,0,29.29,0,0,10,1,12,1
527,62,19,1,0,28.9,0.03,0.05,11,1,13,1
528,60,15,0,0,29.24,0,0,11,1,13,1
529,54,18,1,0,29.18,0.12,0.14,12,1,14,1
530,52,15,1,0,29.21,0.46,0.43,13,1,15,1
531,48,5,0,0,29.49,0,0,12,1,14,1
532,45,2,0,0,29.6,0,0,11,1,13,1
533,49,9,1,0,29.44,0.02,0,11,1,13,1
534,48,8,0,0,29.6,0,0,11,1,12,1
535,48,10,1,0,29.4,0.03,0.03,12,1,13,1
536,44,9,1,0,29.26,0.29,0.33,13,1,14,1
537,46,9,1,0,29.41,0.04,0.08,14,1,15,1
538,52,9,1,0,29.57,0,0.01,15,1,15,1
539,53,9,0,0,29.49,0,0,15,1,15,1
540,66,16,0,0,29.25,0,0,15,1,15,1
541,64,21,1,0,29.31,0.03,0.05,16,1,16,1
542,70,24,0,0,29.25,0,0.01,16,1,16,1
543,58,20,1,0,29.18,1.03,0.84,17,1,17,1
544,62,20,1,0,28.73,0.89,1.29,18,1,18,1
545,49,10,1,0,29.03,0.04,0.05,19,1,19,1
546,63,17,1,0,29.26,0.27,0.24,20,1,20,1
547,55,18,1,0,29.28,0.11,0.13,21,1,21,1
548,52,17,1,0,29.19,0.06,0.16,22,1,22,1
549,58,20,0,0,29.28,0,0,22,1,22,1
550,60,21,1,0,29.21,0.6,1.05,23,1,23,1
551,68,25,1,0,28.79,0.81,1.15,24,1,24,1
552,47,7,0,0,29.18,0,0.01,24,1,24,1
553,71,28,1,0,28.89,0.11,0.01,14.2437109550223,1.01006619452536,12.3652972596364,0.8845149351606
554,68,25,1,0,28.9,0.93,0.31,17.7495562817219,1.00361193758975,16.6523273892387,0.925004883224518
555,72,22,0,0,29.07,0,0,16.9328209510752,0.955458964687811,14.1532409139178,0.879532541839398
556,80,23,0,0,29.05,0,0,12.6098426112493,1.02545267018878,18.8340546335446,0.964341365313309
557,73,20,0,0,29.08,0,0,11.6697660505697,0.992350342758176,11.1994667448447,0.851425715180327
558,60,15,0,0,29.27,0.01,0.05,12.247462718069,0.964045919646219,13.3864488666846,0.92582127335218
559,59,18,1,1,28.98,0.72,0.74,12.6988217249457,0.967175041335628,16.5062990078193,0.893093970753226
560,50,10,1,0,29.36,0.02,0.08,10.5915189058887,0.964919487705085,12.4536902729406,1.05525669148297
561,56,9,0,0,29.59,0,0,8.19434042541455,0.912962463553213,8.06687733789456,0.91096473473024
562,58,11,1,0,29.47,0,0,15.9604205633242,0.92172718115709,11.5208018094968,0.901716901798831
563,59,17,1,0,29.16,0.97,0.72,14.2442902552447,0.948552757395417,15.3408079888409,0.908955471301895
564,53,16,1,1,29.36,0.12,0.14,12.0419882496431,0.942526055075877,13.9100096012776,0.907410673767295
565,78,26,1,1,29.23,1.49,0.97,14.932572178347,0.927464057821361,14.6620944061864,0.874369661294675
566,67,20,0,0,29.46,0,0,11.5246735248683,1.00426717965299,14.2774625000071,1.11731138629891
567,63,17,0,0,29.53,0,0,7.89196997744763,0.924786391416796,8.53153946982095,0.897138153820119
568,66,19,0,0,29.44,0,0,16.9595846500574,0.984991176675659,16.9717136235173,0.957167182550631
569,60,18,1,0,29.29,0.01,0.11,14.4673835194434,0.980256528822058,14.394618493241,0.959262390553814
570,62,17,0,0,29.26,0,0,18.0856912728573,0.944274494513147,18.226029511224,0.892414561656612
571,73,19,0,0,29.31,0,0,10.7824989434518,0.969966067318259,14.0647186832529,0.93243901705768
572,72,24,1,0,29.29,0.05,0.09,8.86078368247814,0.969996752237826,9.69265644240954,0.00656772367201519
573,72,29,1,0,29.15,0.21,0.4,13.6177545031346,0.0641411492642381,12.6594180129805,0.0524279478881303
574,72,30,0,0,29.23,0,0.01,6.23387904578269,0.992643370577753,10.2347718690001,0.951253346875596
575,89,38,0,0,29.26,0,0,13.8631638823249,0.972181341994814,11.8163536372848,0.974346876355167
576,91,40,0,0,29.33,0,0,9.35448427006336,1.01811081878663,12.4190998314916,1.06518842836611
577,87,37,0,0,29.33,0,0,8.62586141950743,0.969402044578999,9.53180072784195,0.963713888374362
578,85,37,1,0,29.29,0,0,11.9840698238355,0.948456805097748,12.5486835256227,0.90549645029285
579,77,28,0,0,29.31,0,0,13.1013421402316,1.06211824656012,13.7187332373877,1.04468662458456
580,76,27,0,0,29.28,0,0,7.46786145669667,1.01548423526719,7.45809488021723,1.04892493875282
581,84,32,0,0,29.23,0,0,13.0206559586928,0.996431214547212,12.8590958568138,1.08015009524547
582,91,35,0,1,29.16,0,0,15.7773229432008,0.977088333582346,13.9404093086759,0.917805685127938
583,84,36,1,1,29.15,0.26,1.57,6.87788865985851,0.960678689823378,11.9615124584041,0.957985362332826
584,84,36,0,0,29.1,0,0,15.914526145974,1.00543108151569,11.7831055900441,0.947571177875229
585,77,33,1,1,29,1.02,1.3,14.4727778985866,1.00888804002588,13.1035814439999,0.984474554935567
586,71,24,0,0,29.1,0,0,18.4781551587068,0.968171886436265,19.9404327798819,0.890377692833548
587,83,33,0,0,29,0,0,13.1764665392676,0.997417653192467,8.69665032387277,0.918409475016614
588,79,35,1,0,28.95,0.15,0.51,13.5764103882035,0.985520254341175,13.1214591583248,0.920486782986877
589,75,28,1,0,29.16,0,0,14.7819390790351,0.985222557290035,18.4043373767358,0.881913242291999
590,69,24,0,0,29.34,0,0,11.0902768166161,0.925148279966897,13.0480585392872,0.859539507417754
591,67,28,1,0,29.22,0.45,0.33,22.9583002956448,0.981529084993102,22.4175004424539,0.989264058362176
592,83,32,0,0,29.13,0,0,12.0633812447614,1.00953111830507,14.0496009696925,0.942043712016134
593,75,29,0,0,29.26,0,0,12.456096054204,0.998543097346693,13.249087488975,1.01751430341947
594,88,40,0,1,29.18,0.02,0.41,12.2147878657448,1.02970777578345,15.8243362293522,1.05574321828365
595,77,34,1,0,29.25,0.34,0.12,18.1729612708285,0.948389579212607,13.6951187262524,0.956512206963568
596,73,32,1,0,29.26,0.25,0.25,21.4606997502897,0.988622613098877,19.9407508305505,0.956596541589394
597,72,32,1,0,29.23,0,0.01,20,1,20,1
598,79,36,1,0,29.16,0.59,0.88,20,1,20,1
599,86,34,0,0,29.28,0,0,19,1,19,1
600,84,36,0,0,29.3,0,0,19,1,19,1
601,91,38,1,1,29.18,0.87,0.66,20,1,19,1
602,86,35,0,0,29.24,0,0,20,1,19,1
603,80,34,0,0,29.34,0,0,20,1,19,1
604,85,38,0,1,29.26,0.22,0.4,19,1,18,1
605,86,40,0,0,29.28,0,0,18,1,17,1
606,87,40,1,1,29.16,0.87,1.23,19,1,18,1
607,81,34,0,0,29.33,0,0,18,1,17,1
608,84,35,0,0,29.28,0,0,17,1,16,1
609,88,38,1,1,29.1,0.85,0.7,17,1,15,1
610,87,41,0,0,28.9,0.54,0.88,16,1,14,1
611,82,34,0,0,29.08,0,0,16,1,14,1
612,73,28,0,0,29.41,0,0,16,1,14,1
613,76,26,0,0,29.54,0,0,16,1,14,1
614,77,26,0,0,29.59,0,0,15,1,13,1
615,83,29,0,0,29.47,0,0,15,1,13,1
616,87,32,0,0,29.31,0,0,15,1,13,1
617,92,40,0,0,29.2,0,0.03,14,1,12,1
618,90,39,0,0,29.2,0,0,13,1,11,1
619,91,41,1,0,29.26,0.37,0.04,14,1,12,1
620,94,42,0,0,29.34,0.2,0.05,14,1,12,1
621,87,41,1,0,29.27,0.16,0.15,15,1,13,1
622,87,36,0,0,29.26,0,0,15,1,13,1
623,89,36,0,0,29.23,0,0.01,14,1,13,1
624,85,36,1,1,29.08,0.79,0.77,15,1,14,1
625,84,37,1,0,29.05,0,0.01,16,1,14,1
626,84,37,1,0,29.18,0.17,0.02,17,1,14,1
627,91,42,0,0,29.25,0,0,17,1,14,1
628,92,42,0,0,29.21,0.01,0,16,1,13,1
629,90,37,0,0,29.23,0,0,16,1,13,1
630,92,39,0,0,29.18,0,0,15,1,12,1
631,91,42,0,0,29.1,0.01,0.29,15,1,12,1
632,84,39,1,0,29.18,0.01,0,16,1,13,1
633,85,39,0,0,29.21,0,0,15,1,12,1
634,90,40,0,0,29.29,0,0,14,1,11,1
635,90,43,1,0,29.16,0.01,0.02,15,1,11,1
636,95,43,1,1,29.15,2.79,3.15,15,1,11,1
637,87,41,1,1,29.16,3.64,4.73,16,1,12,1
638,81,35,0,0,29.36,0,0.52,16,1,12,1
639,84,36,0,0,29.38,0,0,16,1,11,1
640,88,40,0,0,29.28,0,0,15,1,10,1
641,91,44,0,0,29.24,0,0,14,1,9,1
642,81,34,0,0,29.36,0,0,13,1,8,1
643,79,34,1,0,29.25,0,0,13,1,8,1
644,78,35,1,0,29.14,0.68,0.6,14,1,9,1
645,84,37,0,0,29.23,0,0,14,1,9,1
646,84,39,1,0,29.26,0,0.08,14,1,10,1
647,87,42,1,1,29.2,0.28,1.6,15,1,11,1
648,81,42,1,1,29.15,0.48,0.57,16,1,12,1
649,84,36,0,0,29.13,0,0,16,1,12,1
650,82,33,0,0,29.22,0,0,16,1,12,1
651,84,36,0,0,29.2,0,0,15,1,11,1
652,87,39,0,0,29.13,0.08,0.05,15,1,12,1
653,89,42,0,0,29.2,0.15,0,15,1,12,1
654,88,43,0,0,29.23,0,0,14,1,12,1
655,90,43,0,0,29.13,0,0,14,1,12,1
656,89,43,0,0,29.13,0,0,14,1,12,1
657,93,43,1,0,29.07,0.25,0.66,15,1,12,1
658,88,41,0,0,29.11,0,0,15,1,12,1
659,84,37,0,0,29.21,0,0,15,1,12,1
660,80,31,0,0,29.31,0,0,15,1,12,1
661,79,32,1,0,29.36,0.03,0.03,16,1,13,1
662,83,34,1,0,29.29,0.05,0.04,17,1,14,1
663,87,38,0,0,29.18,0,0,17,1,14,1
664,93,40,1,0,29.11,0.03,0,17,1,14,1
665,86,40,1,0,29.13,0.45,0.59,18,1,15,1
666,80,37,0,0,29.35,0,0,17,1,14,1
667,78,36,0,0,29.34,0,0,17,1,14,1
668,81,35,0,0,29.29,0,0,17,1,14,1
669,79,28,0,0,29.38,0,0,16,1,13,1
670,78,28,0,0,29.44,0,0,15,1,13,1
671,83,30,0,0,29.39,0,0,14,1,13,1
672,87,30,0,0,29.36,0,0,14,1,13,1
673,93,38,0,0,29.39,0,0,14,1,13,1
674,88,39,0,0,29.39,0,0,14,1,13,1
675,92,41,0,0,29.28,0,0,14,1,13,1
676,80,39,1,0,29.21,0.17,0.14,15,1,14,1
677,83,39,1,1,29.09,1.55,0.92,15,1,14,1
678,72,26,0,0,29.11,0,0,15,1,14,1
679,68,20,1,0,29.25,0,0,16,1,14,1
680,77,25,0,0,29.21,0,0,15,1,15,1
681,84,29,0,0,29.12,0,0,14,1,14,1
682,79,27,0,0,29.21,0,0,13,1,13,1
683,71,23,0,0,29.39,0,0,13,1,13,1
684,68,24,0,0,29.36,0,0,13,1,13,1
685,72,26,0,0,29.24,0,0,13,1,13,1
686,75,28,1,0,29.15,0.24,0.16,14,1,14,1
687,83,28,0,0,29.29,0,0,14,1,14,1
688,82,29,0,0,29.29,0,0,13,1,13,1
689,77,26,0,0,29.38,0,0,12,1,12,1
690,75,28,1,0,29.25,0,0.04,13,1,12,1
691,70,28,0,0,29.19,0.16,0.03,12,1,12,1
692,74,25,0,0,29.36,0,0,11,1,11,1
693,66,27,1,1,29.42,0.35,0.22,11,1,10,1
694,68,24,1,0,29.46,0,0.01,12,1,11,1
695,77,33,0,0,29.29,0,0,12,1,11,1
696,89,36,1,1,29.16,0.05,0.03,13,1,12,1
697,75,32,0,0,29.31,0,0,13,1,11,1
698,90,37,0,0,29.15,0,0,13,1,11,1
699,79,28,1,0,29.18,0.26,0.2,14,1,12,1
700,60,18,1,0,29.4,0,0,15,1,12,1
701,60,19,1,0,29.4,0,0.05,16,1,13,1
702,63,19,1,0,29.18,0,0.01,16,1,13,1
703,70,20,0,0,29.07,0,0,16,1,13,1
704,76,23,0,0,29.09,0,0,16,1,13,1
705,75,24,0,0,29.23,0,0,16,1,13,1
706,74,21,1,0,29.31,0.08,0.02,16,1,13,1
707,55,16,1,0,29.47,0.26,0.25,16,1,13,1
708,57,13,1,0,29.64,0.08,0.01,17,1,14,1
709,59,14,0,0,29.65,0,0,16,1,13,1
710,66,15,0,0,29.59,0,0,15,1,12,1
711,78,21,0,0,29.33,0,0,15,1,12,1
712,76,20,0,0,29.36,0,0,15,1,12,1
713,79,20,0,0,29.31,0,0,15,1,12,1
714,87,28,0,0,29.25,0,0,15,1,12,1
715,84,28,0,0,29.16,0,0,15,1,12,1
716,81,28,0,0,29.12,0,0,15,1,12,1
717,76,28,0,0,29.21,0,0,15,1,12,1
718,63,22,0,1,29.35,0.1,0.26,15,1,13,1
719,66,14,0,0,29.21,0,0,15,1,13,1
720,62,16,0,0,29.34,0,0,15,1,13,1
721,71,17,0,0,29.31,0,0,14,1,12,1
722,64,16,0,0,29.35,0,0,13,0,11,0
723,60,16,0,0,29.29,0,0,13,0,11,0
724,61,13,0,0,29.23,0,0,12,0,11,0
725,70,15,0,0,29.03,0,0,12,0,10,0
726,56,9,0,0,29.25,0,0,12,0,10,0
727,65,11,0,0,29.34,0.02,0.01,12,0,10,0
728,67,21,1,1,29.2,0.1,0.21,13,0,11,0
729,73,26,0,1,28.98,0.05,1.01,13,1,12,0
730,72,29,0,0,28.74,0,0.01,13,1,12,0
731,71,23,1,0,28.55,0.24,0.4,13,1,12,0
732,65,14,0,0,28.92,0,0,13,1,12,0
733,46,7,0,0,29.43,0,0,13,1,12,0
734,50,5,0,0,29.48,0,0,13,1,12,0
735,63,11,0,0,29.14,0,0,12,1,12,0
736,52,9,0,0,29.49,0,0,12,1,11,0
737,64,17,0,0,29.26,0,0,12.7382475069726,0.981809777698625,10.9879051882188,0.937797161014972
738,60,11,0,0,29.46,0,0,12.2869198466784,0.896617684461208,12.3015569545464,0.81722202040217
739,51,7,0,0,29.5,0,0,8.47746498640436,0.906449681513375,8.8459605844519,0.874337027200555
740,57,9,0,0,29.63,0,0,6.91654399775782,0.881160071124923,8.02089783683608,-0.134459134062863
741,62,15,1,0,29.33,0.06,0.1,18.6968954149783,0.976438061348799,18.1954645241879,1.00524640730196
742,69,18,0,0,29.11,0,0,16.0004540174833,0.946335838447159,14.058104494547,0.850787860993589
743,60,19,0,0,29.13,0,0,16.0232862921095,0.989963331998961,14.308755829874,0.915640760474752
744,68,19,0,0,29.27,0,0,10.5118246915669,0.955962458185793,12.6224768597895,0.904199531909439
745,74,24,0,0,29.15,0,0,19.4806316399105,0.990726883831873,18.648922158373,1.00728878204995
746,91,35,0,0,29,0,0,9.37588400058048,1.0022045379112,10.219076193671,0.954088808169623
747,88,38,0,0,29.1,0.13,0.28,11.8537029908026,1.0525526322805,12.7068801037065,1.01941372735345
748,87,35,0,0,29.08,0.29,0.02,15.54013244577,1.02033001362494,15.6568566788808,1.02581507579353
749,77,26,0,0,29,0.02,0.01,8.91825756435472,0.986239680884725,12.0446492240815,0.90323206375495
750,51,16,1,0,29.01,0.31,0.43,10.7918514382886,0.92150042040305,10.640932443794,0.84421510149441
751,48,11,1,0,29.15,0.31,0.37,16.5064405012689,0.956402218197443,15.4508204805751,0.920077103440773
752,53,9,0,0,29.28,0,0,16.1140680903351,0.963773387130883,13.1447986152792,0.99429758246716
753,60,13,0,0,29.21,0,0,14.228840344755,0.940326895642069,16.5198736657461,0.896765714256325
754,61,20,1,0,29.16,0.07,0.03,19.0843779342123,0.954841832246855,14.0367035531483,0.968143842148569
755,73,24,0,0,29.29,0,0,18.7409132696115,1.04437214397946,18.5719200441313,1.05301460374603
756,72,25,0,0,29.3,0,0,18.6766053665018,0.978209365223898,19.0907795542862,0.9507410191611
757,76,31,0,0,29.13,0.01,0,15.5909386388908,1.00204803235157,15.034464667501,1.04351911188396
758,88,34,0,1,28.95,0.58,0.12,14.7686398889575,0.998715352373169,15.502574343491,0.880574657809543
759,80,33,0,0,28.92,0,0,11.1739190034196,0.983032800940745,13.4702963481256,0.861310552046482
760,69,22,0,0,29.15,0.11,0.01,12.7704580843363,1.00576290443082,12.1477057934387,0.96253826742138
761,75,24,1,1,28.92,2.24,1.9,13.0859365890343,1.00313345839534,12.5709693893813,0.9259893467201
762,50,12,1,0,29.15,1.06,0.61,15.6932231547093,0.963138483911015,14.703654859747,0.923955139239854
763,58,15,1,0,29.21,0,0.01,16.3961064118538,0.975186352033164,16.3151589206479,0.986906861046429
764,64,26,1,1,29.1,0.12,0.23,14.1241426203775,1.02039853724931,20.8849404622864,1.03233633016831
765,72,30,1,1,29.16,1.88,0.92,13.1256265304235,0.956994235393423,13.4119351728994,0.906260081287561
766,90,39,0,0,29.26,0,0,9.56396561147204,0.997146388232592,9.73845450319001,0.914325235187663
767,88,39,1,0,29.34,0.08,0,15.724558274156,1.01310028021285,15.2845869992249,1.10065240997758
768,82,28,0,0,29.44,0,0,12.5253765513691,0.997649273318099,17.4013314105861,1.03984314411385
769,69,22,1,0,29.45,0.02,0,19.2780820362785,0.959339747251548,14.0339647498848,1.04495616041717
770,88,36,1,0,29.31,0.01,0.18,11.1048119942905,0.958272242454628,12.7626231897414,0.951518405917446
771,91,38,0,0,29.31,0.18,0.5,19.2058907624994,1.01596431868286,18.8140409532105,1.00910133264304
772,84,31,0,0,29.36,0,0.01,7.53433186421781,1.02712990677273,6.69885897013989,1.02871715670978
773,94,38,0,0,29.15,0,0,16.6627148254427,1.00161722547032,13.7335211352395,0.945905318057766
774,96,41,0,0,29.11,0,0,13.434720724248,1.04741366265135,13.7089268286521,1.08474253849922
775,96,40,0,1,29.13,0.17,0.69,5.32453498708069,1.0730659624169,7.9796770173664,0.101365005159364
776,69,25,0,1,29.28,0.93,2.17,10.6171146818075,0.914409552473691,12.3506493059359,0.912822033749436
777,71,27,0,1,29.21,0.52,0.44,14.4391074161794,0.992767040963109,14.3362535630461,0.962008081829269
778,65,25,1,1,29.24,0.03,0.1,13.8238583625686,0.971323764810179,19.1160177509684,1.00573182965345
779,64,21,0,0,29.38,0,0,9.58355768362141,0.967310872378033,12.6677831247512,0.961039681125655
780,71,22,0,0,29.39,0,0,13.2852433196561,0.966408907165077,12.2064600710385,0.986602991067367
781,77,26,0,0,29.25,0,0,13,1,18,1
782,72,31,1,1,29,0.8,0.84,14,1,19,1
783,81,32,1,0,29.05,0.04,0.03,15,1,20,1
784,82,34,0,0,29.13,0,0,15,1,19,1
785,83,35,0,0,29.1,0,0,15,1,19,1
786,83,38,0,0,29.03,0,0,14,1,18,1
787,80,38,0,1,29.01,0.18,1.23,14,1,18,1
788,89,42,1,1,28.92,0.45,0.08,15,1,19,1
789,75,34,0,0,28.89,0.02,0.02,15,1,20,1
790,72,32,1,0,28.9,0.01,0.05,16,1,20,1
791,68,28,0,0,29.08,0,0,16,1,20,1
792,78,29,1,0,29.21,0,0,17,1,20,1
793,80,30,0,0,29.23,0,0,17,1,20,1
794,80,36,1,0,29.08,0.03,0.14,18,1,20,1
795,81,30,0,0,29.28,0,0,17,1,19,1
796,80,31,0,0,29.35,0,0,16,1,18,1
797,89,36,1,1,29.28,0,0.03,17,1,18,1
798,89,37,1,0,29.24,0,0.01,18,1,18,1
799,93,43,0,0,29.25,0,0,17,1,17,1
800,86,34,0,0,29.28,0,0,17,1,17,1
801,88,32,0,0,29.26,0,0,17,1,17,1
802,92,37,0,0,29.25,0,0,17,1,17,1
803,87,36,0,0,29.27,0,0,17,1,16,1
804,81,32,1,0,29.22,0,0.07,18,1,17,1
805,86,32,0,0,29.17,0,0,18,1,17,1
806,90,37,0,0,29.21,0,0,17,1,16,1
807,91,41,0,0,29.18,0,0,16,1,15,1
808,90,43,0,1,29.12,0.39,0.13,15,1,14,1
809,88,38,1,0,29.25,0.01,0.01,15,1,14,1
810,74,32,0,0,29.35,0,0,14,1,13,1
811,82,32,0,0,29.3,0,0,14,1,13,1
812,86,36,0,0,29.27,0,0,13,1,13,1
813,90,37,0,0,29.32,0,0,13,1,14,1
814,95,43,0,0,29.35,0,0,12,1,13,1
815,93,46,0,0,29.23,0.01,0,11,1,14,1
816,92,46,0,0,29.17,0,0,11,1,14,1
817,100,46,0,0,29.08,0.02,0,11,1,14,1
818,101,46,0,0,29.1,0.02,0,11,1,14,1
819,100,43,0,1,29.18,1.55,0.14,11,1,15,1
820,87,42,1,1,29.23,6.86,0.04,12,1,16,1
821,87,41,0,1,29.26,0.18,0.02,12,1,15,1
822,90,40,0,0,29.2,0,0.01,12,1,14,1
823,85,37,0,0,29.18,0,0.01,11,1,13,1
824,92,40,0,0,29.13,0.71,0,11,1,13,1
825,88,43,1,0,29.2,0.7,0,12,1,14,1
826,86,41,0,1,29.28,0.7,0.36,12,1,14,1
827,91,40,0,0,29.35,0,0,11,1,13,1
828,91,42,0,0,29.35,0,0,10,1,12,1
829,91,44,0,0,29.28,0,0,10,1,12,1
830,93,46,0,1,29.04,0.43,0.28,10,1,12,1
831,87,40,0,0,29.11,0,0,10,1,12,1
832,82,39,0,0,29.25,0,0,10,0,11,1
833,84,40,0,0,29.21,0,0,9,0,11,1
834,85,41,1,0,29.1,0.18,0.69,10,1,11,1
835,87,41,1,0,29.03,0.75,0.49,10,1,10,1
836,80,39,1,1,29,0.63,0.29,11,1,11,1
837,82,35,0,0,28.97,0,0.01,10,1,11,1
838,78,30,0,0,29.14,0,0,10,1,11,1
839,81,30,0,0,29.25,0,0,9,1,10,1
840,82,33,0,0,29.22,0,0,9,1,10,1
841,84,35,1,1,29.15,0.75,0.93,10,1,11,1
842,75,32,1,0,29.24,0,0.01,10,1,12,1
843,80,31,0,0,29.28,0,0,9,1,12,1
844,83,32,0,0,29.32,0,0,9,1,12,1
845,83,36,0,0,29.31,0,0,9,1,12,1
846,85,36,0,0,29.23,0,0,9,1,12,1
847,86,37,0,0,29.18,0,0,9,1,12,1
848,79,38,1,1,29.22,1.11,0.39,10,1,13,1
849,81,33,1,0,29.26,0,0.01,10,1,13,1
850,82,33,0,0,29.3,0,0,10,1,13,1
851,74,34,1,1,29.1,0.65,0.4,11,1,13,1
852,91,39,0,0,28.99,0,0,11,1,13,1
853,80,33,0,0,29.26,0,0,11,1,13,1
854,83,33,0,0,29.26,0,0,10,1,12,1
855,83,35,0,0,29.21,0,0,10,1,12,1
856,77,30,0,0,29.22,0,0,10,1,12,1
857,78,31,0,0,29.31,0,0,10,1,12,1
858,79,30,1,0,29.33,0.04,0.02,11,1,12,1
859,88,38,0,0,29.23,0,0.05,11,1,13,1
860,94,44,0,0,29.2,0,0,11,1,12,1
861,94,43,0,0,29.18,0,0,11,1,12,1
862,87,40,0,0,29.16,0.02,0.15,11,1,13,1
863,74,30,1,0,29.24,0,0,12,1,13,1
864,67,22,0,0,29.39,0,0,12,1,12,1
865,66,23,0,0,29.44,0,0,11,1,11,1
866,70,24,0,0,29.42,0,0,11,1,11,1
867,74,28,1,0,29.34,0,0.06,12,1,12,1
868,72,32,1,0,29.23,0.02,0.11,13,1,13,1
869,76,32,0,0,29.29,0,0.01,13,1,13,1
870,83,33,0,0,29.27,0,0,12,1,12,1
871,86,34,0,0,29.18,0,0,12,1,12,1
872,76,30,0,0,29.2,0,0,12,1,12,1
873,60,20,1,0,29.39,0.08,0,13,1,13,1
874,60,14,0,0,29.61,0,0,13,1,13,1
875,59,16,0,0,29.59,0,0,13,1,13,1
876,69,21,0,0,29.53,0,0,13,1,13,1
877,66,26,1,0,29.34,0.43,0.34,14,1,14,1
878,68,29,1,0,29.24,0.24,0.41,15,1,14,1
879,75,27,0,0,29.26,0,0.01,14,1,13,1
880,72,25,0,0,29.23,0,0,13,1,14,1
881,63,21,0,0,29.36,0,0,12,1,13,1
882,62,20,1,0,29.33,0,0.02,13,1,13,1
883,63,21,1,0,29.26,0.14,0.07,14,1,14,1
884,65,24,1,0,29.13,0.08,0.23,15,1,15,1
885,63,22,1,0,28.92,1.21,0.9,16,1,16,1
886,63,24,1,0,29,0.31,0.25,16,1,16,1
887,64,24,1,0,29.07,0.77,0.15,16,1,16,1
888,66,23,1,0,28.98,0.06,0.09,17,1,17,1
889,58,16,1,0,29.32,0.09,0.17,18,1,18,1
890,56,14,0,0,29.53,0,0,18,1,18,1
891,65,15,0,0,29.47,0,0,18,1,18,1
892,70,19,0,0,29.48,0,0,18,1,18,1
893,74,22,0,0,29.52,0,0,17,1,17,1
894,80,24,0,0,29.49,0,0,16,1,16,1
895,81,27,0,0,29.5,0,0,16,1,16,1
896,84,28,0,0,29.52,0,0,15,1,16,1
897,82,29,0,0,29.56,0,0,15,1,16,1
898,80,27,0,0,29.55,0,0,15,1,16,1
899,77,27,0,0,29.39,0,0,15,1,16,1
900,78,28,0,0,29.23,0,0,15,1,16,1
901,77,27,0,0,29.03,0,0,15,1,16,1
902,64,26,1,0,28.81,0.28,0.49,16,1,17,1
903,61,17,0,0,28.9,0,0,15,1,16,1
904,61,15,0,0,29.1,0,0,15,1,15,1
905,60,15,1,0,29.08,0.17,0.12,16,1,16,1
906,57,11,0,0,29.11,0,0,16,1,16,1
907,54,12,1,0,29.09,0.06,0.02,17,1,16,1
908,49,13,1,0,28.93,0.85,0.84,17,1,17,1
909,46,11,1,0,29,0.08,0.07,18,1,18,1
910,54,10,0,0,29.32,0,0,18,1,18,1
911,66,14,0,0,29.28,0,0,18,1,18,1
912,67,18,1,1,29.19,0.2,0.22,18,1,18,1
913,63,16,1,0,29.34,0,0.06,18,1,17,1
914,74,22,0,1,29.11,0.02,0.13,18,1,18,1
915,54,15,0,0,29.19,0,0,18,1,18,1
916,51,11,1,0,29.34,0.12,0.16,19,1,19,1
917,54,9,0,0,29.36,0.03,0,19,1,19,1
918,54,7,0,0,29.34,0,0,18,1,18,1
919,57,11,1,0,29.27,0.17,0.11,19,1,19,1
920,53,10,0,0,29.34,0,0,19,1,19,1
921,64,25,1,0,29.18,0.09,0.32,18.9551915960687,1.05189024604189,18.4751164578414,1.09177909483438
922,78,33,0,0,29.12,0,0,20.4082510167117,1.02690665401853,16.0244964475237,0.995720406678772
923,86,38,1,1,29.16,1.34,0.07,10.6807546649847,1.00714310257376,14.1735622161993,1.02235896526647
924,72,27,0,1,29.23,0.28,0.28,18.0574296535561,1.03953988236317,18.8334838638388,1.02295584360739
925,63,25,0,0,29.29,0,0,11.6411999962542,0.959380044662202,13.7689302886761,0.976955213690982
926,73,26,0,1,29.22,0.8,0.4,14.2089923755007,1.01954359738508,14.7770056835213,1.07535046759581
927,61,26,1,1,29.15,0.47,0.59,10.3790251719823,1.00004378369134,13.0585446629734,0.976846893737011
928,70,22,0,0,29.13,0,0.01,7.57072053495829,0.982767087125485,12.6577659877364,0.945474649885991
929,60,17,0,0,29.2,0.06,0,11.5499348252711,0.977960604565421,14.9361993256275,0.942599351396174
930,65,15,0,0,29.29,0,0,10.6171718442859,0.97046727062483,14.0509889404761,0.945110283168423
931,78,21,0,0,29.36,0,0,11.9281531364881,0.927286528714603,14.0577786082373,0.905359486620936
932,67,20,1,1,29.51,0.03,0.25,18.9997009243796,0.96964757033581,17.5807310924904,1.03966905780238
933,69,17,0,0,29.45,0,0,12.4717666154671,0.972438006981775,12.544522620312,0.973809415708359
934,78,20,0,0,29.31,0,0,9.90932496464481,0.94573261484328,8.46186625449819,0.936547131448139
935,84,25,1,0,29.18,0.05,0,16.1245762091799,0.96685479434482,16.1486734429838,0.993288516441506
936,63,15,0,0,29.38,0,0,12.0383677208881,0.97574546800292,12.1269263425247,0.953245145621298
937,71,20,0,0,29.38,0,0,12.1795070756729,0.948979241113335,8.4734205848488,0.903361485909103
938,85,23,0,0,29.29,0,0,9.30861717936238,0.995281388031166,11.5156881184309,0.106065864307098
939,91,31,0,0,29.29,0,0,4.98541206133822,0.976554272655987,9.01680210880914,0.930129969535603
940,92,34,1,1,29.28,0.14,0.14,15.5887220313052,0.973277729216628,13.8672245942153,0.972530349921778
941,65,21,0,0,29.39,0,0,15.6932901659383,0.958662859028148,14.0797847850034,1.02027834997539
942,68,20,0,0,29.28,0,0,13.2590936861364,0.969971121124646,14.3982439211551,1.04828359976932
943,82,23,0,0,29.1,0,0,15.2484176080214,1.00668247251139,12.2430033169818,1.0196585864608
944,90,32,0,0,28.97,0,0,14.4617116756878,1.0592761370964,12.5145513108364,1.01164938465257
945,80,28,0,0,29.31,0,0,6.27590171135582,0.992288467838581,5.19259867571603,0.963599865466013
946,82,31,0,0,29.37,0,0,18.0032284633093,0.99463772748883,13.1633020016961,1.03922628648678
947,97,37,0,0,29.16,0,0,6.10615659816742,0.991889131409157,8.17442225021142,0.9297550072548
948,94,37,1,0,29.03,0,0.02,9.28468537997439,1.02810044260324,8.84074334708941,0.998478713013224
949,85,28,0,0,29.1,0,0,17.7799156404682,0.965901490047119,19.2841923805108,0.850167483222986
950,69,22,0,0,29.22,0,0,18.8374510361152,0.993630487297662,16.7979424554366,0.968779147400717
951,55,17,1,0,29.2,1.12,0.97,16.5592641185861,0.950176768382115,16.4737493888757,0.921268607229565
952,64,18,1,0,29.07,0.01,0.03,11.0588606435368,0.955323185879807,14.2644104187495,0.918920223819294
953,74,24,0,0,29.03,0,0,11.7094869377342,1.0073700639227,12.9769123344761,0.953714226460637
954,80,27,0,0,29.1,0,0,18.6388582041872,0.954559817144678,18.6469776761049,0.88201949837656
955,74,25,0,0,29.18,0,0,17.9566864643817,0.949056396722695,18.3785218982855,0.85304152301856
956,69,25,0,0,29.29,0,0,16.5059218571061,1.02491253808507,17.0821722947274,1.06453400216263
957,74,25,0,0,29.36,0,0,17.2998524251016,0.987813319073728,17.2608883727633,0.996390381084891
958,78,25,0,0,29.38,0,0,9.31769221683201,1.03311265469663,12.5862388508553,1.06386579324706
959,87,29,0,0,29.26,0,0,14.0371796834788,0.982168099646122,19.3516997817587,0.986207270629162
960,89,31,0,0,29.18,0,0,13.1966695041807,0.979818582060459,11.5710456771288,0.923138311530877
961,92,34,0,0,29.2,0,0,14.6667843907552,1.06430417540322,14.3735364475352,1.12954825650533
962,90,38,0,0,29.12,0,0,12.0311366033856,1.02487017128167,15.362160976209,1.0503341949087
963,77,26,0,0,29.34,0,0,11.5069786968641,0.980106106215715,10.3858975994417,0.963356353215227
964,71,24,0,0,29.43,0,0,12.7789669554842,0.968436252436405,12.8099680472188,0.978270872889542
965,86,28,0,0,29.34,0,0,9,1,12,1
966,93,30,0,0,29.33,0,0,8,1,11,1
967,94,37,1,0,29.23,0.31,0.38,9,1,12,1
968,85,35,1,0,29.13,0.11,0.15,9,1,13,1
969,92,40,0,0,29.03,0,0,9,1,13,1
970,94,40,0,0,29.21,0,0,9,1,12,1
971,93,39,0,0,29.22,0,0,9,1,11,1
972,83,36,0,0,29.21,0.01,0.03,8,1,11,1
973,83,31,0,0,29.26,0,0,8,1,11,1
974,86,32,0,0,29.28,0,0,8,1,10,1
975,92,35,0,0,29.25,0,0,8,1,10,1
976,74,27,0,0,29.35,0,0,8,1,10,1
977,81,29,0,0,29.27,0,0,7,1,9,1
978,90,32,0,0,29.13,0,0,7,1,9,1
979,101,43,0,1,29.08,0.04,0.16,7,1,9,1
980,88,38,1,1,29.16,0.42,0.28,7,1,9,1
981,89,41,0,0,29.11,0,0,7,1,9,1
982,90,41,1,1,29.23,0,0.56,8,1,9,1
983,97,43,0,0,29.21,0,0,8,1,9,1
984,95,42,0,0,29.13,0,0,8,1,9,1
985,101,44,0,0,29.15,0,0,7,1,8,1
986,102,44,1,0,29.2,0.28,0,8,1,8,1
987,104,46,0,0,29.21,0,0,8,1,8,1
988,98,42,0,0,29.26,0,0,8,1,8,1
989,85,34,0,0,29.34,0,0,8,1,8,1
990,88,35,0,0,29.33,0,0,8,1,8,1
991,82,33,0,0,29.39,0,0,8,1,7,1
992,86,34,0,0,29.39,0,0,8,1,7,1
993,90,33,0,0,29.35,0,0,7,1,7,1
994,93,38,0,1,29.31,0.28,0,7,1,8,1
995,89,39,0,0,29.3,0,0,7,1,8,1
996,95,41,0,0,29.29,0,0,6,1,7,0
997,98,42,0,0,29.19,0,0,5,1,6,0
998,99,43,0,0,29.13,0,0,5,1,6,0
999,91,43,0,1,29.18,0.85,0.55,5,1,7,1
1000,85,41,1,1,29.2,0.8,0.89,6,1,8,1
1001,82,35,0,0,29.34,0,0,6,1,8,1
1002,89,38,0,0,29.34,0,0,6,1,8,1
1003,90,40,0,0,29.31,0,0.01,6,1,8,1
1004,98,43,0,0,29.2,0,0.01,6,1,9,1
1005,88,40,1,1,29.24,0.54,0.37,7,1,10,1
1006,101,42,0,0,28.99,0.01,0,7,1,11,1
1007,89,42,0,0,29,0.71,0.07,7,1,11,1
1008,87,38,0,0,29.17,0.03,0.01,7,1,11,1
1009,83,35,0,0,29.38,0,0,7,1,11,1
1010,88,35,0,0,29.31,0,0,7,1,12,1
1011,93,38,0,0,29.19,0,0,7,1,12,1
1012,86,39,0,1,29.21,0.16,0.17,6,1,11,1
1013,89,38,0,0,29.19,0,0,5,1,10,1
1014,93,38,0,0,29.13,0,0,5,1,10,1
1015,94,41,0,0,29.16,0,0,5,1,10,1
1016,95,41,0,1,29.15,0.37,1.02,5,1,10,1
1017,85,35,0,0,29.35,0,0,5,1,9,1
1018,86,33,0,0,29.35,0,0,5,1,9,1
1019,94,36,0,0,29.21,0,0,5,1,9,1
1020,84,37,1,0,29.24,0,0.01,6,1,10,1
1021,77,35,1,1,29.16,0.05,0,7,1,11,1
1022,76,30,1,1,29.2,0.18,0.4,8,1,12,1
1023,79,28,0,0,29.26,0,0,8,1,12,1
1024,77,30,0,0,29.27,0,0,8,1,12,1
1025,72,32,1,0,29.24,0.4,0.34,8,1,12,1
1026,82,33,0,0,29.2,0,0.01,8,1,12,1
1027,86,35,0,0,29.19,0,0,7,1,12,1
1028,76,34,1,1,29.13,0.39,0.31,8,1,12,1
1029,77,28,0,0,29.27,0,0,8,1,12,1
1030,78,26,0,0,29.26,0,0,8,1,12,1
1031,79,28,0,0,29.22,0,0,7,1,12,1
1032,76,29,1,0,29.25,0.08,0.53,8,1,13,1
1033,79,28,0,0,29.35,0,0,8,1,13,1
1034,84,30,0,0,29.35,0,0,8,1,13,1
1035,91,33,0,0,29.33,0.03,0,8,1,14,1
1036,93,35,0,0,29.28,0,0,8,1,14,1
1037,94,35,0,0,29.29,0,0,8,1,14,1
1038,81,37,1,0,29.29,0.57,3.66,9,1,15,1
1039,88,36,0,0,29.33,0,0,9,1,14,1
1040,85,35,0,0,29.37,0,0,9,1,14,1
1041,84,34,0,0,29.33,0,0,9,1,14,1
1042,91,35,0,0,29.28,0,0,9,1,14,1
1043,93,39,0,0,29.32,0,0,9,1,14,1
1044,78,40,1,0,29.29,0,0.25,10,1,14,1
1045,81,41,0,0,29.19,0,0,9,1,13,1
1046,87,42,0,0,29.17,0,0,9,1,13,1
1047,89,41,1,1,29.13,0.64,0.33,10,1,14,1
1048,86,37,0,0,29.11,0.16,0.17,10,1,15,1
1049,86,36,0,0,29.18,0,0,10,1,14,1
1050,78,32,1,0,29.11,0.06,0.2,10,1,14,1
1051,73,25,1,0,29.14,0.28,0.23,11,1,14,1
1052,72,26,0,0,29.35,0,0,11,1,13,1
1053,77,25,0,0,29.42,0,0,11,1,13,1
1054,84,29,0,0,29.38,0,0,11,1,13,1
1055,87,31,0,0,29.4,0,0,11,1,12,1
1056,72,28,1,0,29.54,0.19,0.13,12,1,13,1
1057,75,24,0,0,29.57,0,0,12,1,13,1
1058,79,24,0,0,29.47,0,0,12,1,13,1
1059,78,25,0,0,29.3,0,0,12,1,13,1
1060,79,29,1,0,29.1,0.26,0.17,13,1,14,1
1061,64,16,0,0,29.21,0,0,13,1,14,1
1062,74,19,0,0,29.19,0,0,13,1,14,1
1063,72,20,0,0,29.16,0,0,13,1,14,1
1064,61,20,1,0,29.13,0.15,0.13,14,1,15,1
1065,60,15,1,0,29.29,0.02,0.01,14,1,15,1
1066,62,13,0,0,29.49,0,0,13,1,14,1
1067,71,15,0,0,29.28,0,0,12,1,13,1
1068,77,26,0,0,29.13,0,0,12,1,13,1
1069,69,25,0,0,29.34,0,0,12,1,13,1
1070,68,21,0,0,29.44,0,0,11,1,12,1
1071,67,22,0,0,29.4,0,0,11,1,13,1
1072,79,22,0,0,29.29,0,0,11,1,13,1
1073,67,21,0,0,29.23,0,0,10,1,13,1
1074,66,21,0,0,29.13,0,0,10,1,13,1
1075,69,25,0,0,29.15,0,0,10,1,13,1
1076,69,29,1,0,29.23,0.26,0.03,11,1,14,1
1077,81,25,1,0,29.31,0.12,0.1,11,1,14,1
1078,51,9,1,0,29.36,0,0,12,1,14,1
1079,50,6,0,0,29.41,0,0,12,1,14,1
1080,51,5,0,0,29.41,0,0,12,1,13,1
1081,60,9,0,0,29.32,0,0,12,1,13,1
1082,67,14,1,0,29.15,0.17,0.18,13,1,14,1
1083,52,8,0,0,29.36,0,0,12,0,13,1
1084,67,13,1,0,29.4,0.02,0,13,0,14,1
1085,53,9,0,0,29.61,0,0,13,0,14,1
1086,68,23,1,0,29.18,0.21,0.48,14,0,15,1
1087,72,26,1,1,28.89,0.77,0.54,15,1,16,1
1088,60,15,0,0,29.21,0,0,15,1,16,1
1089,70,20,0,0,28.97,0,0,14,1,15,1
1090,69,24,1,0,28.71,0.51,0.43,15,1,16,1
1091,55,14,1,0,28.71,0.07,0.13,16,1,17,1
1092,53,14,1,0,28.81,0.02,0.15,16,1,17,1
1093,58,13,0,0,29.1,0,0,16,1,16,1
1094,70,19,0,0,29.25,0,0,16,1,16,1
1095,67,27,1,0,29.18,0.81,0.28,16,1,16,1
1096,69,30,1,0,29.18,0.06,0.03,16,1,16,1
1097,79,33,0,0,29.15,0,0,16,1,16,1
1098,77,28,1,0,29.11,0.13,0.45,17,1,17,1
1099,51,8,0,0,29.54,0,0,17,1,17,1
1100,48,6,0,0,29.54,0,0,17,1,17,1
1101,50,8,1,0,29.52,0,0,17,1,16,1
1102,51,7,0,0,29.43,0,0,17,1,16,1
1103,47,6,0,0,29.08,0,0,17,1,16,1
1104,49,4,0,0,29.09,0,0,17,1,16,1
1105,85,31,0,0,29.36,0,0,10.6416585030206,1.00130569490157,13.6997112474077,1.07233747706479
1106,71,14,0,0,29.44,0.11,0,13.3978786630721,0.907720687730716,17.0373831975225,0.932699053231389
1107,50,13,1,0,29.28,0.05,0.02,12.5535437275161,0.916985576982623,12.4687709858297,0.897237895300822
1108,72,20,0,0,29.26,0.02,0,11.4895828381585,0.997590707813685,11.0361870704424,1.01495487051773
1109,70,19,0,0,29.28,0,0,14.3214182542802,0.996535035426684,16.2072137185882,0.983009471590888
1110,70,18,0,0,29.28,0,0,5.3281220161898,0.933621831676348,10.4906127747724,0.923472021442059
1111,76,20,0,0,29.28,0,0,10.9298013597182,0.031884343818106,10.3861046467686,0.0692521550334695
1112,77,22,0,0,29.26,0,0,12.1486405344581,1.01109241929168,15.3761324435969,0.987022606112295
1113,76,25,1,0,29.15,0.32,0.63,14.9943816974696,1.00461597282292,14.0423514386957,1.02944598978527
1114,50,13,0,0,29.18,0.13,0.04,13.1831317080802,0.965494724016943,12.7910019312449,0.952399981400146
1115,62,14,0,0,29.21,0,0,12.0296910775423,0.987564900786843,16.45241149393,0.92397952456044
1116,55,8,0,0,29.35,0,0,14.9565671339405,0.905583507632301,10.9497870279707,0.85428501417014
1117,61,12,0,0,29.34,0,0,14.8666862500373,0.989979302719915,12.4099456980078,0.980952047104064
1118,90,27,0,0,28.98,0,0,18.0387276687761,0.968855282424538,16.4468298865022,0.917388477412028
1119,83,27,0,0,29.07,0,0,11.6875495269747,0.983144897681334,13.7581248137039,0.887016668368859
1120,81,25,0,0,29.2,0,0,13.280309848155,0.986575234999025,10.3791916089609,0.912893221549649
1121,73,24,0,0,29.29,0,0,17.4360151558447,0.984972660610191,18.6857652091018,1.0021189428702
1122,79,30,0,0,29.26,0,0,13.2845088717951,0.970964636275851,17.3295929211328,1.01308953014659
1123,87,35,0,0,29.12,0,0,8.26795957443015,1.01506217098321,7.42668135721561,0.9645992204376
1124,92,36,0,1,29.03,1.09,1.25,18.0449064623402,0.963825204826145,19.2191637435482,0.86745591360832
1125,82,35,1,1,28.96,0.56,0.2,11.2290433717649,1.0158748029773,13.1806226451466,1.04872620562188
1126,73,31,1,0,28.97,1.35,0.65,18.3666062821607,1.015904130145,17.3551302246229,1.06246677621307
1127,56,14,1,0,29.38,0.06,0.12,11.9431927018981,0.959508403046711,12.9378628592114,0.974948148491911
1128,57,11,0,0,29.62,0,0,11.3699230544917,0.950736054639174,10.8292170788403,0.993502374057623
1129,57,13,0,0,29.59,0,0,11.9879109516998,0.951833786893097,15.8317130344213,0.972511992434939
1130,67,19,1,0,29.47,0.02,0,17.4219127046859,0.957718826339805,16.7549769257712,1.05207287784747
1131,65,26,1,1,29.21,0.23,0.19,17.1579609426752,0.962308491493588,17.6487533218326,0.985505438063414
1132,76,34,1,1,29.06,0.2,2.2,16.3643151653575,0.989259343036137,15.5198706851238,0.929584930234792
1133,85,36,1,0,29.16,0.01,0.02,14.1759447946147,1.04328837584431,13.1144805208798,1.06427762665372
1134,84,37,1,0,29.13,0.51,0.09,21.8142894871002,1.03369377975645,20.7752066651837,1.00891936015162
1135,78,36,1,1,29.05,0.3,0.23,12.2265289646863,1.05340262706016,12.0746060391715,1.05624883381869
1136,76,33,0,0,28.98,0.56,0.44,13.8447953131006,1.02610901617083,19.2498379838406,1.02733974111215
1137,63,20,0,0,29.24,0.01,0.01,12.7005860204323,0.976807410716303,10.2128016550003,0.892847325019227
1138,68,18,0,0,29.34,0,0,9.01080899715224,0.950811182962856,9.9701942757759,0.965672559020955
1139,72,21,0,0,29.39,0,0,12.6250910937822,0.965251864153216,12.3224374137089,0.994528009680192
1140,76,24,1,0,29.24,0.01,0,8.40265417847316,0.932477994755043,9.26287974289806,0.936789190091166
1141,65,22,1,0,29.18,0.15,0.06,18.407772151651,0.958297305541185,13.3950867691766,1.02496014769442
1142,68,21,0,0,29.2,0,0,14.0534669233637,1.00570743613899,13.4272499331465,1.04769692936971
1143,74,22,0,0,29.25,0,0,16.6673902893038,0.953992368959978,18.462253458544,0.870807754595707
1144,83,30,1,0,29.15,0.01,0.01,8.8400860971352,0.973910914943722,11.6176875936313,0.964399367725962
1145,75,33,1,0,29.08,0.26,0.85,18.2121013875972,1.00249122886268,16.3383582502272,1.05188625688231
1146,84,35,1,0,29.13,0,0.24,10.4749538867811,0.983317385461178,12.0473394214885,0.974145439095386
1147,87,36,1,1,29,0.75,0.25,16.1610349292861,1.02543553745155,15.864319611671,1.01226684743881
1148,72,28,0,0,29.23,0,0,10.1954601228433,1.01369513657021,8.44950956981496,1.06850655472457
1149,76,26,0,0,29.34,0,0,17,1,20,1
1150,81,33,1,0,29.21,0.17,0.12,18,1,21,1
1151,83,36,0,0,29.16,0,0,18,1,20,1
1152,88,33,0,1,29.18,0.03,0.1,17,1,19,1
1153,70,26,1,0,29.31,0,0.01,18,1,19,1
1154,75,25,0,0,29.39,0,0,18,1,18,1
1155,86,33,0,0,29.38,0,0,18,1,18,1
1156,85,36,0,1,29.34,0.79,0.11,18,1,19,1
1157,83,38,0,0,29.3,0.04,0,18,1,20,1
1158,89,39,0,1,29.26,0.84,0,17,1,20,1
1159,86,38,0,0,29.25,0.18,0.14,17,1,19,1
1160,87,40,1,0,29.13,0.03,0,18,1,19,1
1161,81,37,1,0,29.05,1.48,0.19,19,1,20,1
1162,91,38,0,0,29.01,0.92,0.59,19,1,20,1
1163,83,34,1,0,28.91,0,0.16,20,1,21,1
1164,72,31,1,0,28.97,0,0,21,1,21,1
1165,76,29,0,0,29.2,0,0,21,1,21,1
1166,75,27,0,0,29.31,0,0,21,1,21,1
1167,68,27,1,0,29.33,0,0,22,1,21,1
1168,74,31,1,1,29.32,0.02,0.07,23,1,21,1
1169,83,34,0,0,29.34,0,0,23,1,20,1
1170,87,35,0,0,29.33,0,0,22,1,19,1
1171,82,37,0,0,29.29,0,0,21,1,18,1
1172,89,40,0,0,29.26,0,0,20,1,17,1
1173,87,41,1,0,29.24,0.5,0.84,21,1,18,1
1174,85,44,1,0,29.19,0,0.01,22,1,18,1
1175,87,38,0,0,29.2,0,0,21,1,17,1
1176,80,30,0,0,29.36,0,0,20,1,17,1
1177,82,31,0,0,29.38,0,0,19,1,16,1
1178,83,34,0,0,29.41,0,0,18,1,16,1
1179,88,39,0,0,29.47,0,0,17,1,15,1
1180,91,43,0,0,29.52,0.09,0.02,16,1,14,1
1181,93,44,0,0,29.54,0,0.01,16,1,13,1
1182,95,44,0,0,29.51,0,0,16,1,12,1
1183,96,45,0,0,29.31,0,0,16,1,12,1
1184,97,44,0,0,29.1,0.58,0,16,1,12,1
1185,88,38,1,0,29.17,0.06,0.01,16,1,11,1
1186,89,38,0,0,29.18,0.01,0,15,1,10,1
1187,90,39,0,1,29.07,0,0,15,1,11,1
1188,80,33,0,0,29.15,0.03,0,15,1,11,1
1189,73,26,0,0,29.31,0,0,14,1,10,1
1190,81,29,0,0,29.33,0,0,13,1,9,1
1191,74,31,1,0,29.21,0.39,0.01,13,1,9,1
1192,68,24,0,0,29.17,0,0,12,1,9,1
1193,71,23,1,0,29.23,0,0,13,1,10,1
1194,76,28,0,0,29.41,0,0,13,1,10,1
1195,74,30,1,0,29.39,0.04,0,13,1,10,1
1196,75,34,1,0,29.26,0.5,0.18,14,1,11,1
1197,82,31,0,0,29.23,0,0,14,1,11,1
1198,86,35,1,0,29.15,0.63,0.41,14,1,12,1
1199,79,31,0,0,29.33,0,0,14,1,12,1
1200,74,30,1,0,29.42,0,0,15,1,13,1
1201,76,30,0,0,29.23,0.07,0.02,15,1,13,1
1202,85,38,0,0,29.13,0.04,0,15,1,12,1
1203,91,40,0,0,29.14,0,0.01,15,1,11,1
1204,79,31,0,0,29.26,0,0,15,1,11,1
1205,84,34,0,0,29.28,0,0,14,1,11,1
1206,81,32,0,0,29.2327816127037,0,0,13,1,10,1
1207,84,33,0,0,29.35,0.01,0,13,1,11,1
1209,71,26,0,0,29.37,0,0,12,1,11,1
1210,71,25,0,0,29.44,0,0,12,1,11,1
1211,74,27,0,0,29.4,0,0,12,1,11,1
1212,82,29,0,0,29.44,0,0,11,1,11,1
1213,79,31,0,0,29.47,0,0,10,1,11,1
1214,81,33,0,0,29.41,0,0,10,1,11,1
1215,86,34,0,0,29.34,0,0,10,1,11,1
1216,88,36,0,0,29.34,0,0,10,1,11,1
1217,91,39,1,0,29.3,0.01,0.05,11,1,12,1
1218,78,37,1,0,29.36,0.23,0.36,11,1,12,1
1219,81,32,0,0,29.43,0,0,10,1,12,1
1220,86,33,0,0,29.49,0,0,10,1,12,1
1221,89,36,0,0,29.46,0,0,10,1,12,1
1222,92,40,0,0,29.34,0,0,10,1,12,1
1223,96,43,0,0,29.18,0,0,10,1,12,1
1224,83,40,0,0,29.26,0,0,10,1,12,1
1225,87,38,0,0,29.29,0,0,10,1,12,1
1226,96,40,1,1,29.13,0.36,0.47,11,1,12,1
1227,77,37,1,1,29.1,0.07,0.96,12,1,12,1
1228,84,38,0,0,29.05,0.14,0.02,12,1,12,1
1229,77,33,0,0,29.21,0,0,12,1,12,1
1230,76,29,0,0,29.32,0,0,11,1,12,1
1231,84,31,0,0,29.37,0,0,11,1,12,1
1232,74,29,0,0,29.49,0,0,11,1,11,1
1233,85,32,0,0,29.38,0,0,11,1,11,1
1234,87,36,0,0,29.21,0.01,0,11,1,11,1
1235,78,37,0,0,29.26,0,0,11,1,11,1
1236,94,42,0,0,29.15,0,0,10,1,10,1
1237,96,40,0,0,29.25,0,0,10,1,10,1
1238,92,40,0,0,29.28,0,0,9,1,9,1
1239,83,33,0,0,29.28,0,0.06,9,1,10,1
1240,67,22,0,0,29.41,0,0,8,1,9,1
1241,72,21,0,0,29.36,0,0,7,1,8,1
1242,62,24,1,0,29.34,0.65,0.24,8,1,9,1
1243,64,22,0,0,29.59,0,0,7,1,8,1
1244,70,24,0,0,29.49,0,0,7,1,8,1
1245,82,31,0,0,29.26,0.55,0.51,6,1,7,1
1246,84,38,1,0,29.14,0.84,0,7,1,7,1
1247,77,32,0,0,29.08,0,0.02,7,1,7,1
1248,67,22,0,0,29.17,0,0,7,1,7,1
1249,67,20,0,0,29.3,0,0,7,1,7,1
1250,67,21,0,0,29.34,0,0,7,1,7,1
1251,91,23,0,0,29.26,0,0,7,1,7,1
1252,71,25,0,0,29.23,0,0,7,1,6,1
1253,75,27,0,0,29.34,0,0,6,1,5,1
1254,80,26,0,0,29.38,0,0,6,1,5,1
1255,85,30,1,0,29.24,0.2,0.02,7,1,6,1
1256,84,23,1,0,29.29,0.18,0.22,8,1,7,1
1257,76,24,0,0,29.21,0,0,8,1,7,1
1258,79,33,0,0,29.21,0,0,8,1,7,1
1259,77,28,0,0,29.31,0,0,8,1,7,1
1260,78,36,1,0,29.19,0.12,0.8,9,1,8,1
1261,76,35,0,0,29.23,0,0,9,1,9,1
1262,81,37,0,0,29.11,0.82,0.68,8,1,8,1
1263,76,19,1,0,29.02,0.09,0.06,8,1,8,1
1264,67,19,0,0,29.23,0,0,8,1,8,1
1265,76,22,0,0,29.42,0,0,8,1,8,1
1266,70,22,0,0,29.45,0,0,8,1,8,1
1267,75,24,0,0,29.37,0,0,8,1,8,1
1268,77,25,0,0,29.28,0,0,8,1,8,1
1269,73,26,0,0,29.32,0.12,0.01,8,1,9,1
1270,65,17,0,0,29.62,0,0,8,1,9,1
1271,62,18,0,0,29.53,0,0,7,1,9,1
1272,65,23,1,0,29.14,0.07,0.09,7,1,10,1
1273,54,16,0,0,29.16,0,0,7,1,10,1
1274,54,16,1,0,29.12,0.29,0.17,8,1,11,1
1275,50,12,0,0,29.18,0,0,8,1,11,1
1276,54,12,1,0,29.1,0.01,0.01,9,1,12,1
1277,65,16,1,0,29.07,0.01,0.02,10,1,13,1
1278,55,9,1,0,29.19,0,0.03,11,1,13,1
1279,41,4,1,0,29.21,0,0.03,12,1,14,1
1280,46,3,1,0,29.24,0,0,13,1,14,1
1281,44,3,0,0,29.45,0,0,13,1,14,1
1282,51,5,0,0,29.47,0,0,13,1,14,1
1283,55,8,0,0,29.22,0,0,13,1,14,1
1284,55,7,0,0,29.28,0,0,13,1,13,1
1285,54,11,0,0,29.54,0,0,13,1,13,1
1286,57,14,1,0,29.49,0,0,14,1,13,1
1287,64,22,1,0,29.22,0.55,1.16,14,1,13,1
1288,65,26,1,0,28.69,1.04,2.03,15,1,14,1
1289,50,13,1,0,29.02,0.09,0.09,15.9933510605633,0.975906498093536,21.3239465196577,0.949365345682864
1290,80,16,1,0,29.03,0,0.04,16.2204701979708,0.936463230224522,14.2108820708976,0.907800176719011
1291,68,18,0,0,29.07,0,0,15.2131469724771,1.00615589766912,15.8263280352592,1.07928870833198
1292,61,12,0,0,29.31,0,0,11.2785233563464,0.897520366412903,14.6566409882196,0.889318689069276
1293,59,13,1,0,29.26,0.05,0.01,13.3625299035915,1.04092703302238,12.1796990648969,0.0646737213475163
1294,63,16,0,0,29.21,0,0,7.21836251660556,0.990503483213432,7.31594089194795,0.961928249305768
1295,80,24,1,0,29.1,0,0,16.7690079678405,1.02240619363213,16.7628409931517,1.06137524575538
1296,93,35,0,0,29.08,0.1,0,14.6493117026851,1.06743829140179,14.4577740526149,1.1130392836191
1297,76,30,1,1,29.03,1.03,1.43,19.9103450209384,0.98344654873774,20.3167885363315,0.914865631180484
1298,77,23,0,0,29.19,0,0,15.712838936354,0.962601432768602,15.8292154264759,0.941784284715643
1299,85,30,0,1,29.19,0.12,0.41,9.91261049084589,0.984471265810435,13.9474666707421,0.96956953182364
1300,86,39,1,0,29.13,2.09,0.03,11.3325508519568,1.07421076735942,12.0134977555892,1.11055514022614
1301,70,27,1,0,29.29,0.12,0.14,11.9749444252002,1.03231293885331,11.0400651947832,1.07887671158321
1302,57,17,1,0,29.36,0.02,0.06,10.2151088329244,0.976979794640338,12.946208359898,1.03315065041169
1303,57,12,1,0,29.26,0.19,0.26,13.2335619799859,0.935458894987824,15.1620023275657,1.00376153383423
1304,45,9,1,0,29.33,0.1,0.08,12.6051062254553,0.973240887248859,13.5023823389286,0.97022030661928
1305,61,13,0,0,29.4,0,0,6.84848624290982,0.963533880845559,10.6053210126243,0.961350817542642
1306,70,18,0,0,29.47,0,0,14.0882077338974,0.923768732594887,11.2962163743041,0.97026439023256
1307,71,21,1,0,29.34,0,0,7.85650205315851,0.97609212874028,8.89458653216527,0.0540772740144593
1308,87,34,0,1,29.12,0.82,0.64,5.77486999995238,1.01216846095908,5.50969055738056,0.97493076906476
1309,89,35,0,0,29.16,0.01,0.01,11.1087748226274,1.02764180927669,15.4306404721365,0.992193583767115
1310,69,25,0,0,29.36,0,0,12.7143242422321,0.973019755738246,11.3735205216448,0.977039655572167
1311,68,21,0,0,29.47,0,0,15.5114415592724,0.978191794149058,17.6903358392608,1.0108817910661
1312,74,22,0,0,29.44,0,0,9.88153430157188,0.968218775323327,13.1478781986009,1.00188701212107
1313,85,27,0,0,29.35,0,0,13.0455695693197,0.964262546206417,11.2731411212438,0.991961271608899
1314,90,36,0,0,29.25,0,0.08,9.56549674682935,1.08520640485249,11.9925360535025,1.16296566418222
1315,85,37,1,0,29.21,0.21,0.5,18.1333508642132,1.08368670646895,17.710916133271,1.110161115328
1316,73,28,1,0,29.29,0.03,0.68,12.6329814162154,1.01206268982118,10.6178535243223,1.01375411644063
1317,77,28,0,0,29.38,0,0,10.5514278511762,1.02064384769327,11.6967750185194,1.07922398825667
1318,79,28,0,0,29.44,0,0,14.6489693480712,0.968187384661212,9.79536166790948,1.03711317863044
1319,89,31,0,0,29.39,0,0,8.61156183034297,0.943287101621493,8.54086105455941,0.938959401132396
1320,92,37,0,0,29.24,0,0,14.6155002214415,1.07801182805119,14.6530853670967,1.16994225699121
1321,85,39,0,0,29.11,0.14,0.2,13.6585430364063,1.05289859091504,14.1972288330751,1.05607670125691
1322,82,31,0,0,29.18,0,0,7.95108459805076,1.00192266105666,10.4110798448521,1.00504837439723
1323,72,28,1,0,29.13,0.19,0.12,9.40932253739363,0.996008996583953,12.7209122615947,0.991618364170358
1324,75,24,0,0,29.23,0,0,4.95994991099504,0.959865286899345,10.1649717784431,0.948442430952389
1325,82,24,0,0,29.26,0,0,13.5091211416607,0.992725738190792,18.9369149481576,0.993789707286029
1326,85,29,1,0,29.18,0.08,0.12,15.0727597596697,0.976780517849366,18.8443310965803,1.01685723794149
1327,70,24,1,0,29.28,0.23,0.21,7.34877041927037,0.98834170880186,6.39170287402001,1.0005821500576
1328,79,27,0,0,29.24,0,0,11.5053573075641,1.08085830576746,17.8319490894797,1.1056832347872
1329,70,28,1,0,29.12,1.26,0.45,12.1809473944673,1.08573137805036,10.8947315901496,0.123112324301685
1330,69,31,1,0,29,0.52,0.03,12.0825421339779,1.00301258937099,14.0343026218829,1.01933077824568
1331,82,33,0,0,29.08,0,0.01,15.6165631590848,1.08890811996177,14.3781608911398,1.16174860760767
1332,75,24,0,0,29.26,0,0,11.342965809588,0.984443656840046,12.5005399088782,0.949876112724568
1333,80,25,0,0,29.31,0,0,18,1,19,1
1334,86,34,0,0,29.17,0,0,17,1,18,1
1335,90,39,0,0,29.24,0,0,16,1,18,1
1336,93,43,0,0,29.15,0,0,16,1,19,1
1337,85,39,1,1,29.24,0.65,0.8,17,1,19,1
1338,82,37,1,1,29.33,0.32,0.39,17,1,18,1
1339,86,39,1,0,29.23,0.01,0.03,18,1,18,1
1340,85,36,1,0,29.21,1.28,0.73,18,1,19,1
1341,82,36,0,0,29.16,0,0,18,1,18,1
1342,84,40,1,0,29.11,0.05,0.16,18,1,18,1
1343,85,41,1,0,29.15,0.41,1.15,19,1,19,1
1344,79,34,0,0,29.28,0,0.02,19,1,19,1
1345,77,32,0,0,29.34,0,0,18,1,19,1
1346,91,39,0,0,29.28,0,0,17,1,18,1
1347,88,42,0,1,29.23,0,0.16,16,1,17,1
1348,88,42,0,0,29.2,0.07,0.04,15,1,17,1
1349,88,42,1,1,29.05,2.6,2.06,15,1,17,1
1350,84,37,1,0,29.02,0,0.04,16,1,18,1
1351,74,29,1,0,29.23,0.12,0.12,17,1,19,1
1352,75,27,1,0,29.41,0.07,0.05,17,1,19,1
1353,79,28,0,0,29.54,0,0,17,1,18,1
1354,79,31,1,0,29.41,0,0.01,18,1,18,1
1355,89,39,0,0,29.1,0,0,18,1,18,1
1356,89,40,0,1,29,0.63,0.48,18,1,18,1
1357,84,37,1,0,29.01,0.54,0.48,19,1,18,1
1358,81,33,0,0,29.25,0,0,19,1,18,1
1359,78,31,0,0,29.42,0,0,19,1,18,1
1360,83,32,0,0,29.42,0.01,0,18,1,18,1
1361,81,41,1,1,29.23,0.47,3.31,18,1,18,1
1362,86,38,0,0,29.18,0.01,0.04,18,1,18,1
1363,81,32,0,0,29.11,0.2,0.37,18,1,18,1
1364,71,27,1,0,29.21,0.05,0.05,19,1,19,1
1365,73,26,0,0,29.29,0,0,19,1,19,1
1366,78,29,0,0,29.37,0,0,19,1,18,1
1367,81,31,0,0,29.39,0,0,19,1,18,1
1368,80,32,0,0,29.33,0,0,18,1,17,1
1369,84,34,0,0,29.31,0,0,18,1,17,1
1370,87,38,0,0,29.34,0,0,18,1,17,1
1371,91,43,0,1,29.27,0.01,0.19,17,1,16,1
1372,76,30,0,0,29.41,0,0,16,1,15,1
1373,75,28,0,0,29.39,0,0,16,1,15,1
1374,77,31,0,0,29.24,0,0,15,1,14,1
1375,85,39,0,0,29.1,0,0,14,1,13,1
1376,89,37,0,0,29.08,0.02,0.04,14,1,14,1
1377,73,27,0,0,29.33,0,0,14,1,14,1
1378,81,31,0,0,29.28,0.01,0,14,1,14,1
1379,80,31,0,0,29.29,0,0,14,1,14,1
1380,85,34,0,0,29.3,0,0,14,1,14,1
1381,83,34,1,1,29.34,0.15,0.21,15,1,13,1
1382,84,32,0,0,29.4,0,0,14,1,13,1
1383,87,36,0,0,29.38,0,0,13,1,13,1
1384,88,38,1,1,29.34,2.76,1.82,13,1,14,1
1385,80,38,1,0,29.31,0,0.07,13,1,13,1
1386,81,33,0,0,29.34,0,0,13,1,13,1
1387,81,35,0,0,29.34,0,0,12,1,12,1
1388,82,35,0,0,29.34,0,0,11,1,11,1
1389,80,34,0,0,29.34,0,0,11,1,11,1
1390,82,36,0,0,29.28,0,0,11,1,11,1
1391,84,38,1,0,29.11,0.85,1.16,12,1,12,1
1392,70,31,1,0,29.17,0.07,0.16,13,1,13,1
1393,83,32,0,0,29.29,0,0,13,1,12,1
1394,73,27,0,0,29.35,0,0,12,1,11,1
1395,79,28,0,0,29.28,0,0,11,1,10,1
1396,81,36,0,0,29.2,0,0,10,1,9,1
1397,72,35,0,0,29.23,0,0,9,1,8,1
1398,85,38,0,0,29.12,0,0,9,1,8,1
1399,86,40,1,0,29.02,0.09,0.13,9,1,8,1
1400,87,40,0,0,29.17,0,0,9,1,8,1
1401,83,42,1,1,29.21,0.98,1.29,10,1,9,1
1402,87,44,1,1,29.21,1.58,3.17,10,1,10,1
1403,87,43,0,0,29.25,0.34,0.5,10,1,11,1
1404,89,44,0,0,29.26,0,0,10,1,11,1
1405,92,43,0,1,29.28,0.01,0.78,10,1,10,1
1406,86,40,0,0,29.34,0.12,0,9,1,9,1
1407,81,36,0,0,29.4,0,0,9,1,9,1
1408,77,35,1,0,29.35,0,0.02,10,1,10,1
1409,88,41,0,0,29.19,0.08,0,9,1,9,1
1410,86,41,0,0,29.15,0.27,0,9,1,9,1
1411,87,41,0,0,29.18,0,0,9,1,9,1
1412,85,41,0,0,29.07,0.36,0,9,1,10,1
1413,85,36,0,0,29.18,0.01,0,9,1,11,1
1414,85,37,0,0,29.26,0,0,9,1,11,1
1415,87,41,1,1,29.21,0.26,0.22,10,1,12,1
1416,89,41,1,0,29.27,0.5,0.43,11,1,13,1
1417,76,29,0,0,29.42,0,0,11,1,13,1
1418,79,29,0,0,29.44,0,0,11,1,13,1
1419,79,30,0,0,29.33,0,0,11,1,13,1
1420,81,35,1,0,29.18,0.01,0.01,12,1,14,1
1421,82,36,1,0,28.97,1.31,1.61,13,1,14,1
1422,58,19,0,0,29.46,0,0,13,1,14,1
1423,57,19,1,0,29.55,0.13,0.1,14,1,15,1
1424,60,16,0,0,29.59,0,0.01,14,1,15,1
1425,67,20,0,0,29.49,0,0,14,1,15,1
1426,62,23,1,0,29.41,0,0,14,1,16,1
1427,69,21,0,0,29.41,0,0,14,1,16,1
1428,72,23,0,0,29.29,0,0,14,1,16,1
1429,72,26,0,0,29.4,0,0,13,1,15,1
1430,76,26,0,0,29.31,0,0,12,1,15,1
1431,80,34,1,0,29.1,0.12,0.12,13,1,16,1
1432,70,25,0,0,29.26,0,0,13,1,17,1
1433,69,21,0,0,29.52,0,0,13,1,17,1
1434,76,24,0,0,29.57,0,0,13,1,17,1
1435,77,26,0,0,29.57,0,0,13,1,17,1
1436,78,28,0,0,29.52,0,0,12,1,16,1
1437,81,30,0,0,29.51,0,0,11,1,15,1
1438,79,31,0,0,29.47,0,0,11,1,15,1
1439,79,31,0,0,29.38,0,0,11,1,15,1
1440,84,30,1,0,29.28,0.01,0,12,1,16,1
1441,61,21,0,0,29.29,0,0,12,1,16,1
1442,73,26,1,0,29.22,0,0,13,1,16,1
1443,75,34,1,1,29.03,0.32,0.72,14,1,17,1
1444,68,21,1,0,28.95,0.68,1.05,14,1,17,1
1445,49,10,1,0,29,0.06,0.05,15,1,18,1
1446,56,13,1,0,28.95,0.01,0,15,1,18,1
1447,63,16,0,0,28.89,0.01,0.01,14,1,17,1
1448,69,20,0,0,29,0,0,14,1,16,1
1449,67,17,0,0,29.27,0,0,14,1,16,1
1450,64,15,0,0,29.38,0,0,14,1,16,1
1451,59,15,0,0,29.43,0,0,14,1,16,1
1452,60,13,0,0,29.47,0,0,14,1,16,1
1453,64,19,1,0,29.24,0.01,0.01,14,1,16,1
1454,71,31,1,0,28.97,0.64,0.44,15,1,17,1
1455,67,29,1,0,28.83,0.65,1.18,16,1,18,1
1456,58,23,1,0,29.05,0.05,0.07,17,1,19,1
1457,58,22,0,0,29.02,0,0,17,1,18,1
1458,63,21,0,0,28.99,0,0.01,17,1,17,1
1459,52,13,1,0,29.39,0.01,0.02,18,1,18,1
1460,57,13,0,0,29.31,0,0,17,1,17,1
1461,66,20,0,0,29.17,0.01,0,16,1,16,1
1462,54,15,0,0,29.46,0,0,16,1,16,1
1463,56,13,0,0,29.56,0,0,16,1,16,1
1464,62,16,0,0,29.39,0,0,16,1,16,1
1465,68,22,0,0,29.25,0,0,15,1,15,1
1466,75,21,0,0,29.21,0,0,14,1,14,1
1467,66,14,0,0,29.21,0,0,14,1,14,1
1468,79,28,1,0,28.92,0,0.02,14,1,13,1
1469,66,17,1,0,29.15,0,0.03,15,1,13,1
1470,49,11,0,0,29.36,0,0,15,1,13,1
1471,53,11,1,0,29.34,0,0,15,1,12,1
1472,49,5,1,0,29.49,0.03,0.04,16,1,13,1
