"Date","ID","StnPressure","Tmax2","ResultSpeed2","ResultDir2","PrecipTotal","PT45_gt05","PrecipTotal2.imp","PT45_gt052","Sunrise","Sunset","RA2","RA45.2","RA","RA45"
2007-05-01,1,29.1,84,2.7,25,0,NA,0,NA,448,1849,0,NA,0,NA
2007-05-02,2,29.38,60,13.3,2,0,NA,0,NA,447,1850,0,NA,0,NA
2007-05-03,3,29.39,67,12.9,6,0,NA,0,NA,446,1851,0,NA,0,NA
2007-05-04,4,29.31,78,10.1,7,0,NA,0,NA,444,1852,0,NA,1,NA
2007-05-05,5,29.4,66,11.2,7,0,NA,0,NA,443,1853,0,NA,0,NA
2007-05-06,6,29.57,68,13.8,10,0,NA,0,NA,442,1855,0,NA,0,NA
2007-05-07,7,29.38,84,8.5,17,0,NA,0,NA,441,1856,0,NA,1,NA
2007-05-08,8,29.29,80,2.5,8,0,NA,0,NA,439,1857,0,NA,0,NA
2007-05-09,9,29.21,76,3.9,7,0.13,NA,0.02,NA,438,1858,0,NA,0,NA
2007-05-10,10,29.2,83,2,9,0,NA,0,NA,437,1859,0,NA,0,NA
2007-05-11,11,29.33,73,11.7,36,0,NA,0,NA,436,1860,0,NA,0,NA
2007-05-12,12,29.49,65,12.7,1,0,NA,0,NA,435,1901,0,NA,0,NA
2007-05-13,13,29.49,69,6.4,11,0,NA,0,NA,434,1902,0,NA,0,NA
2007-05-14,14,29.23,90,14.1,21,0,NA,0,NA,433,1903,0,NA,0,NA
2007-05-15,15,29.13,82,8.1,25,0.38,NA,0.6,NA,432,1904,1,NA,1,NA
2007-05-16,16,29.33,64,8,36,0.14,NA,0.07,NA,431,1905,1,NA,1,NA
2007-05-17,17,29.55,61,11.7,1,0,NA,0,NA,430,1906,0,NA,0,NA
2007-05-18,18,29.53,70,3.4,22,0,NA,0,NA,429,1907,0,NA,0,NA
2007-05-19,19,29.34,80,11.1,23,0,NA,0,NA,428,1908,0,NA,0,NA
2007-05-20,20,29.38,69,8.6,3,0.07,NA,0.11,NA,427,1909,1,NA,1,NA
2007-05-21,21,29.33,79,6.3,10,0,NA,0,NA,426,1910,0,NA,0,NA
2007-05-22,22,29.34,87,10.1,16,0,NA,0,NA,425,1911,0,NA,0,NA
2007-05-23,23,29.39,89,10.9,18,0,NA,0,NA,425,1912,0,NA,0,NA
2007-05-24,24,29.41,88,13.8,20,0.02,NA,0,NA,424,1913,1,NA,1,NA
2007-05-25,25,29.51,66,4.5,5,0,NA,0.09,NA,423,1914,1,NA,0,NA
2007-05-26,26,29.36,70,2.5,15,1.01,NA,0.28,NA,422,1915,1,NA,1,NA
2007-05-27,27,29.34,75,8.2,24,0.04,NA,0.08,NA,422,1916,1,NA,1,NA
2007-05-28,28,29.43,76,4.7,8,0,NA,0,NA,421,1916,0,NA,1,NA
2007-05-29,29,29.39,88,5.8,16,0,NA,0,NA,421,1917,0,NA,0,NA
2007-05-30,30,29.31,89,9.7,17,0,NA,0,NA,420,1918,0,NA,0,NA
2007-05-31,31,29.28,80,8.9,18,0.01,NA,0.53,NA,420,1919,1,NA,1,NA
2007-06-01,32,29.19,86,4.7,16,0.19,NA,0.21,NA,419,1920,0,NA,0,NA
2007-06-02,33,29.03,81,7.5,21,0.04,NA,0,NA,419,1920,1,NA,1,NA
2007-06-03,34,28.82,77,4.9,24,0.01,NA,0.32,NA,418,1921,1,NA,1,NA
2007-06-04,35,28.82,72,7.9,30,0.39,NA,0.31,NA,418,1922,1,NA,1,NA
2007-06-05,36,29.1,63,6.2,3,0.42,NA,0.27,NA,417,1923,1,NA,1,NA
2007-06-06,37,29.07,73,9.6,15,0.01,NA,0,NA,417,1923,1,NA,1,NA
2007-06-07,38,28.84,92,20.3,19,0,NA,0,NA,417,1924,0,NA,0,NA
2007-06-08,39,29.18,81,9.3,26,0,NA,0,NA,417,1925,0,NA,0,NA
2007-06-09,40,29.36,79,2.4,19,0,NA,0,NA,416,1925,0,NA,0,NA
2007-06-10,41,29.34,81,4.6,16,0,NA,0,NA,416,1926,0,NA,0,NA
2007-06-11,42,29.41,85,6.6,9,0,NA,0,NA,416,1926,0,NA,0,NA
2007-06-12,43,29.44,82,9.4,5,0,NA,0,NA,416,1927,0,NA,0,NA
2007-06-13,44,29.36,86,7,5,0,NA,0,NA,416,1927,0,NA,0,NA
2007-06-14,45,29.3,89,5.9,7,0,1,0,1,416,1928,0,13,0,15
2007-06-15,46,29.28,89,3.8,9,0,1,0,1,416,1928,0,13,0,15
2007-06-16,47,29.26,92,2.1,22,0,1,0,1,416,1929,0,13,1,16
2007-06-17,48,29.23,91,4,11,0,1,0.16,1,416,1929,0,13,0,16
2007-06-18,49,29.12,89,12.2,20,0.28,1,0.02,1,416,1929,1,14,1,16
2007-06-19,50,29.26,81,10.1,29,0.58,1,0.93,1,416,1930,1,15,1,17
2007-06-20,51,29.39,85,5.9,28,0,1,0,1,416,1930,0,15,0,17
2007-06-21,52,29.36,80,3.7,2,0.01,1,0,1,416,1930,1,16,1,17
2007-06-22,53,29.33,75,6.5,7,0,1,0,1,417,1931,1,17,1,18
2007-06-23,54,29.23,68,7.3,11,0.05,1,0.34,1,417,1931,1,18,1,19
2007-06-24,55,29.26,75,5.6,10,0,1,0,1,417,1931,0,18,0,19
2007-06-25,56,29.38,86,4,12,0,1,0,1,417,1931,0,18,0,19
2007-06-26,57,29.39,91,7.3,21,0.16,1,0,1,418,1931,0,18,0,19
2007-06-27,58,29.29,89,7.9,24,0.15,1,0.35,1,418,1931,1,19,0,19
2007-06-28,59,29.41,73,12.2,2,0,1,0.95046952118854,1,419,1931,0,19,0,19
2007-06-29,60,29.41,71,7.4,2,0,1,0.0640497532250698,1,419,1931,0,18,0,18
2007-06-30,61,29.41,77,5.1,4,0,1,0,1,419,1931,0,17,0,17
2007-07-01,62,29.51,76,9.5,4,0,1,0,1,420,1931,0,17,0,17
2007-07-02,63,29.49,77,7.4,12,0,1,0,1,420,1931,0,17,0,17
2007-07-03,64,29.31,83,6.4,21,0.4,1,0.09,1,421,1931,1,18,1,18
2007-07-04,65,29.18,84,3.1,25,0.16,1,0.66,1,422,1930,1,18,0,17
2007-07-05,66,29.24,88,4.3,33,0,1,0,1,422,1930,0,18,0,17
2007-07-06,67,29.32,84,3.3,7,0,1,0,1,423,1930,0,18,0,17
2007-07-07,68,29.18,88,7.4,23,0,1,0,1,423,1930,0,18,0,17
2007-07-08,69,29.05,93,12.6,23,0,1,0,1,424,1929,0,17,0,16
2007-07-09,70,29.11,93,4.8,23,0.3,1,0.24,1,425,1929,1,17,1,17
2007-07-10,71,29.06,89,8.2,23,0.43,1,0.08,1,425,1929,0,16,0,16
2007-07-11,72,29.23,77,9.1,30,0,1,0,1,426,1928,0,15,0,15
2007-07-12,73,29.22,80,10,28,0,1,0,1,427,1928,0,15,0,14
2007-07-13,74,29.26,74,2,7,0,1,0,1,428,1927,0,15,0,14
2007-07-14,75,29.08,85,8.4,25,0,1,0,1,428,1927,0,15,0,14
2007-07-15,76,29.19,80,1.2,9,0,1,0,1,429,1926,0,14,0,13
2007-07-16,77,29.25,82,5.6,23,0.39,1,0.07,1,430,1925,1,15,1,14
2007-07-17,78,29.18,83,6.3,23,0.11,1,0.11,1,431,1925,1,15,1,14
2007-07-18,79,29.11,85,10.3,24,1.55,1,0.92,1,432,1924,1,15,1,14
2007-07-19,80,29.21,82,7.7,36,0.16,1,0.01,1,433,1923,0,14,0,13
2007-07-20,81,29.44,74,11.3,4,0,1,0,1,433,1923,0,13,0,12
2007-07-21,82,29.51,75,5.8,4,0,1,0,1,434,1922,0,12,0,11
2007-07-22,83,29.49,81,1.9,18,0,1,0,1,435,1921,0,12,0,11
2007-07-23,84,29.37,82,2.9,12,0,1,0,1,436,1920,0,12,0,11
2007-07-24,85,29.32,82,1.1,21,0,1,0,1,437,1919,0,12,0,11
2007-07-25,86,29.29,83,6.4,23,0,1,0,1,438,1918,0,12,0,11
2007-07-26,87,29.19,84,7.2,22,0.19,1,0.89,1,439,1918,0,12,1,12
2007-07-27,88,29.11,83,1.2,36,0.17,1,0.04,1,440,1917,1,13,1,13
2007-07-28,89,29.23,80,10.6,3,0,1,0,1,441,1916,0,13,0,13
2007-07-29,90,29.28,85,6.3,5,0,1,0,1,442,1915,0,13,0,13
2007-07-30,91,29.33,86,3.1,6,0,1,0,1,443,1914,0,13,0,13
2007-07-31,92,29.33,89,4,7,0,1,0,1,444,1913,0,13,0,12
2007-08-01,93,29.29,91,2.1,13,0,1,0,1,445,1911,0,13,0,12
2007-08-02,94,29.26,91,6.5,23,0,1,0,1,446,1910,0,12,0,11
2007-08-03,95,29.31,88,3.3,6,0,1,0,1,447,1909,0,11,0,10
2007-08-04,96,29.31,81,5.9,9,0.03,1,0.02,1,448,1908,1,12,1,11
2007-08-05,97,29.08,88,7,22,1.43,1,0.97,1,449,1907,1,12,1,11
2007-08-06,98,29.13,85,2.6,10,0.26,1,0.05,1,450,1906,0,11,1,11
2007-08-07,99,29.06,92,6.3,24,1.31,1,0.06,1,451,1904,0,10,1,11
2007-08-08,100,29.13,87,1.5,4,0.06,1,0.09,1,452,1903,1,11,1,12
2007-08-09,101,29.13,85,3.1,27,0.05,1,0.46,1,453,1902,0,11,1,13
2007-08-10,102,29.26,86,3,6,0,1,0,1,454,1900,0,11,0,13
2007-08-11,103,29.31,88,3.1,20,0,1,0,1,455,1859,0,10,0,13
2007-08-12,104,29.34,87,1.9,6,0.29,1,0.23,1,456,1858,0,10,0,13
2007-08-13,105,29.39,80,6.9,8,0,1,0,1,457,1856,0,10,0,13
2007-08-14,106,29.23,84,6.4,23,0.41,1,0.45,1,458,1855,1,11,1,14
2007-08-15,107,29.17,81,4.9,6,0.23,1,0.83,1,459,1854,1,12,1,15
2007-08-16,108,29.28,77,3.5,1,0,1,0,1,500,1852,0,12,0,15
2007-08-17,109,29.41,80,6.1,31,0,1,0,1,501,1851,0,11,0,14
2007-08-18,110,29.44,69,6.1,13,0.09,1,0.42,1,502,1849,1,11,1,15
2007-08-19,111,29.24,69,5.5,10,1.33,1,1.33,1,503,1848,1,12,1,16
2007-08-20,112,29.15,76,2.4,20,0.91,1,0.48,1,504,1846,1,13,1,17
2007-08-21,113,29.21,85,3.5,17,0,1,0.01,1,505,1845,0,13,0,17
2007-08-22,114,29.23,90,5.1,21,0.37,1,0.88,1,506,1843,1,14,1,18
2007-08-23,115,29.15,89,6.7,21,2.35,1,1.96,1,508,1842,0,13,1,18
2007-08-24,116,29.11,81,5.5,25,0.24,1,0.2,1,509,1840,1,14,1,19
2007-08-25,117,29.23,76,2.4,3,0.34,1,0.25,1,510,1839,1,15,1,20
2007-08-26,118,29.38,78,3.7,11,0,1,0,1,511,1837,0,15,0,20
2007-08-27,119,29.36,79,6.4,16,0,1,0,1,512,1835,0,15,0,20
2007-08-28,120,29.28,90,7.8,21,0,1,0,1,513,1834,0,15,0,20
2007-08-29,121,29.34,86,5.3,3,0,1,0,1,514,1832,0,15,0,20
2007-08-30,122,29.47,75,10.8,3,0,1,0,1,515,1831,0,14,0,19
2007-08-31,123,29.47,76,3,6,0,1,0,1,516,1829,0,13,0,18
2007-09-01,124,29.49,79,4.4,11,0,1,0,1,517,1827,0,12,0,17
2007-09-02,125,29.41,84,4.8,21,0,1,0,1,518,1826,0,12,0,17
2007-09-03,126,29.36,88,3,25,0,1,0,1,519,1824,0,12,0,17
2007-09-04,127,29.28,90,2.2,24,0,1,0,1,520,1822,0,12,0,17
2007-09-05,128,29.24,91,6.4,19,0,1,0,1,521,1821,0,12,1,18
2007-09-06,129,29.21,84,12.8,20,0.18,1,0.08,1,522,1819,0,12,1,19
2007-09-07,130,29.15,84,9.5,23,0.19,1,0.67,1,523,1817,1,13,1,20
2007-09-08,131,29.3,78,8.4,5,0,1,0,1,524,1815,0,13,0,20
2007-09-09,132,29.36,79,10.1,3,0,1,0,1,525,1814,0,13,0,19
2007-09-10,133,29.3,73,7.4,3,0.36,1,0.25,1,526,1812,1,13,1,19
2007-09-11,134,29.2,71,12.1,29,0,1,0,1,527,1810,0,13,0,19
2007-09-12,135,29.4,66,1.9,5,0,1,0,1,528,1809,0,13,0,19
2007-09-13,136,29.23,79,7.1,20,0,1,0,1,529,1807,0,13,0,19
2007-09-14,137,29.36,67,11.7,32,0,1,0,1,530,1805,0,13,0,19
2007-09-15,138,29.56,62,1.1,35,0,1,0,1,531,1803,0,13,0,19
2007-09-16,139,29.46,72,7.7,18,0,1,0,1,532,1760,0,13,0,19
2007-09-17,140,29.39,80,10.6,17,0,1,0,1,533,1758,0,13,0,19
2007-09-18,141,29.34,89,12.5,19,0,1,0,1,535,1756,0,12,0,18
2007-09-19,142,29.41,84,3.5,25,0,1,0,1,536,1755,0,11,0,17
2007-09-20,143,29.39,76,5.6,8,0,1,0,1,537,1753,0,11,0,16
2007-09-21,144,29.18,90,9.8,22,0,1,0,1,538,1751,0,11,0,15
2007-09-22,145,29.42,72,4.3,1,0,1,0,1,539,1749,0,10,0,14
2007-09-23,146,29.43,83,5.9,12,0,1,0,1,540,1748,0,10,0,13
2007-09-24,147,29.27,91,10,19,0,1,0,1,541,1746,0,10,0,13
2007-09-25,148,29.23,83,7.3,23,0.27,1,0.01,1,542,1744,0,10,1,14
2007-09-26,149,29.31,68,4.8,2,0.09,1,0.14,1,543,1742,1,11,1,15
2007-09-27,150,29.26,74,4.5,25,0,1,0,1,544,1741,1,12,0,15
2007-09-28,151,29.47,73,3.1,7,0,1,0,1,545,1739,0,11,0,14
2007-09-29,152,29.5,82,8.4,17,0,1,0,1,546,1737,0,10,0,13
2007-09-30,153,29.36,84,12.9,19,0.14,1,0.14,1,547,1735,0,10,0,13
2007-10-01,154,29.28,68,7.9,21,0.29,1,0.17,1,548,1734,1,11,1,14
2007-10-02,155,29.18,80,10,19,0.09,1,0.11,1,549,1732,1,11,1,14
2007-10-03,156,29.28,74,4.8,25,0,1,0,1,550,1730,0,10,0,13
2007-10-04,157,29.34,83,4.6,17,0,1,0,1,552,1729,0,9,0,12
2007-10-05,158,29.36,85,6.8,18,0,1,0.06,1,553,1727,1,10,0,12
2007-10-06,159,29.33,88,6.4,21,0,1,0,1,554,1725,0,9,0,11
2007-10-07,160,29.31,88,5.3,19,0,0,0,1,555,1724,0,9,0,10
2007-10-08,161,29.23,88,7.3,24,0,0,0,1,556,1722,0,8,0,9
2007-10-09,162,29.21,77,12.1,28,0,0,0,1,557,1720,0,7,0,8
2007-10-10,163,29.21,53,14.4,31,0,0,0,1,558,1719,0,7,1,9
2007-10-11,164,29.28,56,14.6,36,0,0,0,1,559,1717,0,7,0,9
2007-10-12,165,29.28,57,2.8,36,0,0,0,1,600,1715,0,7,0,9
2007-10-13,166,29.31,59,3.6,21,0,0,0,1,602,1714,0,7,0,9
2007-10-14,167,29.34,63,5.7,12,0.15,0,0.01,1,603,1712,1,8,1,10
2007-10-15,168,29.21,77,6.6,16,0.07,0,0.04,1,604,1711,1,9,1,11
2007-10-16,169,29.16,68,6.5,21,0.24,0,0.19,1,605,1709,1,10,1,12
2007-10-17,170,29.07,74,8.6,14,0.04,0,0.11,1,606,1707,1,11,1,13
2007-10-18,171,28.59,79,15.5,19,0.3,0,0.34,1,607,1706,1,12,1,14
2007-10-19,172,28.75,61,17.7,24,0.01,0,0,1,608,1704,1,13,1,15
2007-10-20,173,29.02,74,11.1,21,0,0,0,1,610,1703,0,13,0,14
2007-10-21,174,29.08,79,16.7,20,0,0,0,1,611,1701,0,13,0,13
2007-10-22,175,29.26,66,5.8,1,0.16,0,0.15,0,612,1660,1,13,1,13
2007-10-23,176,29.2,53,4,31,0,0,0.03,0,613,1658,1,14,0,13
2007-10-24,177,29.46,53,16,2,0,0,0,0,614,1657,0,14,0,13
2007-10-25,178,29.47,57,14.5,6,0,0,0,0,616,1656,1,14,1,13
2007-10-26,179,29.31,66,4.2,6,0.33,0,0.41,0,617,1654,1,15,1,14
2007-10-27,180,29.56,57,7.9,31,0.01,0,0.08,0,618,1653,1,16,1,15
2007-10-28,181,29.79,56,3.5,23,0,0,0,0,619,1651,0,16,0,15
2007-10-29,182,29.63,60,9.1,22,0,0,0,0,620,1650,0,16,0,15
2007-10-30,183,29.43,66,10.8,20,0,0,0,0,622,1649,0,16,0,15
2007-10-31,184,29.3,63,12.2,25,0,0,0,0,623,1647,0,16,0,15
2008-05-01,185,28.95,73,9.8,17,0,0,0,0,448,1849,0,16,0,15
2008-05-02,186,28.79,74,11.9,19,1.28,1,0.74,1,447,1850,1,17,1,16
2008-05-03,187,29.01,56,11.2,25,0,1,0.01,1,446,1851,1,18,1,17
2008-05-04,188,29.31,66,5.1,23,0,1,0,1,444,1852,0,18,0,17
2008-05-05,189,29.27,74,3.7,23,0,1,0,1,443,1853,0,18,0,17
2008-05-06,190,29.16,82,6.9,22,0,1,0,1,442,1855,0,18,0,17
2008-05-07,191,28.97,71,1.9,22,0.76,1,0.71,1,441,1856,1,19,1,18
2008-05-08,192,29.08,59,14.3,5,0,1,0,1,439,1857,0,19,0,18
2008-05-09,193,29.15,58,6.5,3,0,1,0,1,438,1858,0,19,0,17
2008-05-10,194,29.08,61,6,8,0,1,0,1,437,1859,0,18,0,16
2008-05-11,195,28.85,60,14.3,2,0.95,1,1.46,1,436,1860,1,18,1,17
2008-05-12,196,29.26,53,4.9,6,0,1,0,1,435,1901,0,18,0,17
2008-05-13,197,29.2,73,13.7,18,0.08,1,0.32,1,434,1902,1,19,1,18
2008-05-14,198,29.19,61,2.5,21,0.02,1,0.02,1,433,1903,1,20,0,18
2008-05-15,199,29.33,57,7.5,5,0,1,0,1,432,1904,0,19,0,17
2008-05-16,200,29.1,72,8.3,25,0,1,0,1,431,1905,0,18,0,16
2008-05-17,201,28.87,73,11.2,29,0.12,1,0.26,1,430,1906,1,19,1,17
2008-05-18,202,28.93,55,1.6,35,0,1,0,1,429,1907,0,19,0,17
2008-05-19,203,28.96,59,4.4,7,0,1,0,1,428,1908,1,19,1,18
2008-05-20,204,28.94,64,6.9,30,0,1,0,1,427,1909,0,19,0,18
2008-05-21,205,29,65,6.8,33,0,1,0,1,426,1910,0,19,0,18
2008-05-22,206,29.24,56,10.5,5,0,1,0,1,425,1911,0,19,0,18
2008-05-23,207,29.41,59,10.4,3,0,1,0,1,425,1912,0,19,0,18
2008-05-24,208,29.44,68,6.9,7,0,1,0,1,424,1913,0,19,0,17
2008-05-25,209,29.18,78,11.1,17,0,1,0,1,423,1914,0,19,0,17
2008-05-26,210,29.11,84,7.3,24,0.48,1,0,1,422,1915,1,20,1,18
2008-05-27,211,29.5,53,18,2,0,1,0,1,422,1916,1,21,0,18
2008-05-28,212,29.6,61,7.8,7,0,1,0,1,421,1916,0,20,0,17
2008-05-29,213,29.39,68,2.2,10,0.01,1,0.08,1,421,1917,1,20,1,17
2008-05-30,214,29.03,77,9.4,20,0.4,1,0.3,1,420,1918,1,20,1,17
2008-05-31,215,29.1,79,11.1,28,0,1,0,1,420,1919,0,19,0,16
2008-06-01,216,29.23,71,5.6,8,0,1,0,1,419,1920,0,18,0,15
2008-06-02,217,29.16,85,1.7,13,0,1,0,1,419,1920,0,17,1,15
2008-06-03,218,28.97,74,5.2,3,0.52,1,0.92,1,418,1921,1,18,1,16
2008-06-04,219,28.9,78,3.1,5,0,1,0.02,1,418,1922,0,18,0,16
2008-06-05,220,29,88,13.2,20,0.64,1,0.22,1,417,1923,0,17,0,15
2008-06-06,221,29.07,86,19.2,20,0,1,0.03,1,417,1923,1,17,1,16
2008-06-07,222,29.16,84,11.8,19,0.11,1,0.07,1,417,1924,0,17,1,17
2008-06-08,223,29.11,87,4.2,19,1.24,1,1.31,1,417,1925,1,17,1,17
2008-06-09,224,29.1,74,6.5,23,0.14,1,0.21,1,416,1925,1,17,1,17
2008-06-10,225,29.18,80,9.3,25,0,1,0.01,1,416,1926,1,17,1,17
2008-06-11,226,29.28,86,9.4,18,0,1,0,1,416,1926,0,17,0,17
2008-06-12,227,29.2,91,14.8,18,0,1,0,1,416,1927,0,17,0,17
2008-06-13,228,29.21,82,9.6,23,0.39,1,0.19,1,416,1927,1,18,1,18
2008-06-14,229,29.23,84,8.7,24,0,1,0,1,416,1928,0,18,0,18
2008-06-15,230,29.15,82,8.4,24,0.18,1,0.29,1,416,1928,1,19,1,19
2008-06-16,231,29.2,74,10.8,31,0,1,0,1,416,1929,0,18,0,18
2008-06-17,232,29.26,76,10.2,30,0,1,0,1,416,1929,0,17,0,17
2008-06-18,233,29.21,75,5,5,0,1,0,1,416,1929,0,17,0,17
2008-06-19,234,29.21,80,1.5,14,0,1,0,1,416,1930,0,17,0,17
2008-06-20,235,29.25,83,6.5,23,0.09,1,0.04,1,416,1930,1,18,1,18
2008-06-21,236,29.24,83,5.6,29,0.01,1,0.01,1,416,1930,1,18,0,17
2008-06-22,237,29.18,81,1.5,34,0.16,1,0.02,1,417,1931,1,19,0,17
2008-06-23,238,29.33,76,3.8,3,0,1,0,1,417,1931,0,19,0,17
2008-06-24,239,29.44,82,4.3,18,0,1,0,1,417,1931,0,19,0,17
2008-06-25,240,29.28,79,7.5,21,0.08,1,0.11,1,417,1931,1,19,1,17
2008-06-26,241,29.15,87,6.8,25,0,1,0,1,418,1931,0,19,0,17
2008-06-27,242,29.05,85,8.3,21,0,1,0,1,418,1931,1,19,1,17
2008-06-28,243,28.98,84,13.3,26,0.04,1,0,1,419,1931,1,19,0,17
2008-06-29,244,29.08,77,7.9,30,0.58,1,0.22,1,419,1931,1,20,1,18
2008-06-30,245,29.28,81,5.5,35,0,1,0,1,419,1931,0,20,0,18
2008-07-01,246,29.24,84,8.2,23,0,1,0,1,420,1931,0,19,0,17
2008-07-02,247,29.09,89,7.4,24,0.2,1,0.12,1,420,1931,1,20,1,18
2008-07-03,248,29.34,71,13.3,3,0,1,0,1,421,1931,0,19,0,17
2008-07-04,249,29.35,75,6.5,6,0,1,0,1,422,1930,0,19,0,17
2008-07-05,250,29.31,79,4.7,10,0,1,0,1,422,1930,0,19,0,17
2008-07-06,251,29.21,88,8.3,19,0,1,0,1,423,1930,0,19,0,17
2008-07-07,252,29.16,87,10.8,21,0.03,1,0.11,1,423,1930,0,19,1,18
2008-07-08,253,29.1,86,7.4,24,0.03,1,0.28,1,424,1929,1,20,0,18
2008-07-09,254,29.26,85,8.1,32,0,1,0,1,425,1929,0,20,0,18
2008-07-10,255,29.26,84,8.1,23,0.72,1,0.43,1,425,1929,1,20,1,18
2008-07-11,256,29.23,89,3.7,19,0.34,1,0.03,1,426,1928,1,20,1,19
2008-07-12,257,29.19,83,8.4,26,0.73,1,0.65,1,427,1928,1,21,1,20
2008-07-13,258,29.12,79,13.6,27,0,1,0,1,428,1927,0,20,0,19
2008-07-14,259,29.22,84,1.9,29,0,1,0,1,428,1927,0,19,0,18
2008-07-15,260,29.3,91,7.8,22,0,1,0,1,429,1926,0,19,0,18
2008-07-16,261,29.39,91,5.2,21,0,1,0,1,430,1925,0,19,0,18
2008-07-17,262,29.33,90,8.9,22,0,1,0,1,431,1925,0,19,0,17
2008-07-18,263,29.24,91,6.8,23,0.04,1,0,1,432,1924,1,19,1,17
2008-07-19,264,29.19,80,1.1,23,1.61,1,1.22,1,433,1923,1,20,1,18
2008-07-20,265,29.2,86,6.1,27,0.74,1,0.43,1,433,1923,1,21,0,18
2008-07-21,266,29.21,84,2.4,2,0.13,1,0.13,1,434,1922,1,21,1,18
2008-07-22,267,29.31,75,8.6,3,0,1,0.06,1,435,1921,1,22,0,17
2008-07-23,268,29.39,81,8.3,36,0,1,0,1,436,1920,0,21,0,16
2008-07-24,269,29.33,82,4.3,24,0,1,0,1,437,1919,0,20,0,15
2008-07-25,270,29.26,84,6.8,22,0,1,0,1,438,1918,0,19,0,14
2008-07-26,271,29.22,85,6.9,30,0,1,0,1,439,1918,0,19,0,14
2008-07-27,272,29.16,83,5.9,24,0,1,0,1,440,1917,0,19,0,14
2008-07-28,273,29.16,84,4.4,10,0,1,0,1,441,1916,0,18,0,13
2008-07-29,274,29.14,89,5.9,20,0.05,1,0.23,1,442,1915,1,19,1,14
2008-07-30,275,29.04,90,8.8,27,0,1,0,1,443,1914,0,18,0,13
2008-07-31,276,29.06,89,5.6,27,0.14,1,0.5,1,444,1913,1,19,1,14
2008-08-01,277,29.09,89,1.9,6,1.05,1,0,1,445,1911,0,19,1,15
2008-08-02,278,29.24,80,8.6,3,0,1,0,1,446,1910,0,19,0,15
2008-08-03,279,29.24,85,5.2,19,0,1,0,1,447,1909,0,19,0,15
2008-08-04,280,29.18,88,2.9,19,2.43,1,0.59,1,448,1908,1,19,1,15
2008-08-05,281,29.24,88,2.9,31,0,1,0.08,1,449,1907,0,18,0,15
2008-08-06,282,29.29,84,5.4,29,0,1,0.01,1,450,1906,0,17,0,15
2008-08-07,283,29.26,81,7.1,35,0,1,0.01,1,451,1904,0,17,0,15
2008-08-08,284,29.29,78,3.5,1,0,1,0,1,452,1903,0,17,0,15
2008-08-09,285,29.2,78,3.8,28,0,1,0,1,453,1902,1,17,0,14
2008-08-10,286,29.31,74,10.2,2,0,1,0,1,454,1900,0,17,0,14
2008-08-11,287,29.3,76,3.5,5,0,1,0,1,455,1859,0,16,0,13
2008-08-12,288,29.17,77,3.3,10,0,1,0,1,456,1858,0,15,0,13
2008-08-13,289,29.11,77,3.1,8,0.06,1,0,1,457,1856,0,14,1,13
2008-08-14,290,29.23,78,7.7,3,0,1,0,1,458,1855,0,14,0,13
2008-08-15,291,29.44,78,7.5,4,0,1,0,1,459,1854,0,14,0,13
2008-08-16,292,29.4,82,5.5,29,0,1,0,1,500,1852,0,13,0,12
2008-08-17,293,29.28,85,8.5,25,0,1,0,1,501,1851,0,13,0,12
2008-08-18,294,29.26,85,6.6,26,0,1,0,1,502,1849,0,13,0,12
2008-08-19,295,29.38,84,4.9,5,0,1,0,1,503,1848,0,13,0,12
2008-08-20,296,29.4,81,7.3,10,0,1,0,1,504,1846,0,13,0,12
2008-08-21,297,29.31,82,6.5,14,0,1,0,1,505,1845,1,14,1,12
2008-08-22,298,29.32,84,11.1,19,0.09,1,0,1,506,1843,1,14,0,12
2008-08-23,299,29.31,90,8.3,24,0,1,0,1,508,1842,0,14,0,12
2008-08-24,300,29.34,78,8.7,3,0,1,0,1,509,1840,0,13,0,11
2008-08-25,301,29.36,74,12.7,5,0,1,0,1,510,1839,0,12,0,10
2008-08-26,302,29.29,75,7.9,7,0,1,0,1,511,1837,0,11,0,9
2008-08-27,303,29.2,82,4.2,9,0,1,0,1,512,1835,0,11,0,9
2008-08-28,304,29.1,81,5.7,19,0.06,1,0.02,1,513,1834,1,12,1,10
2008-08-29,305,29.24,84,3.6,2,0.04,1,0,1,514,1832,0,12,1,11
2008-08-30,306,29.39,87,2,23,0,1,0,1,515,1831,0,12,0,11
2008-08-31,307,29.41,89,4.8,12,0,1,0,1,516,1829,0,12,0,11
2008-09-01,308,29.37,89,7.7,12,0,1,0,1,517,1827,0,11,0,10
2008-09-02,309,29.31,95,2.8,17,0,1,0,1,518,1826,1,11,0,9
2008-09-03,310,29.31,77,11.2,1,0.02,1,0,1,519,1824,0,10,0,9
2008-09-04,311,29.08,68,11.2,3,2.9,1,2.68,1,520,1822,1,10,1,9
2008-09-05,312,29.22,68,4.3,32,0,1,0.01,1,521,1821,1,10,0,9
2008-09-06,313,29.28,74,5.1,28,0.01,1,0,1,522,1819,1,11,0,9
2008-09-07,314,29.35,74,7,26,0,1,0.01,1,523,1817,0,11,0,9
2008-09-08,315,29.41,70,4.9,33,1.23,1,1.01,1,524,1815,1,12,1,10
2008-09-09,316,29.45,68,3.1,36,0,1,0.01,1,525,1814,0,12,0,10
2008-09-10,317,29.47,72,4,14,0,1,0,1,526,1812,0,12,0,10
2008-09-11,318,29.33,79,8.6,18,0,1,0,1,527,1810,0,12,1,11
2008-09-12,319,29.22,73,6.6,23,0.37,1,0.62,1,528,1809,1,12,1,11
2008-09-13,320,28.97,77,7.2,22,6.64,1,3.07,1,529,1807,1,13,1,12
2008-09-14,321,28.97,72,7.2,32,1.44,1,1.75,1,530,1805,1,13,1,12
2008-09-15,322,29.41,65,5.9,33,0,1,0.01,1,531,1803,0,13,0,11
2008-09-16,323,29.47,71,5.3,24,0,1,0,1,532,1760,0,13,0,11
2008-09-17,324,29.46,83,2.2,28,0,1,0,1,533,1758,0,13,0,11
2008-09-18,325,29.56,74,7.2,9,0,1,0,1,535,1756,0,12,0,10
2008-09-19,326,29.47,79,6.1,18,0,1,0,1,536,1755,0,12,0,10
2008-09-20,327,29.46,82,2.3,12,0,1,0,1,537,1753,0,12,0,10
2008-09-21,328,29.55,80,3,9,0,1,0,1,538,1751,0,12,0,10
2008-09-22,329,29.59,82,6.7,12,0,1,0,1,539,1749,0,12,0,10
2008-09-23,330,29.56,83,6.6,15,0,1,0,1,540,1748,0,11,0,10
2008-09-24,331,29.54,82,2.7,21,0.2,1,0,1,541,1746,0,11,0,10
2008-09-25,332,29.54,78,5.4,4,0,1,0,1,542,1744,0,11,0,10
2008-09-26,333,29.42,78,3.5,6,0,1,0,1,543,1742,0,11,0,10
2008-09-27,334,29.33,80,1.6,7,0,1,0,1,544,1741,0,11,0,9
2008-09-28,335,29.41,69,7.3,4,0,1,0,1,545,1739,0,11,0,9
2008-09-29,336,29.26,65,1.6,33,0.82,1,0.11,1,546,1737,1,12,1,10
2008-09-30,337,29.21,61,9.3,31,0,1,0.01,1,547,1735,0,12,0,10
2008-10-01,338,29.24,62,10.9,33,0,1,0,1,548,1734,0,12,0,10
2008-10-02,339,29.18,62,9.5,28,0,1,0,1,549,1732,0,12,0,10
2008-10-03,340,29.34,59,6,6,0.01,1,0.01,1,550,1730,1,13,1,11
2008-10-04,341,29.51,60,3.1,11,0,1,0,1,552,1729,0,13,0,11
2008-10-05,342,29.51,61,6.5,11,0.06,1,0.03,1,553,1727,1,13,1,11
2008-10-06,343,29.49,70,8.9,12,0,1,0,1,554,1725,0,12,0,11
2008-10-07,344,29.24,65,9.5,14,0.8,1,0.86,1,555,1724,1,13,1,12
2008-10-08,345,29.13,63,7.4,26,0.19,1,0.29,1,556,1722,1,14,1,13
2008-10-09,346,29.36,69,3.9,29,0,1,0,1,557,1720,0,14,0,13
2008-10-10,347,29.47,73,5.3,11,0,1,0,1,558,1719,0,14,0,13
2008-10-11,348,29.52,80,3.9,14,0,1,0,1,559,1717,0,14,0,13
2008-10-12,349,29.55,86,5.8,16,0,1,0,1,600,1715,0,13,0,12
2008-10-13,350,29.47,79,8.3,20,0,1,0,1,602,1714,0,13,0,11
2008-10-14,351,29.49,70,1.5,34,0,1,0,1,603,1712,0,13,1,12
2008-10-15,352,29.34,64,3.6,32,0.3,1,0.24,1,604,1711,1,14,1,13
2008-10-16,353,29.52,59,6.7,35,0,1,0,1,605,1709,0,14,0,13
2008-10-17,354,29.53,56,5.8,36,0,1,0,1,606,1707,0,13,0,13
2008-10-18,355,29.58,60,2.4,7,0.05,1,0.14,1,607,1706,1,14,1,14
2008-10-19,356,29.49,62,10.6,19,0,1,0,1,608,1704,0,13,0,13
2008-10-20,357,29.48,56,3.2,31,0.18,1,0.31,1,610,1703,1,13,1,14
2008-10-21,358,29.64,55,6.7,3,0,1,0,1,611,1701,0,12,0,14
2008-10-22,359,29.65,54,12,12,0,1,0,1,612,1660,0,12,0,14
2008-10-23,360,29.5,60,10.6,12,0.16,1,0.09,1,613,1658,1,12,1,14
2008-10-24,361,29.18,56,5.6,20,0.32,1,0.63,1,614,1657,1,13,1,15
2008-10-25,362,29.02,53,12.8,23,0,1,0,1,616,1656,0,13,1,16
2008-10-26,363,29.1,56,17.5,27,0,1,0.01,1,617,1654,1,14,1,16
2008-10-27,364,29.51,47,13.4,31,0,1,0,1,618,1653,1,14,0,15
2008-10-28,365,29.54,45,9.9,30,0,1,0,1,619,1651,0,13,0,14
2008-10-29,366,29.47,51,1.7,29,0,1,0,1,620,1650,0,12,0,13
2008-10-30,367,29.57,63,9.3,19,0,1,0,1,622,1649,0,12,0,13
2008-10-31,368,29.57,71,6,22,0,1,0,1,623,1647,0,12,0,13
2009-05-01,369,29.26,62,8.1,29,0.02,1,0.04,1,448,1849,1,13,1,14
2009-05-02,370,29.21,65,9.2,27,0,1,0,1,447,1850,0,13,0,14
2009-05-03,371,29.19,70,4.7,26,0,1,0,1,446,1851,0,13,0,14
2009-05-04,372,29.31,70,7.1,9,0,1,0,1,444,1852,0,13,0,14
2009-05-05,373,29.22,70,5.1,12,0,1,0,1,443,1853,0,13,0,14
2009-05-06,374,29.05,75,6.2,19,0.67,1,0.86,1,442,1855,1,14,1,15
2009-05-07,375,29.01,77,8.2,24,0.19,1,0.03,1,441,1856,1,15,1,16
2009-05-08,376,28.94,74,4.4,20,0.02,1,0.01,1,439,1857,0,15,1,17
2009-05-09,377,29.19,64,4.7,28,0,1,0,1,438,1858,0,15,0,17
2009-05-10,378,29.41,67,5.1,30,0,1,0.02,1,437,1859,1,16,0,17
2009-05-11,379,29.47,61,2.1,7,0,1,0,1,436,1860,0,16,0,17
2009-05-12,380,29.38,72,8.9,16,0,1,0,1,435,1901,0,16,0,17
2009-05-13,381,29.01,71,12.9,18,0.55,1,1.03,1,434,1902,1,16,1,17
2009-05-14,382,29.31,69,11.1,27,0,1,0,1,433,1903,0,16,0,17
2009-05-15,383,29.28,63,4.4,15,0.39,1,0.7,1,432,1904,1,17,1,18
2009-05-16,384,29.36,62,11,30,0,1,0.04,1,431,1905,0,17,0,18
2009-05-17,385,29.6,59,3.3,9,0,1,0,1,430,1906,0,16,0,17
2009-05-18,386,29.54,67,9.3,19,0,1,0,1,429,1907,0,16,0,17
2009-05-19,387,29.48,80,12.3,21,0,1,0,1,428,1908,0,15,0,16
2009-05-20,388,29.4,85,11.9,20,0,1,0,1,427,1909,0,15,0,16
2009-05-21,389,29.38,85,8.1,25,0,1,0,1,426,1910,0,14,0,15
2009-05-22,390,29.46,70,10,3,0,1,0,1,425,1911,0,13,0,14
2009-05-23,391,29.33,79,4.5,8,0,1,0,1,425,1912,0,13,0,14
2009-05-24,392,29.34,70,10.7,3,0,1,0,1,424,1913,0,13,0,14
2009-05-25,393,29.28,64,8.7,6,0.04,1,0.08,1,423,1914,1,14,1,15
2009-05-26,394,29.08,76,5.7,6,1.73,1,1.38,1,422,1915,1,15,1,16
2009-05-27,395,28.95,75,6.8,24,0.02,1,0,1,422,1916,0,15,0,16
2009-05-28,396,29.06,64,6.8,29,0,1,0,1,421,1916,0,15,0,15
2009-05-29,397,29.17,77,2,31,0,1,0,1,421,1917,0,14,0,14
2009-05-30,398,29.09,79,1.8,29,0,1,0,1,420,1918,0,14,1,15
2009-05-31,399,29.21,72,2.9,9,0,1,0,1,420,1919,0,14,0,15
2009-06-01,400,29.19,80,1,34,0.44,1,0.83,1,419,1920,1,14,1,15
2009-06-02,401,29.36,61,8.3,3,0.12,1,0.06,1,419,1920,1,15,1,16
2009-06-03,402,29.42,61,11,2,0,1,0,1,418,1921,0,14,0,15
2009-06-04,403,29.31,68,5.2,5,0,1,0,1,418,1922,0,14,0,15
2009-06-05,404,29.18,80,6.3,25,0,1,0,1,417,1923,0,14,0,15
2009-06-06,405,29.2,66,4.7,3,0.02,1,0,1,417,1923,1,14,0,14
2009-06-07,406,29.14,74,1.5,11,0.04,1,0,1,417,1924,1,14,0,13
2009-06-08,407,29.06,82,6.4,25,0.45,1,0.3,1,417,1925,1,15,1,13
2009-06-09,408,29.23,67,6.4,8,0,1,0,1,416,1925,0,14,0,12
2009-06-10,409,29.15,67,8.5,4,0.01,1,0.04,1,416,1926,1,14,1,13
2009-06-11,410,29.11,60,8.8,1,0.01,1,1.14,1,416,1926,1,15,1,14
2009-06-12,411,29.24,72,5,6,0,1,0,1,416,1927,0,15,1,15
2009-06-13,412,29.28,66,7.2,4,0.33,1,0.31,1,416,1927,1,16,1,16
2009-06-14,413,29.29,76,5.1,5,0,1,0,1,416,1928,0,16,0,16
2009-06-15,414,29.28,81,7.4,9,0,1,0,1,416,1928,0,15,0,15
2009-06-16,415,29.15,71,10.3,11,1.23,1,1.07,1,416,1929,1,16,1,16
2009-06-17,416,29.16,73,2.6,34,0,1,0,1,416,1929,0,16,0,16
2009-06-18,417,29.08,81,3.7,17,0.12,1,0.11,1,416,1929,0,16,1,17
2009-06-19,418,28.97,88,6.3,18,3.97,1,0.87,1,416,1930,1,17,0,17
2009-06-20,419,29.08,88,8.3,28,0,1,0,1,416,1930,0,16,0,16
2009-06-21,420,29.12,86,3.3,9,0.01,1,0,1,416,1930,1,16,0,15
2009-06-22,421,29.09,89,5.3,12,0.09,1,0.06,1,417,1931,0,16,1,15
2009-06-23,422,29.16,92,2.8,13,0,1,0,1,417,1931,0,16,0,15
2009-06-24,423,29.16,93,2.1,23,0.04,1,0.78,1,417,1931,0,15,0,15
2009-06-25,424,29.08,93,1.8,26,0,1,0,1,417,1931,0,15,0,15
2009-06-26,425,NA,86,6.4,4,0,1,0,1,418,1931,0,15,0,15
2009-06-27,426,29.1,90,6,22,0.3,1,0.05,1,418,1931,1,15,1,15
2009-06-28,427,29,83,14.1,29,0,1,0,1,419,1931,0,15,0,15
2009-06-29,428,28.89,78,13.4,30,0,1,0,1,419,1931,0,14,0,14
2009-06-30,429,28.95,68,8.1,30,0,1,0,1,419,1931,0,14,0,14
2009-07-01,430,29.07,65,6.6,31,0,1,0.02,1,420,1931,1,15,1,15
2009-07-02,431,29.26,73,5.7,31,0,1,0,1,420,1931,0,15,0,15
2009-07-03,432,29.36,79,1.8,2,0,1,0,1,421,1931,0,15,0,15
2009-07-04,433,29.26,69,3.4,14,0.2,1,0.12,1,422,1930,1,16,1,16
2009-07-05,434,29.2,82,0.3,36,0.05,1,0.03,1,422,1930,0,16,1,17
2009-07-06,435,29.14,85,4.2,30,0,1,0,1,423,1930,0,16,0,17
2009-07-07,436,29.18,76,5.9,7,0,1,0,1,423,1930,0,16,1,18
2009-07-08,437,29.28,68,7,8,0.06,1,0.17,1,424,1929,1,17,1,19
2009-07-09,438,29.35,80,6.5,10,0,1,0,1,425,1929,0,16,0,18
2009-07-10,439,29.34,84,3.6,21,0.08,1,0.12,1,425,1929,1,16,1,18
2009-07-11,440,29.34,85,5.9,29,0.25,1,1.12,1,426,1928,0,16,0,18
2009-07-12,441,29.35,82,1.9,33,0,1,0,1,427,1928,0,16,0,18
2009-07-13,442,29.36,78,5.8,7,0,1,0,1,428,1927,0,16,0,18
2009-07-14,443,29.34,81,7.5,16,0,1,0,1,428,1927,0,16,0,17
2009-07-15,444,29.18,86,10,25,0.68,1,0.32,1,429,1926,1,17,0,17
2009-07-16,445,29.17,82,9.6,28,0,1,0.17,1,430,1925,0,16,0,16
2009-07-17,446,29.15,70,10.1,29,0,1,0,1,431,1925,1,16,0,15
2009-07-18,447,29.31,73,6.6,32,0,1,0,1,432,1924,0,16,0,15
2009-07-19,448,29.39,73,1.4,4,0,1,0,1,433,1923,0,16,0,15
2009-07-20,449,29.36,76,6.2,10,0,1,0,1,433,1923,0,16,0,15
2009-07-21,450,29.28,82,4.9,14,0.04,1,0,1,434,1922,0,15,1,16
2009-07-22,451,29.23,79,2.8,11,0,1,0,1,435,1921,0,14,0,16
2009-07-23,452,29.21,79,1.7,1,0,1,0.1,1,436,1920,0,13,0,15
2009-07-24,453,29.08,83,8.7,23,0.14,1,0.19,1,437,1919,1,14,1,16
2009-07-25,454,29.02,81,10.8,27,0,1,0,1,438,1918,0,13,0,15
2009-07-26,455,29.13,82,9.1,29,0,1,0,1,439,1918,0,12,1,15
2009-07-27,456,29.13,84,9.2,23,0.02,1,0.03,1,440,1917,1,13,1,15
2009-07-28,457,29.08,86,6.5,28,0.01,1,0.01,1,441,1916,0,12,1,15
2009-07-29,458,29.13,79,3.8,3,0,1,0,1,442,1915,0,12,0,15
2009-07-30,459,29.15,80,4.9,24,0,1,0,1,443,1914,0,12,0,15
2009-07-31,460,29.23,82,5.9,27,0,1,0,1,444,1913,0,11,0,14
2009-08-01,461,29.18,75,10.6,23,0,1,0.01,1,445,1911,0,11,1,15
2009-08-02,462,29.2,79,6.2,26,0,1,0,1,446,1910,0,11,0,14
2009-08-03,463,29.1,86,11,21,0.07,1,0.06,1,447,1909,1,11,0,14
2009-08-04,464,29.17,86,1.8,5,0,1,0,1,448,1908,0,11,0,14
2009-08-05,465,29.34,79,3.8,6,0,1,0,1,449,1907,0,10,0,14
2009-08-06,466,29.39,81,3.4,9,0,1,0,1,450,1906,0,10,0,13
2009-08-07,467,29.36,74,6.4,15,0.33,1,0.23,1,451,1904,1,11,1,14
2009-08-08,468,29.2,89,12.2,21,0.02,1,0.08,1,452,1903,1,12,1,15
2009-08-09,469,29.23,92,11.1,23,0.18,1,0.02,1,453,1902,0,12,0,15
2009-08-10,470,29.24,86,8.3,26,0,1,0,1,454,1900,0,12,0,15
2009-08-11,471,29.3,81,6.1,2,0,1,0,1,455,1859,0,11,0,14
2009-08-12,472,29.39,82,5.5,5,0,1,0,1,456,1858,0,11,0,14
2009-08-13,473,29.38,86,2,16,0,1,0,1,457,1856,0,11,0,14
2009-08-14,474,29.38,88,6.3,21,0,1,0,1,458,1855,0,11,0,14
2009-08-15,475,29.32,89,8.3,19,0,1,0,1,459,1854,0,10,0,13
2009-08-16,476,29.27,90,9.3,21,0.63,1,0.27,1,500,1852,1,11,0,13
2009-08-17,477,29.28,83,5.1,22,0.33,1,0.59,1,501,1851,1,12,1,14
2009-08-18,478,29.28,84,8,27,0,1,0,1,502,1849,0,11,0,13
2009-08-19,479,29.08,81,5.9,16,0.35,1,0.61,1,503,1848,0,11,1,13
2009-08-20,480,28.93,79,12.2,23,0.07,1,0.12,1,504,1846,1,12,1,14
2009-08-21,481,29.07,74,10.1,27,0.16,1,0.05,1,505,1845,1,13,1,14
2009-08-22,482,29.31,69,9.4,36,0,1,0,1,506,1843,0,12,0,13
2009-08-23,483,29.38,73,3.5,5,0,1,0,1,508,1842,0,12,0,13
2009-08-24,484,29.41,79,5,21,0,1,0,1,509,1840,0,11,0,12
2009-08-25,485,29.33,82,8.3,21,0,1,0,1,510,1839,0,11,0,12
2009-08-26,486,29.36,72,3.9,2,0.93,1,0.54,1,511,1837,1,12,1,13
2009-08-27,487,29.36,67,10.7,8,0.95,1,1.19,1,512,1835,1,13,1,14
2009-08-28,488,29.18,71,2.6,2,0.22,1,0.28,1,513,1834,1,14,1,15
2009-08-29,489,29.18,69,10.4,31,0.02,1,0.01,1,514,1832,0,13,1,16
2009-08-30,490,29.44,66,9.4,1,0,1,0,1,515,1831,0,13,0,16
2009-08-31,491,29.55,67,5.3,4,0,1,0,1,516,1829,0,12,0,16
2009-09-01,492,29.57,71,3.2,6,0,1,0,1,517,1827,0,12,0,16
2009-09-02,493,29.51,72,3.2,8,0,1,0,1,518,1826,0,12,0,16
2009-09-03,494,29.42,75,5.2,6,0,1,0,1,519,1824,0,12,0,16
2009-09-04,495,29.44,75,3.8,4,0,1,0,1,520,1822,0,12,0,15
2009-09-05,496,29.49,78,5.2,6,0,1,0,1,521,1821,0,12,0,15
2009-09-06,497,29.47,77,6.3,8,0.03,1,0,1,522,1819,0,12,1,16
2009-09-07,498,29.39,77,6.3,4,0,1,0,1,523,1817,0,11,0,15
2009-09-08,499,29.36,78,6.9,4,0,1,0,1,524,1815,0,11,0,15
2009-09-09,500,29.42,77,6.8,7,0,1,0,1,525,1814,0,11,0,14
2009-09-10,501,29.48,80,6.6,7,0,1,0,1,526,1812,0,10,0,13
2009-09-11,502,29.44,78,6.4,8,0,1,0,1,527,1810,0,10,0,12
2009-09-12,503,29.41,78,3.2,6,0,1,0,1,528,1809,0,10,0,12
2009-09-13,504,29.39,79,2.5,7,0,1,0.01,1,529,1807,0,10,0,12
2009-09-14,505,29.34,84,1.1,13,0,1,0,1,530,1805,0,10,0,12
2009-09-15,506,29.36,83,5.8,2,0,1,0,1,531,1803,0,10,0,11
2009-09-16,507,29.49,72,12.5,6,0,1,0,1,532,1760,0,10,0,11
2009-09-17,508,29.45,71,4.5,8,0,1,0,1,533,1758,0,9,0,11
2009-09-18,509,29.46,79,5.3,3,0,1,0,1,535,1756,0,9,0,11
2009-09-19,510,29.48,75,4.4,10,0,1,0,1,536,1755,0,9,0,11
2009-09-20,511,29.28,71,5.9,8,0.75,1,0.44,1,537,1753,1,10,1,12
2009-09-21,512,29.26,69,3.6,23,0,1,0,1,538,1751,0,9,0,11
2009-09-22,513,29.28,76,5.2,18,0,1,0.04,1,539,1749,1,9,0,10
2009-09-23,514,29.42,76,0.8,31,0,1,0,1,540,1748,0,9,0,10
2009-09-24,515,29.44,71,4.1,7,0,1,0,1,541,1746,0,9,0,10
2009-09-25,516,29.39,70,5.4,11,0.16,1,0.02,1,542,1744,1,10,1,11
2009-09-26,517,29.15,66,3.9,26,0,1,0,1,543,1742,0,10,0,11
2009-09-27,518,28.84,74,7.6,23,0.08,1,0.48,1,544,1741,0,10,1,12
2009-09-28,519,28.91,63,19.8,28,0.01,1,0,1,545,1739,1,11,1,13
2009-09-29,520,29.28,58,8.4,33,0,1,0,1,546,1737,0,11,0,13
2009-09-30,521,29.39,61,4.8,3,0,1,0,1,547,1735,0,10,0,13
2009-10-01,522,29.13,59,8.8,13,0.89,1,0.59,1,548,1734,1,10,1,13
2009-10-02,523,28.8,56,10,22,0.21,1,0.17,1,549,1732,1,11,1,14
2009-10-03,524,29.02,58,9.4,26,0.11,1,0.03,1,550,1730,1,12,1,14
2009-10-04,525,29.28,61,8.9,27,0,1,0,1,552,1729,0,11,0,13
2009-10-05,526,29.29,61,2.9,9,0,1,0,1,553,1727,0,10,0,12
2009-10-06,527,28.9,62,9.5,24,0.03,1,0.05,1,554,1725,1,11,1,13
2009-10-07,528,29.24,60,8.5,26,0,1,0,1,555,1724,0,11,0,13
2009-10-08,529,29.18,54,4.8,20,0.12,1,0.14,1,556,1722,1,12,1,14
2009-10-09,530,29.21,52,9.3,35,0.46,1,0.43,1,557,1720,1,13,1,15
2009-10-10,531,29.49,48,7.8,29,0,1,0,1,558,1719,0,12,0,14
2009-10-11,532,29.6,45,1.1,1,0,1,0,1,559,1717,0,11,0,13
2009-10-12,533,29.44,49,0.6,24,0.02,1,0,1,600,1715,1,11,1,13
2009-10-13,534,29.6,48,8.5,2,0,1,0,1,602,1714,0,11,0,12
2009-10-14,535,29.4,48,10.7,10,0.03,1,0.03,1,603,1712,1,12,1,13
2009-10-15,536,29.26,44,9.4,7,0.29,1,0.33,1,604,1711,1,13,1,14
2009-10-16,537,29.41,46,7.1,35,0.04,1,0.08,1,605,1709,1,14,1,15
2009-10-17,538,29.57,52,6.9,35,0,1,0.01,1,606,1707,1,15,0,15
2009-10-18,539,29.49,53,5.8,21,0,1,0,1,607,1706,0,15,0,15
2009-10-19,540,29.25,66,10.7,21,0,1,0,1,608,1704,0,15,0,15
2009-10-20,541,29.31,64,6.4,19,0.03,1,0.05,1,610,1703,1,16,1,16
2009-10-21,542,29.25,70,11.1,21,0,1,0.01,1,611,1701,0,16,1,16
2009-10-22,543,29.18,58,8.7,6,1.03,1,0.84,1,612,1660,1,17,1,17
2009-10-23,544,28.73,62,6.6,19,0.89,1,1.29,1,613,1658,1,18,1,18
2009-10-24,545,29.03,49,9.6,26,0.04,1,0.05,1,614,1657,1,19,1,19
2009-10-25,546,29.26,63,6.3,19,0.27,1,0.24,1,616,1656,1,20,1,20
2009-10-26,547,29.28,55,5.2,21,0.11,1,0.13,1,617,1654,1,21,1,21
2009-10-27,548,29.19,52,5.5,5,0.06,1,0.16,1,618,1653,1,22,1,22
2009-10-28,549,29.28,58,1.8,13,0,1,0,1,619,1651,0,22,0,22
2009-10-29,550,29.21,60,11.1,14,0.6,1,1.05,1,620,1650,1,23,1,23
2009-10-30,551,28.79,68,15.7,21,0.81,1,1.15,1,622,1649,1,24,1,24
2009-10-31,552,29.18,47,13.4,26,0,1,0.01,1,623,1647,0,24,0,24
2010-05-01,553,28.89,71,7.4,22,0.11,1,0.01,1,448,1849,1,25,1,25
2010-05-02,554,28.9,68,2.8,26,0.93,1,0.31,1,447,1850,1,26,1,26
2010-05-03,555,29.07,72,8.9,25,0,1,0,1,446,1851,0,26,0,26
2010-05-04,556,29.05,80,12.1,21,0,1,0,1,444,1852,0,25,0,25
2010-05-05,557,29.08,73,9.7,27,0,1,0,1,443,1853,0,25,0,25
2010-05-06,558,29.27,60,5.9,6,0.01,1,0.05,1,442,1855,0,24,0,25
2010-05-07,559,28.98,59,3.7,31,0.72,1,0.74,1,441,1856,1,25,1,26
2010-05-08,560,29.36,50,13.6,29,0.02,1,0.08,1,439,1857,1,26,1,27
2010-05-09,561,29.59,56,1.8,6,0,1,0,1,438,1858,0,25,0,26
2010-05-10,562,29.47,58,12.5,12,0,1,0,1,437,1859,1,26,1,27
2010-05-11,563,29.16,59,3,12,0.97,1,0.72,1,436,1860,1,27,1,27
2010-05-12,564,29.36,53,8.3,6,0.12,1,0.14,1,435,1901,1,27,1,27
2010-05-13,565,29.23,78,5.9,25,1.49,1,0.97,1,434,1902,1,28,1,28
2010-05-14,566,29.46,67,11.9,26,0,1,0,1,433,1903,0,28,0,28
2010-05-15,567,29.53,63,4,5,0,1,0,1,432,1904,0,27,0,27
2010-05-16,568,29.44,66,11.1,5,0,1,0,1,431,1905,0,26,0,26
2010-05-17,569,29.29,60,7.9,3,0.01,1,0.11,1,430,1906,1,26,1,26
2010-05-18,570,29.26,62,9.6,2,0,1,0,1,429,1907,0,26,0,26
2010-05-19,571,29.31,73,6.4,4,0,1,0,1,428,1908,0,26,0,26
2010-05-20,572,29.29,72,6.3,12,0.05,1,0.09,1,427,1909,1,26,1,26
2010-05-21,573,29.15,72,5,12,0.21,1,0.4,1,426,1910,1,27,1,27
2010-05-22,574,29.23,72,2.7,9,0,1,0.01,1,425,1911,0,26,0,26
2010-05-23,575,29.26,89,9.7,18,0,1,0,1,425,1912,0,25,0,25
2010-05-24,576,29.33,91,6.3,13,0,1,0,1,424,1913,0,25,0,25
2010-05-25,577,29.33,87,6.4,12,0,1,0,1,423,1914,0,25,0,25
2010-05-26,578,29.29,85,3.2,2,0,1,0,1,422,1915,1,25,0,24
2010-05-27,579,29.31,77,12.7,2,0,1,0,1,422,1916,0,25,0,24
2010-05-28,580,29.28,76,10,2,0,1,0,1,421,1916,0,24,0,23
2010-05-29,581,29.23,84,4.5,7,0,1,0,1,421,1917,0,23,0,22
2010-05-30,582,29.16,91,4.5,17,0,1,0,1,420,1918,0,22,0,21
2010-05-31,583,29.15,84,1.6,19,0.26,1,1.57,1,420,1919,1,22,1,22
2010-06-01,584,29.1,84,4.4,17,0,1,0,1,419,1920,0,22,0,22
2010-06-02,585,29,77,2.8,32,1.02,1,1.3,1,419,1920,1,23,1,23
2010-06-03,586,29.1,71,6.1,4,0,1,0,1,418,1921,0,22,0,22
2010-06-04,587,29,83,6.8,21,0,1,0,1,418,1922,0,22,0,21
2010-06-05,588,28.95,79,3.8,24,0.15,1,0.51,1,417,1923,1,22,1,21
2010-06-06,589,29.16,75,8.3,33,0,1,0,1,417,1923,1,22,1,21
2010-06-07,590,29.34,69,6.5,7,0,1,0,1,417,1924,0,21,0,20
2010-06-08,591,29.22,67,7.8,13,0.45,1,0.33,1,417,1925,1,21,1,20
2010-06-09,592,29.13,83,10,27,0,1,0,1,416,1925,0,20,0,19
2010-06-10,593,29.26,75,5.3,8,0,1,0,1,416,1926,0,19,0,18
2010-06-11,594,29.18,88,8.6,19,0.02,1,0.41,1,416,1926,0,19,1,19
2010-06-12,595,29.25,77,2.2,2,0.34,1,0.12,1,416,1927,1,19,1,19
2010-06-13,596,29.26,73,3.6,7,0.25,1,0.25,1,416,1927,1,19,1,19
2010-06-14,597,29.23,72,5.5,5,0,1,0.01,1,416,1928,1,20,1,20
2010-06-15,598,29.16,79,3.2,20,0.59,1,0.88,1,416,1928,1,20,1,20
2010-06-16,599,29.28,86,6.1,27,0,1,0,1,416,1929,0,19,0,19
2010-06-17,600,29.3,84,4.4,14,0,1,0,1,416,1929,0,19,0,19
2010-06-18,601,29.18,91,6.2,22,0.87,1,0.66,1,416,1929,1,20,0,19
2010-06-19,602,29.24,86,10.1,27,0,1,0,1,416,1930,0,20,0,19
2010-06-20,603,29.34,80,4.4,8,0,1,0,1,416,1930,0,20,0,19
2010-06-21,604,29.26,85,4.4,17,0.22,1,0.4,1,416,1930,0,19,0,18
2010-06-22,605,29.28,86,6.7,22,0,1,0,1,417,1931,0,18,0,17
2010-06-23,606,29.16,87,9.3,22,0.87,1,1.23,1,417,1931,1,19,1,18
2010-06-24,607,29.33,81,2.3,36,0,1,0,1,417,1931,0,18,0,17
2010-06-25,608,29.28,84,6.5,20,0,1,0,1,417,1931,0,17,0,16
2010-06-26,609,29.1,88,2.3,16,0.85,1,0.7,1,418,1931,1,17,0,15
2010-06-27,610,28.9,87,8.5,24,0.54,1,0.88,1,418,1931,0,16,0,14
2010-06-28,611,29.08,82,9.1,31,0,1,0,1,419,1931,0,16,0,14
2010-06-29,612,29.41,73,6.7,6,0,1,0,1,419,1931,0,16,0,14
2010-06-30,613,29.54,76,3.9,5,0,1,0,1,419,1931,0,16,0,14
2010-07-01,614,29.59,77,6.2,10,0,1,0,1,420,1931,0,15,0,13
2010-07-02,615,29.47,83,7.5,18,0,1,0,1,420,1931,0,15,0,13
2010-07-03,616,29.31,87,8.1,20,0,1,0,1,421,1931,0,15,0,13
2010-07-04,617,29.2,92,10.2,22,0,1,0.03,1,422,1930,0,14,0,12
2010-07-05,618,29.2,90,13,20,0,1,0,1,422,1930,0,13,0,11
2010-07-06,619,29.26,91,9,23,0.37,1,0.04,1,423,1930,1,14,1,12
2010-07-07,620,29.34,94,4.8,24,0.2,1,0.05,1,423,1930,0,14,0,12
2010-07-08,621,29.27,87,0.5,34,0.16,1,0.15,1,424,1929,1,15,1,13
2010-07-09,622,29.26,87,4.9,2,0,1,0,1,425,1929,0,15,0,13
2010-07-10,623,29.23,89,4.1,27,0,1,0.01,1,425,1929,0,14,0,13
2010-07-11,624,29.08,85,6.4,21,0.79,1,0.77,1,426,1928,1,15,1,14
2010-07-12,625,29.05,84,1.1,4,0,1,0.01,1,427,1928,1,16,0,14
2010-07-13,626,29.18,84,6.2,9,0.17,1,0.02,1,428,1927,1,17,0,14
2010-07-14,627,29.25,91,8.6,18,0,1,0,1,428,1927,0,17,0,14
2010-07-15,628,29.21,92,7.9,25,0.01,1,0,1,429,1926,0,16,0,13
2010-07-16,629,29.23,90,6.6,25,0,1,0,1,430,1925,0,16,0,13
2010-07-17,630,29.18,92,1.4,26,0,1,0,1,431,1925,0,15,0,12
2010-07-18,631,29.1,91,7.1,24,0.01,1,0.29,1,432,1924,0,15,0,12
2010-07-19,632,29.18,84,3.4,23,0.01,1,0,1,433,1923,1,16,1,13
2010-07-20,633,29.21,85,7,23,0,1,0,1,433,1923,0,15,0,12
2010-07-21,634,29.29,90,1.8,30,0,1,0,1,434,1922,0,14,0,11
2010-07-22,635,29.16,90,8.2,20,0.01,1,0.02,1,435,1921,1,15,0,11
2010-07-23,636,29.15,95,9.6,24,2.79,1,3.15,1,436,1920,1,15,1,11
2010-07-24,637,29.16,87,2.9,23,3.64,1,4.73,1,437,1919,1,16,1,12
2010-07-25,638,29.36,81,9.2,2,0,1,0.52,1,438,1918,0,16,0,12
2010-07-26,639,29.38,84,4.8,12,0,1,0,1,439,1918,0,16,0,11
2010-07-27,640,29.28,88,6,21,0,1,0,1,440,1917,0,15,0,10
2010-07-28,641,29.24,91,5.2,25,0,1,0,1,441,1916,0,14,0,9
2010-07-29,642,29.36,81,6.1,6,0,1,0,1,442,1915,0,13,0,8
2010-07-30,643,29.25,79,5.1,16,0,1,0,1,443,1914,1,13,1,8
2010-07-31,644,29.14,78,3.1,14,0.68,1,0.6,1,444,1913,1,14,1,9
2010-08-01,645,29.23,84,2.2,11,0,1,0,1,445,1911,0,14,0,9
2010-08-02,646,29.26,84,5.4,21,0,1,0.08,1,446,1910,1,14,1,10
2010-08-03,647,29.2,87,2.3,20,0.28,1,1.6,1,447,1909,1,15,1,11
2010-08-04,648,29.15,81,3.6,26,0.48,1,0.57,1,448,1908,1,16,1,12
2010-08-05,649,29.13,84,9.5,29,0,1,0,1,449,1907,0,16,0,12
2010-08-06,650,29.22,82,5.9,29,0,1,0,1,450,1906,0,16,0,12
2010-08-07,651,29.2,84,7.1,23,0,1,0,1,451,1904,0,15,0,11
2010-08-08,652,29.13,87,8.6,21,0.08,1,0.05,1,452,1903,0,15,1,12
2010-08-09,653,29.2,89,4.4,24,0.15,1,0,1,453,1902,0,15,0,12
2010-08-10,654,29.23,88,5.5,8,0,1,0,1,454,1900,0,14,0,12
2010-08-11,655,29.13,90,5.2,27,0,1,0,1,455,1859,0,14,0,12
2010-08-12,656,29.13,89,3.3,8,0,1,0,1,456,1858,0,14,0,12
2010-08-13,657,29.07,93,7.4,17,0.25,1,0.66,1,457,1856,1,15,0,12
2010-08-14,658,29.11,88,2.8,22,0,1,0,1,458,1855,0,15,0,12
2010-08-15,659,29.21,84,8.5,29,0,1,0,1,459,1854,0,15,0,12
2010-08-16,660,29.31,80,9.3,27,0,1,0,1,500,1852,0,15,0,12
2010-08-17,661,29.36,79,3.8,28,0.03,1,0.03,1,501,1851,1,16,1,13
2010-08-18,662,29.29,83,1.2,18,0.05,1,0.04,1,502,1849,1,17,1,14
2010-08-19,663,29.18,87,4.6,21,0,1,0,1,503,1848,0,17,0,14
2010-08-20,664,29.11,93,10,19,0.03,1,0,1,504,1846,1,17,1,14
2010-08-21,665,29.13,86,2.6,35,0.45,1,0.59,1,505,1845,1,18,1,15
2010-08-22,666,29.35,80,9.4,2,0,1,0,1,506,1843,0,17,0,14
2010-08-23,667,29.34,78,6.9,7,0,1,0,1,508,1842,0,17,0,14
2010-08-24,668,29.29,81,2.4,8,0,1,0,1,509,1840,0,17,0,14
2010-08-25,669,29.38,79,9.4,33,0,1,0,1,510,1839,0,16,0,13
2010-08-26,670,29.44,78,1.9,14,0,1,0,1,511,1837,0,15,0,13
2010-08-27,671,29.39,83,5.8,21,0,1,0,1,512,1835,0,14,0,13
2010-08-28,672,29.36,87,7.6,18,0,1,0,1,513,1834,0,14,0,13
2010-08-29,673,29.39,93,7.6,19,0,1,0,1,514,1832,0,14,0,13
2010-08-30,674,29.39,88,10.2,19,0,1,0,1,515,1831,0,14,0,13
2010-08-31,675,29.28,92,12,20,0,1,0,1,516,1829,0,14,0,13
2010-09-01,676,29.21,80,5.8,22,0.17,1,0.14,1,517,1827,1,15,1,14
2010-09-02,677,29.09,83,7,21,1.55,1,0.92,1,518,1826,1,15,1,14
2010-09-03,678,29.11,72,15.7,28,0,1,0,1,519,1824,0,15,0,14
2010-09-04,679,29.25,68,11.3,30,0,1,0,1,520,1822,1,16,0,14
2010-09-05,680,29.21,77,7.2,20,0,1,0,1,521,1821,0,15,1,15
2010-09-06,681,29.12,84,13.8,20,0,1,0,1,522,1819,0,14,0,14
2010-09-07,682,29.21,79,16.2,25,0,1,0,1,523,1817,0,13,0,13
2010-09-08,683,29.39,71,3.7,34,0,1,0,1,524,1815,0,13,0,13
2010-09-09,684,29.36,68,5.2,4,0,1,0,1,525,1814,0,13,0,13
2010-09-10,685,29.24,72,9.9,10,0,1,0,1,526,1812,0,13,0,13
2010-09-11,686,29.15,75,1.6,24,0.24,1,0.16,1,527,1810,1,14,1,14
2010-09-12,687,29.29,83,7.9,25,0,1,0,1,528,1809,0,14,0,14
2010-09-13,688,29.29,82,1,26,0,1,0,1,529,1807,0,13,0,13
2010-09-14,689,29.38,77,4.6,7,0,1,0,1,530,1805,0,12,0,12
2010-09-15,690,29.25,75,7.4,12,0,1,0.04,1,531,1803,1,13,0,12
2010-09-16,691,29.19,70,7.4,33,0.16,1,0.03,1,532,1760,0,12,1,12
2010-09-17,692,29.36,74,3.9,19,0,1,0,1,533,1758,0,11,0,11
2010-09-18,693,29.42,66,2,3,0.35,1,0.22,1,535,1756,1,11,0,10
2010-09-19,694,29.46,68,7.4,4,0,1,0.01,1,536,1755,1,12,1,11
2010-09-20,695,29.29,77,5.4,12,0,1,0,1,537,1753,0,12,0,11
2010-09-21,696,29.16,89,9.2,22,0.05,1,0.03,1,538,1751,1,13,1,12
2010-09-22,697,29.31,75,1.8,8,0,1,0,1,539,1749,0,13,0,11
2010-09-23,698,29.15,90,14.5,21,0,1,0,1,540,1748,0,13,0,11
2010-09-24,699,29.18,79,14.8,25,0.26,1,0.2,1,541,1746,1,14,1,12
2010-09-25,700,29.4,60,7.4,36,0,1,0,1,542,1744,1,15,0,12
2010-09-26,701,29.4,60,11.2,2,0,1,0.05,1,543,1742,1,16,1,13
2010-09-27,702,29.18,63,0.6,7,0,1,0.01,1,544,1741,1,16,0,13
2010-09-28,703,29.07,70,2.1,6,0,1,0,1,545,1739,0,16,0,13
2010-09-29,704,29.09,76,5.1,21,0,1,0,1,546,1737,0,16,0,13
2010-09-30,705,29.23,75,8.3,1,0,1,0,1,547,1735,0,16,0,13
2010-10-01,706,29.31,74,3.9,28,0.08,1,0.02,1,548,1734,1,16,1,13
2010-10-02,707,29.47,55,17.5,36,0.26,1,0.25,1,549,1732,1,16,1,13
2010-10-03,708,29.64,57,9.7,36,0.08,1,0.01,1,550,1730,1,17,1,14
2010-10-04,709,29.65,59,2,3,0,1,0,1,552,1729,0,16,0,13
2010-10-05,710,29.59,66,0.7,36,0,1,0,1,553,1727,0,15,0,12
2010-10-06,711,29.33,78,6.7,27,0,1,0,1,554,1725,0,15,0,12
2010-10-07,712,29.36,76,2.9,31,0,1,0,1,555,1724,0,15,0,12
2010-10-08,713,29.31,79,7,24,0,1,0,1,556,1722,0,15,0,12
2010-10-09,714,29.25,87,3.9,24,0,1,0,1,557,1720,0,15,0,12
2010-10-10,715,29.16,84,3.7,25,0,1,0,1,558,1719,0,15,0,12
2010-10-11,716,29.12,81,1.5,34,0,1,0,1,559,1717,0,15,0,12
2010-10-12,717,29.21,76,3.1,6,0,1,0,1,600,1715,0,15,0,12
2010-10-13,718,29.35,63,7.3,36,0.1,1,0.26,1,602,1714,0,15,1,13
2010-10-14,719,29.21,66,6.5,27,0,1,0,1,603,1712,0,15,0,13
2010-10-15,720,29.34,62,6.6,36,0,1,0,1,604,1711,0,15,0,13
2010-10-16,721,29.31,71,6.4,22,0,1,0,1,605,1709,0,14,0,12
2010-10-17,722,29.35,64,3.6,3,0,0,0,0,606,1707,0,13,0,11
2010-10-18,723,29.29,60,4.1,5,0,0,0,0,607,1706,0,13,0,11
2010-10-19,724,29.23,61,5.3,28,0,0,0,0,608,1704,0,12,0,11
2010-10-20,725,29.03,70,9.9,26,0,0,0,0,610,1703,0,12,0,10
2010-10-21,726,29.25,56,8.5,30,0,0,0,0,611,1701,0,12,0,10
2010-10-22,727,29.34,65,4.9,21,0.02,0,0.01,0,612,1660,0,12,0,10
2010-10-23,728,29.2,67,9.8,20,0.1,0,0.21,0,613,1658,1,13,1,11
2010-10-24,729,28.98,73,7.7,20,0.05,0,1.01,1,614,1657,0,13,1,12
2010-10-25,730,28.74,72,10.1,19,0,0,0.01,1,616,1656,0,13,0,12
2010-10-26,731,28.55,71,19.2,21,0.24,0,0.4,1,617,1654,1,13,1,12
2010-10-27,732,28.92,65,20.8,25,0,0,0,1,618,1653,0,13,0,12
2010-10-28,733,29.43,46,14.9,28,0,0,0,1,619,1651,0,13,0,12
2010-10-29,734,29.48,50,5.3,24,0,0,0,1,620,1650,0,13,0,12
2010-10-30,735,29.14,63,6.1,24,0,0,0,1,622,1649,0,12,0,12
2010-10-31,736,29.49,52,9,3,0,0,0,1,623,1647,0,12,0,11
2011-05-01,737,29.26,64,11.2,26,0,0,0,1,448,1849,0,12,0,11
2011-05-02,738,29.46,60,4.6,36,0,0,0,1,447,1850,0,11,0,11
2011-05-03,739,29.5,51,8.2,2,0,0,0,1,446,1851,0,10,1,11
2011-05-04,740,29.63,57,4.9,3,0,0,0,1,444,1852,0,10,0,11
2011-05-05,741,29.33,62,10.4,19,0.06,0,0.1,1,443,1853,1,10,1,11
2011-05-06,742,29.11,69,7.9,27,0,0,0,1,442,1855,0,10,1,12
2011-05-07,743,29.13,60,5.3,5,0,0,0,1,441,1856,0,10,0,12
2011-05-08,744,29.27,68,6.9,6,0,0,0,1,439,1857,0,9,0,11
2011-05-09,745,29.15,74,15.3,12,0,0,0,1,438,1858,0,8,1,12
2011-05-10,746,29,91,7.3,17,0,0,0,1,437,1859,0,7,0,11
2011-05-11,747,29.1,88,4.4,14,0.13,0,0.28,1,436,1860,0,6,0,11
2011-05-12,748,29.08,87,4.3,19,0.29,0,0.02,1,435,1901,0,6,0,11
2011-05-13,749,29,77,10.5,1,0.02,0,0.01,1,434,1902,0,6,1,12
2011-05-14,750,29.01,51,17,1,0.31,0,0.43,1,433,1903,1,7,1,13
2011-05-15,751,29.15,48,18.8,1,0.31,0,0.37,1,432,1904,1,7,1,13
2011-05-16,752,29.28,53,13.9,1,0,0,0,1,431,1905,0,6,0,12
2011-05-17,753,29.21,60,13.1,2,0,0,0,1,430,1906,0,5,0,11
2011-05-18,754,29.16,61,6.6,1,0.07,0,0.03,1,429,1907,1,6,1,12
2011-05-19,755,29.29,73,3,2,0,0,0,1,428,1908,0,6,0,12
2011-05-20,756,29.3,72,5.4,7,0,0,0,1,427,1909,0,6,0,12
2011-05-21,757,29.13,76,8.1,15,0.01,0,0,1,426,1910,0,6,0,12
2011-05-22,758,28.95,88,11.2,18,0.58,1,0.12,1,425,1911,0,6,1,13
2011-05-23,759,28.92,80,11.3,24,0,1,0,1,425,1912,0,6,0,13
2011-05-24,760,29.15,69,11.1,3,0.11,1,0.01,1,424,1913,0,6,0,13
2011-05-25,761,28.92,75,7.8,3,2.24,1,1.9,1,423,1914,1,7,1,14
2011-05-26,762,29.15,50,18.8,1,1.06,1,0.61,1,422,1915,1,8,1,15
2011-05-27,763,29.21,58,6.6,4,0,1,0.01,1,422,1916,1,9,1,15
2011-05-28,764,29.1,64,4.4,18,0.12,1,0.23,1,421,1916,1,10,1,16
2011-05-29,765,29.16,72,3.6,11,1.88,1,0.92,1,421,1917,1,11,1,17
2011-05-30,766,29.26,90,11.2,19,0,1,0,1,420,1918,0,11,0,17
2011-05-31,767,29.34,88,12.4,22,0.08,1,0,1,420,1919,1,12,0,17
2011-06-01,768,29.44,82,11.5,26,0,1,0,1,419,1920,0,12,0,17
2011-06-02,769,29.45,69,8.9,6,0.02,1,0,1,419,1920,1,13,1,18
2011-06-03,770,29.31,88,10,16,0.01,1,0.18,1,418,1921,1,14,0,18
2011-06-04,771,29.31,91,3,26,0.18,1,0.5,1,418,1922,0,14,0,18
2011-06-05,772,29.36,84,2.7,8,0,1,0.01,1,417,1923,0,14,0,18
2011-06-06,773,29.15,94,7.8,20,0,1,0,1,417,1923,0,13,0,17
2011-06-07,774,29.11,96,9.7,23,0,1,0,1,417,1924,0,13,0,16
2011-06-08,775,29.13,96,9.3,23,0.17,1,0.69,1,417,1925,0,13,0,16
2011-06-09,776,29.28,69,7,4,0.93,1,2.17,1,416,1925,0,12,1,16
2011-06-10,777,29.21,71,6.1,1,0.52,1,0.44,1,416,1926,0,12,1,17
2011-06-11,778,29.24,65,5.4,2,0.03,1,0.1,1,416,1926,1,13,1,18
2011-06-12,779,29.38,64,9.4,2,0,1,0,1,416,1927,0,13,0,18
2011-06-13,780,29.39,71,8,6,0,1,0,1,416,1927,0,13,0,18
2011-06-14,781,29.25,77,7.8,9,0,1,0,1,416,1928,0,13,0,18
2011-06-15,782,29,72,8.4,16,0.8,1,0.84,1,416,1928,1,14,1,19
2011-06-16,783,29.05,81,6.6,26,0.04,1,0.03,1,416,1929,1,15,1,20
2011-06-17,784,29.13,82,5.3,7,0,1,0,1,416,1929,0,15,0,19
2011-06-18,785,29.1,83,4.5,8,0,1,0,1,416,1929,0,15,0,19
2011-06-19,786,29.03,83,3.7,14,0,1,0,1,416,1930,0,14,0,18
2011-06-20,787,29.01,80,8,16,0.18,1,1.23,1,416,1930,0,14,1,18
2011-06-21,788,28.92,89,11,18,0.45,1,0.08,1,416,1930,1,15,1,19
2011-06-22,789,28.89,75,12.9,21,0.02,1,0.02,1,417,1931,0,15,1,20
2011-06-23,790,28.9,72,12.6,26,0.01,1,0.05,1,417,1931,1,16,1,20
2011-06-24,791,29.08,68,8.5,29,0,1,0,1,417,1931,0,16,0,20
2011-06-25,792,29.21,78,3.9,9,0,1,0,1,417,1931,1,17,0,20
2011-06-26,793,29.23,80,6.5,9,0,1,0,1,418,1931,0,17,0,20
2011-06-27,794,29.08,80,6.4,21,0.03,1,0.14,1,418,1931,1,18,1,20
2011-06-28,795,29.28,81,7.2,30,0,1,0,1,419,1931,0,17,0,19
2011-06-29,796,29.35,80,3.9,8,0,1,0,1,419,1931,0,16,0,18
2011-06-30,797,29.28,89,9.2,16,0,1,0.03,1,419,1931,1,17,0,18
2011-07-01,798,29.24,89,10.4,18,0,1,0.01,1,420,1931,1,18,0,18
2011-07-02,799,29.25,93,3.1,23,0,1,0,1,420,1931,0,17,0,17
2011-07-03,800,29.28,86,4.4,3,0,1,0,1,421,1931,0,17,0,17
2011-07-04,801,29.26,88,3.3,7,0,1,0,1,422,1930,0,17,0,17
2011-07-05,802,29.25,92,4.9,26,0,1,0,1,422,1930,0,17,0,17
2011-07-06,803,29.27,87,5.9,4,0,1,0,1,423,1930,0,17,0,16
2011-07-07,804,29.22,81,5.7,7,0,1,0.07,1,423,1930,1,18,1,17
2011-07-08,805,29.17,86,5.2,4,0,1,0,1,424,1929,0,18,0,17
2011-07-09,806,29.21,90,5.4,18,0,1,0,1,425,1929,0,17,0,16
2011-07-10,807,29.18,91,7.8,19,0,1,0,1,425,1929,0,16,0,15
2011-07-11,808,29.12,90,5.3,24,0.39,1,0.13,1,426,1928,0,15,0,14
2011-07-12,809,29.25,88,4.5,4,0.01,1,0.01,1,427,1928,1,15,1,14
2011-07-13,810,29.35,74,11.6,4,0,1,0,1,428,1927,0,14,0,13
2011-07-14,811,29.3,82,7.3,9,0,1,0,1,428,1927,0,14,0,13
2011-07-15,812,29.27,86,6.2,10,0,1,0,1,429,1926,0,13,0,13
2011-07-16,813,29.32,90,2.5,19,0,1,0,1,430,1925,0,13,1,14
2011-07-17,814,29.35,95,6.8,23,0,1,0,1,431,1925,0,12,0,13
2011-07-18,815,29.23,93,11.2,24,0.01,1,0,1,432,1924,0,11,1,14
2011-07-19,816,29.17,92,3.2,6,0,1,0,1,433,1923,0,11,0,14
2011-07-20,817,29.08,100,7.6,23,0.02,1,0,1,433,1923,0,11,0,14
2011-07-21,818,29.1,101,5.3,26,0.02,1,0,1,434,1922,0,11,0,14
2011-07-22,819,29.18,100,3.8,10,1.55,1,0.14,1,435,1921,0,11,1,15
2011-07-23,820,29.23,87,0.7,20,6.86,1,0.04,1,436,1920,1,12,1,16
2011-07-24,821,29.26,87,0.7,20,0.18,1,0.02,1,437,1919,0,12,0,15
2011-07-25,822,29.2,90,2.1,35,0,1,0.01,1,438,1918,0,12,0,14
2011-07-26,823,29.18,85,5.9,6,0,1,0.01,1,439,1918,0,11,0,13
2011-07-27,824,29.13,92,6,16,0.71,1,0,1,440,1917,0,11,0,13
2011-07-28,825,29.2,88,3.3,21,0.7,1,0,1,441,1916,1,12,1,14
2011-07-29,826,29.28,86,3.5,4,0.7,1,0.36,1,442,1915,0,12,0,14
2011-07-30,827,29.35,91,2,11,0,1,0,1,443,1914,0,11,0,13
2011-07-31,828,29.35,91,4.5,23,0,1,0,1,444,1913,0,10,0,12
2011-08-01,829,29.28,91,3.1,25,0,1,0,1,445,1911,0,10,0,12
2011-08-02,830,29.04,93,8,20,0.43,1,0.28,1,446,1910,0,10,0,12
2011-08-03,831,29.11,87,9.6,1,0,1,0,1,447,1909,0,10,0,12
2011-08-04,832,29.25,82,4.8,5,0,1,0,0,448,1908,0,10,0,11
2011-08-05,833,29.21,84,5.2,7,0,1,0,0,449,1907,0,9,1,11
2011-08-06,834,29.1,85,1.3,3,0.18,1,0.69,1,450,1906,1,10,1,11
2011-08-07,835,29.03,87,3.6,26,0.75,1,0.49,1,451,1904,1,10,0,10
2011-08-08,836,29,80,2.8,6,0.63,1,0.29,1,452,1903,1,11,1,11
2011-08-09,837,28.97,82,11,27,0,1,0.01,1,453,1902,0,10,0,11
2011-08-10,838,29.14,78,4.4,31,0,1,0,1,454,1900,0,10,0,11
2011-08-11,839,29.25,81,2.7,23,0,1,0,1,455,1859,0,9,0,10
2011-08-12,840,29.22,82,8.2,19,0,1,0,1,456,1858,0,9,0,10
2011-08-13,841,29.15,84,5.3,24,0.75,1,0.93,1,457,1856,1,10,1,11
2011-08-14,842,29.24,75,11.7,35,0,1,0.01,1,458,1855,1,10,1,12
2011-08-15,843,29.28,80,2.7,5,0,1,0,1,459,1854,0,9,0,12
2011-08-16,844,29.32,83,2.3,18,0,1,0,1,500,1852,0,9,0,12
2011-08-17,845,29.31,83,6,21,0,1,0,1,501,1851,0,9,0,12
2011-08-18,846,29.23,85,2.8,7,0,1,0,1,502,1849,0,9,0,12
2011-08-19,847,29.18,86,4.7,13,0,1,0,1,503,1848,0,9,0,12
2011-08-20,848,29.22,79,2,16,1.11,1,0.39,1,504,1846,1,10,1,13
2011-08-21,849,29.26,81,7,32,0,1,0.01,1,505,1845,1,10,1,13
2011-08-22,850,29.3,82,0.7,8,0,1,0,1,506,1843,0,10,0,13
2011-08-23,851,29.1,74,8.4,20,0.65,1,0.4,1,508,1842,1,11,0,13
2011-08-24,852,28.99,91,8.1,25,0,1,0,1,509,1840,0,11,0,13
2011-08-25,853,29.26,80,3.1,2,0,1,0,1,510,1839,0,11,0,13
2011-08-26,854,29.26,83,1.2,20,0,1,0,1,511,1837,0,10,0,12
2011-08-27,855,29.21,83,8.1,1,0,1,0,1,512,1835,0,10,0,12
2011-08-28,856,29.22,77,8.5,1,0,1,0,1,513,1834,0,10,0,12
2011-08-29,857,29.31,78,1.1,6,0,1,0,1,514,1832,0,10,0,12
2011-08-30,858,29.33,79,5.9,15,0.04,1,0.02,1,515,1831,1,11,1,12
2011-08-31,859,29.23,88,5.4,17,0,1,0.05,1,516,1829,0,11,1,13
2011-09-01,860,29.2,94,5.8,21,0,1,0,1,517,1827,0,11,0,12
2011-09-02,861,29.18,94,4,20,0,1,0,1,518,1826,0,11,0,12
2011-09-03,862,29.16,87,1.2,20,0.02,1,0.15,1,519,1824,0,11,1,13
2011-09-04,863,29.24,74,10.7,32,0,1,0,1,520,1822,1,12,0,13
2011-09-05,864,29.39,67,15.9,36,0,1,0,1,521,1821,0,12,0,12
2011-09-06,865,29.44,66,13.8,4,0,1,0,1,522,1819,0,11,0,11
2011-09-07,866,29.42,70,12.4,2,0,1,0,1,523,1817,0,11,0,11
2011-09-08,867,29.34,74,14.9,2,0,1,0.06,1,524,1815,1,12,1,12
2011-09-09,868,29.23,72,7.9,4,0.02,1,0.11,1,525,1814,1,13,1,13
2011-09-10,869,29.29,76,0.9,14,0,1,0.01,1,526,1812,0,13,0,13
2011-09-11,870,29.27,83,4.3,25,0,1,0,1,527,1810,0,12,0,12
2011-09-12,871,29.18,86,9.2,23,0,1,0,1,528,1809,0,12,0,12
2011-09-13,872,29.2,76,3.4,31,0,1,0,1,529,1807,0,12,0,12
2011-09-14,873,29.39,60,6,32,0.08,1,0,1,530,1805,1,13,1,13
2011-09-15,874,29.61,60,7.2,36,0,1,0,1,531,1803,0,13,0,13
2011-09-16,875,29.59,59,2.6,13,0,1,0,1,532,1760,0,13,0,13
2011-09-17,876,29.53,69,8.7,11,0,1,0,1,533,1758,0,13,0,13
2011-09-18,877,29.34,66,7.4,14,0.43,1,0.34,1,535,1756,1,14,1,14
2011-09-19,878,29.24,68,3.8,26,0.24,1,0.41,1,536,1755,1,15,1,14
2011-09-20,879,29.26,75,5.8,17,0,1,0.01,1,537,1753,0,14,0,13
2011-09-21,880,29.23,72,9.4,24,0,1,0,1,538,1751,0,13,1,14
2011-09-22,881,29.36,63,6.5,25,0,1,0,1,539,1749,0,12,0,13
2011-09-23,882,29.33,62,4.1,36,0,1,0.02,1,540,1748,1,13,0,13
2011-09-24,883,29.26,63,2.9,4,0.14,1,0.07,1,541,1746,1,14,1,14
2011-09-25,884,29.13,65,4.7,13,0.08,1,0.23,1,542,1744,1,15,1,15
2011-09-26,885,28.92,63,8.1,19,1.21,1,0.9,1,543,1742,1,16,1,16
2011-09-27,886,29,63,2.4,5,0.31,1,0.25,1,544,1741,1,16,1,16
2011-09-28,887,29.07,64,5.7,32,0.77,1,0.15,1,545,1739,1,16,1,16
2011-09-29,888,28.98,66,11.2,27,0.06,1,0.09,1,546,1737,1,17,1,17
2011-09-30,889,29.32,58,15.4,34,0.09,1,0.17,1,547,1735,1,18,1,18
2011-10-01,890,29.53,56,10.7,35,0,1,0,1,548,1734,0,18,0,18
2011-10-02,891,29.47,65,4.1,32,0,1,0,1,549,1732,0,18,0,18
2011-10-03,892,29.48,70,3.6,2,0,1,0,1,550,1730,0,18,0,18
2011-10-04,893,29.52,74,0.7,15,0,1,0,1,552,1729,0,17,0,17
2011-10-05,894,29.49,80,1.3,17,0,1,0,1,553,1727,0,16,0,16
2011-10-06,895,29.5,81,3.9,15,0,1,0,1,554,1725,0,16,0,16
2011-10-07,896,29.52,84,6.4,17,0,1,0,1,555,1724,0,15,0,16
2011-10-08,897,29.56,82,6.3,19,0,1,0,1,556,1722,0,15,0,16
2011-10-09,898,29.55,80,3.1,10,0,1,0,1,557,1720,0,15,0,16
2011-10-10,899,29.39,77,5.9,16,0,1,0,1,558,1719,0,15,0,16
2011-10-11,900,29.23,78,3.8,13,0,1,0,1,559,1717,0,15,0,16
2011-10-12,901,29.03,77,6,14,0,1,0,1,600,1715,0,15,0,16
2011-10-13,902,28.81,64,2.8,24,0.28,1,0.49,1,602,1714,1,16,1,17
2011-10-14,903,28.9,61,15.1,27,0,1,0,1,603,1712,0,15,0,16
2011-10-15,904,29.1,61,14.9,26,0,1,0,1,604,1711,0,15,0,15
2011-10-16,905,29.08,60,6.7,26,0.17,1,0.12,1,605,1709,1,16,1,16
2011-10-17,906,29.11,57,11.2,25,0,1,0,1,606,1707,0,16,0,16
2011-10-18,907,29.09,54,5.3,36,0.06,1,0.02,1,607,1706,1,17,1,16
2011-10-19,908,28.93,49,19.6,1,0.85,1,0.84,1,608,1704,1,17,1,17
2011-10-20,909,29,46,14.4,31,0.08,1,0.07,1,610,1703,1,18,1,18
2011-10-21,910,29.32,54,4.3,28,0,1,0,1,611,1701,0,18,0,18
2011-10-22,911,29.28,66,3.7,21,0,1,0,1,612,1660,0,18,0,18
2011-10-23,912,29.19,67,5.9,23,0.2,1,0.22,1,613,1658,1,18,1,18
2011-10-24,913,29.34,63,5,27,0,1,0.06,1,614,1657,1,18,0,17
2011-10-25,914,29.11,74,9,19,0.02,1,0.13,1,616,1656,0,18,1,18
2011-10-26,915,29.19,54,13.9,36,0,1,0,1,617,1654,0,18,0,18
2011-10-27,916,29.34,51,3.5,1,0.12,1,0.16,1,618,1653,1,19,1,19
2011-10-28,917,29.36,54,5.2,21,0.03,1,0,1,619,1651,0,19,0,19
2011-10-29,918,29.34,54,3.8,26,0,1,0,1,620,1650,0,18,0,18
2011-10-30,919,29.27,57,10.6,19,0.17,1,0.11,1,622,1649,1,19,1,19
2011-10-31,920,29.34,53,4.4,24,0,1,0,1,623,1647,0,19,0,19
2012-05-01,921,29.18,64,5.5,12,0.09,1,0.32,1,448,1849,1,20,1,20
2012-05-02,922,29.12,78,7.5,20,0,1,0,1,447,1850,0,19,0,19
2012-05-03,923,29.16,86,12.8,21,1.34,1,0.07,1,446,1851,1,19,0,18
2012-05-04,924,29.23,72,6.8,2,0.28,1,0.28,1,444,1852,0,19,0,18
2012-05-05,925,29.29,63,7.4,2,0,1,0,1,443,1853,0,19,1,18
2012-05-06,926,29.22,73,3.4,6,0.8,1,0.4,1,442,1855,0,19,1,19
2012-05-07,927,29.15,61,1.4,5,0.47,1,0.59,1,441,1856,1,19,1,20
2012-05-08,928,29.13,70,8.4,27,0,1,0.01,1,439,1857,0,18,0,19
2012-05-09,929,29.2,60,3.9,36,0.06,1,0,1,438,1858,0,17,1,19
2012-05-10,930,29.29,65,2.8,4,0,1,0,1,437,1859,0,16,0,18
2012-05-11,931,29.36,78,9.3,20,0,1,0,1,436,1860,0,15,0,17
2012-05-12,932,29.51,67,5.4,2,0.03,1,0.25,1,435,1901,1,15,1,17
2012-05-13,933,29.45,69,8.4,2,0,1,0,1,434,1902,0,14,0,16
2012-05-14,934,29.31,78,1.8,14,0,1,0,1,433,1903,0,13,0,15
2012-05-15,935,29.18,84,9.1,24,0.05,1,0,1,432,1904,1,14,1,16
2012-05-16,936,29.38,63,11.6,4,0,1,0,1,431,1905,0,14,0,16
2012-05-17,937,29.38,71,5.3,11,0,1,0,1,430,1906,0,14,0,16
2012-05-18,938,29.29,85,7.4,15,0,1,0,1,429,1907,0,14,0,16
2012-05-19,939,29.29,91,7.3,16,0,1,0,1,428,1908,0,14,0,16
2012-05-20,940,29.28,92,9.4,21,0.14,1,0.14,1,427,1909,1,15,1,17
2012-05-21,941,29.39,65,12.5,36,0,1,0,1,426,1910,0,15,0,17
2012-05-22,942,29.28,68,5.9,4,0,1,0,1,425,1911,0,15,0,17
2012-05-23,943,29.1,82,5.9,16,0,1,0,1,425,1912,0,15,0,17
2012-05-24,944,28.97,90,15.1,18,0,1,0,1,424,1913,0,15,0,17
2012-05-25,945,29.31,80,4.3,5,0,1,0,1,423,1914,0,15,0,17
2012-05-26,946,29.37,82,10.4,7,0,1,0,1,422,1915,0,15,1,18
2012-05-27,947,29.16,97,9.4,18,0,1,0,1,422,1916,0,14,0,17
2012-05-28,948,29.03,94,14.2,22,0,1,0.02,1,421,1916,1,15,0,17
2012-05-29,949,29.1,85,10.2,28,0,1,0,1,421,1917,0,15,0,17
2012-05-30,950,29.22,69,5.9,36,0,1,0,1,420,1918,0,14,0,16
2012-05-31,951,29.2,55,12.4,3,1.12,1,0.97,1,420,1919,1,15,1,17
2012-06-01,952,29.07,64,9,36,0.01,1,0.03,1,419,1920,1,15,1,17
2012-06-02,953,29.03,74,11.7,25,0,1,0,1,419,1920,0,14,0,16
2012-06-03,954,29.1,80,8.6,27,0,1,0,1,418,1921,0,13,0,15
2012-06-04,955,29.18,74,7.9,2,0,1,0,1,418,1922,0,13,0,15
2012-06-05,956,29.29,69,9.6,3,0,1,0,1,417,1923,0,13,0,15
2012-06-06,957,29.36,74,5.7,3,0,1,0,1,417,1923,0,12,0,14
2012-06-07,958,29.38,78,3.3,9,0,1,0,1,417,1924,0,11,0,14
2012-06-08,959,29.26,87,6.6,23,0,1,0,1,417,1925,0,11,0,13
2012-06-09,960,29.18,89,9.4,22,0,1,0,1,416,1925,0,11,0,13
2012-06-10,961,29.2,92,10.4,18,0,1,0,1,416,1926,0,10,0,12
2012-06-11,962,29.12,90,9.4,22,0,1,0,1,416,1926,0,10,1,13
2012-06-12,963,29.34,77,6,34,0,1,0,1,416,1927,0,10,0,13
2012-06-13,964,29.43,71,8.3,8,0,1,0,1,416,1927,0,9,0,12
2012-06-14,965,29.34,86,7.3,12,0,1,0,1,416,1928,0,9,0,12
2012-06-15,966,29.33,93,7.4,15,0,1,0,1,416,1928,0,8,0,11
2012-06-16,967,29.23,94,11.9,19,0.31,1,0.38,1,416,1929,1,9,1,12
2012-06-17,968,29.13,85,5.3,23,0.11,1,0.15,1,416,1929,1,9,1,13
2012-06-18,969,29.03,92,16.9,21,0,1,0,1,416,1929,0,9,0,13
2012-06-19,970,29.21,94,13.6,20,0,1,0,1,416,1930,0,9,0,12
2012-06-20,971,29.22,93,14.8,20,0,1,0,1,416,1930,0,9,0,11
2012-06-21,972,29.21,83,7.2,26,0.01,1,0.03,1,416,1930,0,8,1,11
2012-06-22,973,29.26,83,1.7,5,0,1,0,1,417,1931,0,8,0,11
2012-06-23,974,29.28,86,3,8,0,1,0,1,417,1931,0,8,0,10
2012-06-24,975,29.25,92,1.7,3,0,1,0,1,417,1931,0,8,0,10
2012-06-25,976,29.35,74,15.4,3,0,1,0,1,417,1931,0,8,0,10
2012-06-26,977,29.27,81,5.6,9,0,1,0,1,418,1931,0,7,0,9
2012-06-27,978,29.13,90,11.3,20,0,1,0,1,418,1931,0,7,0,9
2012-06-28,979,29.08,101,8.4,25,0.04,1,0.16,1,419,1931,0,7,0,9
2012-06-29,980,29.16,88,1.8,35,0.42,1,0.28,1,419,1931,1,7,1,9
2012-06-30,981,29.11,89,6.9,23,0,1,0,1,419,1931,0,7,0,9
2012-07-01,982,29.23,90,2.8,22,0,1,0.56,1,420,1931,1,8,0,9
2012-07-02,983,29.21,97,5.8,23,0,1,0,1,420,1931,0,8,0,9
2012-07-03,984,29.13,95,9.7,23,0,1,0,1,421,1931,0,8,0,9
2012-07-04,985,29.15,101,8.2,25,0,1,0,1,422,1930,0,7,0,8
2012-07-05,986,29.2,102,4.1,26,0.28,1,0,1,422,1930,1,8,0,8
2012-07-06,987,29.21,104,4.9,28,0,1,0,1,423,1930,0,8,0,8
2012-07-07,988,29.26,98,7.6,1,0,1,0,1,423,1930,0,8,0,8
2012-07-08,989,29.34,85,12.7,3,0,1,0,1,424,1929,0,8,0,8
2012-07-09,990,29.33,88,4.9,6,0,1,0,1,425,1929,0,8,0,8
2012-07-10,991,29.39,82,10.8,4,0,1,0,1,425,1929,0,8,0,7
2012-07-11,992,29.39,86,7.3,8,0,1,0,1,426,1928,0,8,0,7
2012-07-12,993,29.35,90,8.1,11,0,1,0,1,427,1928,0,7,0,7
2012-07-13,994,29.31,93,3.2,13,0.28,1,0,1,428,1927,0,7,1,8
2012-07-14,995,29.3,89,1.1,22,0,1,0,1,428,1927,0,7,0,8
2012-07-15,996,29.29,95,2.1,21,0,0,0,1,429,1926,0,6,0,7
2012-07-16,997,29.19,98,8.6,23,0,0,0,1,430,1925,0,5,0,6
2012-07-17,998,29.13,99,8.9,25,0,0,0,1,431,1925,0,5,0,6
2012-07-18,999,29.18,91,5.3,2,0.85,1,0.55,1,432,1924,0,5,1,7
2012-07-19,1000,29.2,85,4,5,0.8,1,0.89,1,433,1923,1,6,1,8
2012-07-20,1001,29.34,82,10.4,4,0,1,0,1,433,1923,0,6,0,8
2012-07-21,1002,29.34,89,3.4,26,0,1,0,1,434,1922,0,6,0,8
2012-07-22,1003,29.31,90,5.9,20,0,1,0.01,1,435,1921,0,6,0,8
2012-07-23,1004,29.2,98,10,24,0,1,0.01,1,436,1920,0,6,1,9
2012-07-24,1005,29.24,88,5.6,4,0.54,1,0.37,1,437,1919,1,7,1,10
2012-07-25,1006,28.99,101,9.3,20,0.01,1,0,1,438,1918,0,7,1,11
2012-07-26,1007,29,89,6,24,0.71,1,0.07,1,439,1918,0,7,1,11
2012-07-27,1008,29.17,87,4.7,31,0.03,1,0.01,1,440,1917,0,7,0,11
2012-07-28,1009,29.38,83,7.1,5,0,1,0,1,441,1916,0,7,0,11
2012-07-29,1010,29.31,88,4.6,14,0,1,0,1,442,1915,0,7,1,12
2012-07-30,1011,29.19,93,6.3,20,0,1,0,1,443,1914,0,7,0,12
2012-07-31,1012,29.21,86,4,4,0.16,1,0.17,1,444,1913,0,6,0,11
2012-08-01,1013,29.19,89,3.6,12,0,1,0,1,445,1911,0,5,0,10
2012-08-02,1014,29.13,93,3.3,14,0,1,0,1,446,1910,0,5,0,10
2012-08-03,1015,29.16,94,4.7,10,0,1,0,1,447,1909,0,5,0,10
2012-08-04,1016,29.15,95,4.8,19,0.37,1,1.02,1,448,1908,0,5,0,10
2012-08-05,1017,29.35,85,5.8,30,0,1,0,1,449,1907,0,5,0,9
2012-08-06,1018,29.35,86,3.1,23,0,1,0,1,450,1906,0,5,0,9
2012-08-07,1019,29.21,94,6,25,0,1,0,1,451,1904,0,5,0,9
2012-08-08,1020,29.24,84,8.1,6,0,1,0.01,1,452,1903,1,6,1,10
2012-08-09,1021,29.16,77,7,4,0.05,1,0,1,453,1902,1,7,1,11
2012-08-10,1022,29.2,76,13.6,35,0.18,1,0.4,1,454,1900,1,8,1,12
2012-08-11,1023,29.26,79,5.8,35,0,1,0,1,455,1859,0,8,0,12
2012-08-12,1024,29.27,77,3.7,22,0,1,0,1,456,1858,0,8,0,12
2012-08-13,1025,29.24,72,0.7,16,0.4,1,0.34,1,457,1856,1,8,1,12
2012-08-14,1026,29.2,82,0.8,11,0,1,0.01,1,458,1855,0,8,0,12
2012-08-15,1027,29.19,86,5.2,22,0,1,0,1,459,1854,0,7,0,12
2012-08-16,1028,29.13,76,7.3,22,0.39,1,0.31,1,500,1852,1,8,0,12
2012-08-17,1029,29.27,77,3.3,34,0,1,0,1,501,1851,0,8,0,12
2012-08-18,1030,29.26,78,3.2,15,0,1,0,1,502,1849,0,8,0,12
2012-08-19,1031,29.22,79,1.9,11,0,1,0,1,503,1848,0,7,0,12
2012-08-20,1032,29.25,76,2.3,8,0.08,1,0.53,1,504,1846,1,8,1,13
2012-08-21,1033,29.35,79,2.1,9,0,1,0,1,505,1845,0,8,0,13
2012-08-22,1034,29.35,84,4.7,19,0,1,0,1,506,1843,0,8,0,13
2012-08-23,1035,29.33,91,7,18,0.03,1,0,1,508,1842,0,8,1,14
2012-08-24,1036,29.28,93,7,18,0,1,0,1,509,1840,0,8,0,14
2012-08-25,1037,29.29,94,7.5,19,0,1,0,1,510,1839,0,8,0,14
2012-08-26,1038,29.29,81,4.1,18,0.57,1,3.66,1,511,1837,1,9,1,15
2012-08-27,1039,29.33,88,3,4,0,1,0,1,512,1835,0,9,0,14
2012-08-28,1040,29.37,85,4.1,7,0,1,0,1,513,1834,0,9,0,14
2012-08-29,1041,29.33,84,5,11,0,1,0,1,514,1832,0,9,0,14
2012-08-30,1042,29.28,91,8.9,20,0,1,0,1,515,1831,0,9,0,14
2012-08-31,1043,29.32,93,6.4,23,0,1,0,1,516,1829,0,9,0,14
2012-09-01,1044,29.29,78,10,6,0,1,0.25,1,517,1827,1,10,1,14
2012-09-02,1045,29.19,81,11.4,6,0,1,0,1,518,1826,0,9,0,13
2012-09-03,1046,29.17,87,5,7,0,1,0,1,519,1824,0,9,0,13
2012-09-04,1047,29.13,89,2.4,8,0.64,1,0.33,1,520,1822,1,10,1,14
2012-09-05,1048,29.11,86,3.9,23,0.16,1,0.17,1,521,1821,0,10,1,15
2012-09-06,1049,29.18,86,1.8,3,0,1,0,1,522,1819,0,10,0,14
2012-09-07,1050,29.11,78,3.6,34,0.06,1,0.2,1,523,1817,1,10,1,14
2012-09-08,1051,29.14,73,8.2,30,0.28,1,0.23,1,524,1815,1,11,1,14
2012-09-09,1052,29.35,72,8.7,35,0,1,0,1,525,1814,0,11,0,13
2012-09-10,1053,29.42,77,4.6,17,0,1,0,1,526,1812,0,11,0,13
2012-09-11,1054,29.38,84,9.9,20,0,1,0,1,527,1810,0,11,0,13
2012-09-12,1055,29.4,87,9.3,21,0,1,0,1,528,1809,0,11,0,12
2012-09-13,1056,29.54,72,7.8,35,0.19,1,0.13,1,529,1807,1,12,1,13
2012-09-14,1057,29.57,75,4.1,29,0,1,0,1,530,1805,0,12,0,13
2012-09-15,1058,29.47,79,1.9,15,0,1,0,1,531,1803,0,12,0,13
2012-09-16,1059,29.3,78,4.9,21,0,1,0,1,532,1760,0,12,0,13
2012-09-17,1060,29.1,79,5,25,0.26,1,0.17,1,533,1758,1,13,1,14
2012-09-18,1061,29.21,64,11.2,32,0,1,0,1,535,1756,0,13,0,14
2012-09-19,1062,29.19,74,14,20,0,1,0,1,536,1755,0,13,0,14
2012-09-20,1063,29.16,72,8,27,0,1,0,1,537,1753,0,13,0,14
2012-09-21,1064,29.13,61,1.6,30,0.15,1,0.13,1,538,1751,1,14,1,15
2012-09-22,1065,29.29,60,10,29,0.02,1,0.01,1,539,1749,1,14,1,15
2012-09-23,1066,29.49,62,4.4,28,0,1,0,1,540,1748,0,13,0,14
2012-09-24,1067,29.28,71,10.9,22,0,1,0,1,541,1746,0,12,0,13
2012-09-25,1068,29.13,77,7.6,20,0,1,0,1,542,1744,0,12,0,13
2012-09-26,1069,29.34,69,9.4,2,0,1,0,1,543,1742,0,12,0,13
2012-09-27,1070,29.44,68,7.3,35,0,1,0,1,544,1741,0,11,0,12
2012-09-28,1071,29.4,67,7.1,36,0,1,0,1,545,1739,0,11,1,13
2012-09-29,1072,29.29,79,1.9,36,0,1,0,1,546,1737,0,11,0,13
2012-09-30,1073,29.23,67,7.1,3,0,1,0,1,547,1735,0,10,0,13
2012-10-01,1074,29.13,66,4.3,4,0,1,0,1,548,1734,0,10,0,13
2012-10-02,1075,29.15,69,11.3,3,0,1,0,1,549,1732,0,10,0,13
2012-10-03,1076,29.23,69,4.2,20,0.26,1,0.03,1,550,1730,1,11,1,14
2012-10-04,1077,29.31,81,11.6,23,0.12,1,0.1,1,552,1729,1,11,1,14
2012-10-05,1078,29.36,51,9.8,27,0,1,0,1,553,1727,1,12,0,14
2012-10-06,1079,29.41,50,8.2,29,0,1,0,1,554,1725,0,12,0,14
2012-10-07,1080,29.41,51,5.3,28,0,1,0,1,555,1724,0,12,0,13
2012-10-08,1081,29.32,60,10.8,21,0,1,0,1,556,1722,0,12,0,13
2012-10-09,1082,29.15,67,11.8,21,0.17,1,0.18,1,557,1720,1,13,1,14
2012-10-10,1083,29.36,52,9.9,28,0,1,0,0,558,1719,0,12,0,13
2012-10-11,1084,29.4,67,7.7,22,0.02,1,0,0,559,1717,1,13,1,14
2012-10-12,1085,29.61,53,6,5,0,1,0,0,600,1715,0,13,0,14
2012-10-13,1086,29.18,68,10.5,19,0.21,1,0.48,0,602,1714,1,14,1,15
2012-10-14,1087,28.89,72,11.4,23,0.77,1,0.54,1,603,1712,1,15,1,16
2012-10-15,1088,29.21,60,4.5,30,0,1,0,1,604,1711,0,15,0,16
2012-10-16,1089,28.97,70,12.3,17,0,1,0,1,605,1709,0,14,0,15
2012-10-17,1090,28.71,69,13.5,19,0.51,1,0.43,1,606,1707,1,15,1,16
2012-10-18,1091,28.71,55,13.2,22,0.07,1,0.13,1,607,1706,1,16,1,17
2012-10-19,1092,28.81,53,4.4,24,0.02,1,0.15,1,608,1704,1,16,1,17
2012-10-20,1093,29.1,58,6.6,24,0,1,0,1,610,1703,0,16,0,16
2012-10-21,1094,29.25,70,5.1,15,0,1,0,1,611,1701,0,16,0,16
2012-10-22,1095,29.18,67,5.5,18,0.81,1,0.28,1,612,1660,1,16,1,16
2012-10-23,1096,29.18,69,4.4,17,0.06,1,0.03,1,613,1658,1,16,1,16
2012-10-24,1097,29.15,79,10.4,19,0,1,0,1,614,1657,0,16,0,16
2012-10-25,1098,29.11,77,11.7,22,0.13,1,0.45,1,616,1656,1,17,1,17
2012-10-26,1099,29.54,51,9.1,34,0,1,0,1,617,1654,0,17,0,17
2012-10-27,1100,29.54,48,10.4,36,0,1,0,1,618,1653,0,17,0,17
2012-10-28,1101,29.52,50,13.7,1,0,1,0,1,619,1651,1,17,0,16
2012-10-29,1102,29.43,51,15.9,35,0,1,0,1,620,1650,0,17,0,16
2012-10-30,1103,29.08,47,19.3,34,0,1,0,1,622,1649,0,17,0,16
2012-10-31,1104,29.09,49,12.1,32,0,1,0,1,623,1647,0,17,0,16
2013-05-01,1105,29.36,85,7.7,18,0,1,0,1,448,1849,0,16,0,15
2013-05-02,1106,29.44,71,15.8,2,0.11,1,0,1,447,1850,0,16,1,16
2013-05-03,1107,29.28,50,11,2,0.05,1,0.02,1,446,1851,1,17,1,17
2013-05-04,1108,29.26,72,6,6,0.02,1,0,1,444,1852,0,17,0,17
2013-05-05,1109,29.28,70,8,2,0,1,0,1,443,1853,0,16,1,17
2013-05-06,1110,29.28,70,7,2,0,1,0,1,442,1855,0,15,0,16
2013-05-07,1111,29.28,76,5.1,5,0,1,0,1,441,1856,0,15,0,16
2013-05-08,1112,29.26,77,4,9,0,1,0,1,439,1857,0,15,0,16
2013-05-09,1113,29.15,76,0.7,20,0.32,1,0.63,1,438,1858,1,16,1,17
2013-05-10,1114,29.18,50,10.5,35,0.13,1,0.04,1,437,1859,0,16,1,18
2013-05-11,1115,29.21,62,8.7,28,0,1,0,1,436,1860,0,16,0,18
2013-05-12,1116,29.35,55,5.5,32,0,1,0,1,435,1901,0,16,0,17
2013-05-13,1117,29.34,61,3.1,8,0,1,0,1,434,1902,0,16,0,17
2013-05-14,1118,28.98,90,8.9,21,0,1,0,1,433,1903,0,16,0,17
2013-05-15,1119,29.07,83,2.3,24,0,1,0,1,432,1904,0,16,0,17
2013-05-16,1120,29.2,81,4,7,0,1,0,1,431,1905,0,16,0,17
2013-05-17,1121,29.29,73,4.5,6,0,1,0,1,430,1906,0,15,0,16
2013-05-18,1122,29.26,79,6.3,10,0,1,0,1,429,1907,0,14,0,15
2013-05-19,1123,29.12,87,7.1,15,0,1,0,1,428,1908,0,13,0,15
2013-05-20,1124,29.03,92,13.6,20,1.09,1,1.25,1,427,1909,0,13,1,16
2013-05-21,1125,28.96,82,12.4,20,0.56,1,0.2,1,426,1910,1,14,1,17
2013-05-22,1126,28.97,73,6.4,23,1.35,1,0.65,1,425,1911,1,15,1,18
2013-05-23,1127,29.38,56,17.9,36,0.06,1,0.12,1,425,1912,1,15,1,18
2013-05-24,1128,29.62,57,8.1,3,0,1,0,1,424,1913,0,15,0,18
2013-05-25,1129,29.59,57,3.3,6,0,1,0,1,423,1914,0,14,0,17
2013-05-26,1130,29.47,67,4,9,0.02,1,0,1,422,1915,1,15,1,18
2013-05-27,1131,29.21,65,7.5,10,0.23,1,0.19,1,422,1916,1,15,0,17
2013-05-28,1132,29.06,76,9.5,19,0.2,1,2.2,1,421,1916,1,15,1,17
2013-05-29,1133,29.16,85,7.9,20,0.01,1,0.02,1,421,1917,1,16,0,17
2013-05-30,1134,29.13,84,12.9,18,0.51,1,0.09,1,420,1918,1,17,1,18
2013-05-31,1135,29.05,78,12.4,19,0.3,1,0.23,1,420,1919,1,17,1,18
2013-06-01,1136,28.98,76,11.9,21,0.56,1,0.44,1,419,1920,0,16,1,18
2013-06-02,1137,29.24,63,2.8,4,0.01,1,0.01,1,419,1920,0,15,1,18
2013-06-03,1138,29.34,68,2.6,9,0,1,0,1,418,1921,0,15,0,18
2013-06-04,1139,29.39,72,5.6,7,0,1,0,1,418,1922,0,15,0,18
2013-06-05,1140,29.24,76,6.1,6,0.01,1,0,1,417,1923,1,15,1,18
2013-06-06,1141,29.18,65,9,3,0.15,1,0.06,1,417,1923,1,15,1,18
2013-06-07,1142,29.2,68,8.8,2,0,1,0,1,417,1924,0,15,0,18
2013-06-08,1143,29.25,74,4.7,6,0,1,0,1,417,1925,0,14,0,17
2013-06-09,1144,29.15,83,7.1,15,0.01,1,0.01,1,416,1925,1,15,1,18
2013-06-10,1145,29.08,75,2,7,0.26,1,0.85,1,416,1926,1,16,1,19
2013-06-11,1146,29.13,84,2.5,23,0,1,0.24,1,416,1926,1,16,1,20
2013-06-12,1147,29,87,2.9,5,0.75,1,0.25,1,416,1927,1,17,0,20
2013-06-13,1148,29.23,72,12.6,1,0,1,0,1,416,1927,0,17,0,20
2013-06-14,1149,29.34,76,6,5,0,1,0,1,416,1928,0,17,0,20
2013-06-15,1150,29.21,81,5.6,21,0.17,1,0.12,1,416,1928,1,18,1,21
2013-06-16,1151,29.16,83,8.6,24,0,1,0,1,416,1929,0,18,0,20
2013-06-17,1152,29.18,88,3.7,28,0.03,1,0.1,1,416,1929,0,17,0,19
2013-06-18,1153,29.31,70,12.1,2,0,1,0.01,1,416,1929,1,18,0,19
2013-06-19,1154,29.39,75,6.4,7,0,1,0,1,416,1930,0,18,0,18
2013-06-20,1155,29.38,86,6,11,0,1,0,1,416,1930,0,18,0,18
2013-06-21,1156,29.34,85,7.6,19,0.79,1,0.11,1,416,1930,0,18,1,19
2013-06-22,1157,29.3,83,4.8,20,0.04,1,0,1,417,1931,0,18,1,20
2013-06-23,1158,29.26,89,9.3,20,0.84,1,0,1,417,1931,0,17,1,20
2013-06-24,1159,29.25,86,10.5,21,0.18,1,0.14,1,417,1931,0,17,0,19
2013-06-25,1160,29.13,87,5.2,21,0.03,1,0,1,417,1931,1,18,0,19
2013-06-26,1161,29.05,81,2.6,18,1.48,1,0.19,1,418,1931,1,19,1,20
2013-06-27,1162,29.01,91,6.1,29,0.92,1,0.59,1,418,1931,0,19,0,20
2013-06-28,1163,28.91,83,9,29,0,1,0.16,1,419,1931,1,20,1,21
2013-06-29,1164,28.97,72,11.7,1,0,1,0,1,419,1931,1,21,0,21
2013-06-30,1165,29.2,76,14,1,0,1,0,1,419,1931,0,21,0,21
2013-07-01,1166,29.31,75,13.8,3,0,1,0,1,420,1931,0,21,0,21
2013-07-02,1167,29.33,68,12,3,0,1,0,1,420,1931,1,22,0,21
2013-07-03,1168,29.32,74,0.5,36,0.02,1,0.07,1,421,1931,1,23,0,21
2013-07-04,1169,29.34,83,7.3,19,0,1,0,1,422,1930,0,23,0,20
2013-07-05,1170,29.33,87,5.1,20,0,1,0,1,422,1930,0,22,0,19
2013-07-06,1171,29.29,82,5.4,19,0,1,0,1,423,1930,0,21,0,18
2013-07-07,1172,29.26,89,8,21,0,1,0,1,423,1930,0,20,0,17
2013-07-08,1173,29.24,87,10,22,0.5,1,0.84,1,424,1929,1,21,1,18
2013-07-09,1174,29.19,85,8.9,23,0,1,0.01,1,425,1929,1,22,0,18
2013-07-10,1175,29.2,87,3.7,3,0,1,0,1,425,1929,0,21,0,17
2013-07-11,1176,29.36,80,6.3,3,0,1,0,1,426,1928,0,20,0,17
2013-07-12,1177,29.38,82,4.1,8,0,1,0,1,427,1928,0,19,0,16
2013-07-13,1178,29.41,83,6.4,9,0,1,0,1,428,1927,0,18,0,16
2013-07-14,1179,29.47,88,8.2,8,0,1,0,1,428,1927,0,17,0,15
2013-07-15,1180,29.52,91,5,8,0.09,1,0.02,1,429,1926,0,16,0,14
2013-07-16,1181,29.54,93,6.8,22,0,1,0.01,1,430,1925,0,16,0,13
2013-07-17,1182,29.51,95,6.2,25,0,1,0,1,431,1925,0,16,0,12
2013-07-18,1183,29.31,96,8.8,23,0,1,0,1,432,1924,0,16,0,12
2013-07-19,1184,29.1,97,13.4,24,0.58,1,0,1,433,1923,0,16,0,12
2013-07-20,1185,29.17,88,3.8,3,0.06,1,0.01,1,433,1923,1,16,0,11
2013-07-21,1186,29.18,89,2.9,11,0.01,1,0,1,434,1922,0,15,0,10
2013-07-22,1187,29.07,90,5.2,21,0,1,0,1,435,1921,0,15,1,11
2013-07-23,1188,29.15,80,7.3,1,0.03,1,0,1,436,1920,0,15,0,11
2013-07-24,1189,29.31,73,10.1,5,0,1,0,1,437,1919,0,14,0,10
2013-07-25,1190,29.33,81,2.7,23,0,1,0,1,438,1918,0,13,0,9
2013-07-26,1191,29.21,74,9.3,21,0.39,1,0.01,1,439,1918,1,13,1,9
2013-07-27,1192,29.17,68,10.3,30,0,1,0,1,440,1917,0,12,0,9
2013-07-28,1193,29.23,71,9.5,26,0,1,0,1,441,1916,1,13,1,10
2013-07-29,1194,29.41,76,2.3,2,0,1,0,1,442,1915,0,13,0,10
2013-07-30,1195,29.39,74,5.5,16,0.04,1,0,1,443,1914,1,13,1,10
2013-07-31,1196,29.26,75,2.5,30,0.5,1,0.18,1,444,1913,1,14,1,11
2013-08-01,1197,29.23,82,6.2,29,0,1,0,1,445,1911,0,14,0,11
2013-08-02,1198,29.15,86,2.7,23,0.63,1,0.41,1,446,1910,1,14,1,12
2013-08-03,1199,29.33,79,6.9,4,0,1,0,1,447,1909,0,14,0,12
2013-08-04,1200,29.42,74,6.1,7,0,1,0,1,448,1908,1,15,1,13
2013-08-05,1201,29.23,76,7.1,18,0.07,1,0.02,1,449,1907,0,15,1,13
2013-08-06,1202,29.13,85,8.7,21,0.04,1,0,1,450,1906,0,15,0,12
2013-08-07,1203,29.14,91,2.4,30,0,1,0.01,1,451,1904,0,15,0,11
2013-08-08,1204,29.26,79,10.5,5,0,1,0,1,452,1903,0,15,0,11
2013-08-09,1205,29.28,84,4.9,27,0,1,0,1,453,1902,0,14,0,11
2013-08-10,1206,NA,81,6,6,0,1,0,1,454,1900,0,13,0,10
2013-08-11,1207,29.35,84,4,24,0.01,1,0,1,455,1859,0,13,1,11
2013-08-12,1208,29.21,85,4.5,26,0.27,1,0.66,1,456,1858,1,13,1,11
2013-08-13,1209,29.37,71,11.2,2,0,1,0,1,457,1856,0,12,0,11
2013-08-14,1210,29.44,71,3,3,0,1,0,1,458,1855,0,12,0,11
2013-08-15,1211,29.4,74,4.5,22,0,1,0,1,459,1854,0,12,0,11
2013-08-16,1212,29.44,82,5,7,0,1,0,1,500,1852,0,11,0,11
2013-08-17,1213,29.47,79,6,7,0,1,0,1,501,1851,0,10,0,11
2013-08-18,1214,29.41,81,4.2,8,0,1,0,1,502,1849,0,10,0,11
2013-08-19,1215,29.34,86,3.8,25,0,1,0,1,503,1848,0,10,0,11
2013-08-20,1216,29.34,88,7,21,0,1,0,1,504,1846,0,10,0,11
2013-08-21,1217,29.3,91,9,22,0.01,1,0.05,1,505,1845,1,11,1,12
2013-08-22,1218,29.36,78,2.5,24,0.23,1,0.36,1,506,1843,1,11,1,12
2013-08-23,1219,29.43,81,7.2,6,0,1,0,1,508,1842,0,10,0,12
2013-08-24,1220,29.49,86,4.6,16,0,1,0,1,509,1840,0,10,0,12
2013-08-25,1221,29.46,89,9.6,21,0,1,0,1,510,1839,0,10,0,12
2013-08-26,1222,29.34,92,9.2,23,0,1,0,1,511,1837,0,10,0,12
2013-08-27,1223,29.18,96,12.5,24,0,1,0,1,512,1835,0,10,0,12
2013-08-28,1224,29.26,83,5.8,36,0,1,0,1,513,1834,0,10,0,12
2013-08-29,1225,29.29,87,4.2,10,0,1,0,1,514,1832,0,10,0,12
2013-08-30,1226,29.13,96,5.3,24,0.36,1,0.47,1,515,1831,1,11,0,12
2013-08-31,1227,29.1,77,5.8,4,0.07,1,0.96,1,516,1829,1,12,0,12
2013-09-01,1228,29.05,84,3.9,27,0.14,1,0.02,1,517,1827,0,12,0,12
2013-09-02,1229,29.21,77,7.5,2,0,1,0,1,518,1826,0,12,0,12
2013-09-03,1230,29.32,76,1.5,34,0,1,0,1,519,1824,0,11,0,12
2013-09-04,1231,29.37,84,6.4,25,0,1,0,1,520,1822,0,11,0,12
2013-09-05,1232,29.49,74,9.2,6,0,1,0,1,521,1821,0,11,0,11
2013-09-06,1233,29.38,85,4.3,17,0,1,0,1,522,1819,0,11,0,11
2013-09-07,1234,29.21,87,5.8,23,0.01,1,0,1,523,1817,0,11,0,11
2013-09-08,1235,29.26,78,10.1,7,0,1,0,1,524,1815,0,11,0,11
2013-09-09,1236,29.15,94,8.5,20,0,1,0,1,525,1814,0,10,0,10
2013-09-10,1237,29.25,96,12.2,24,0,1,0,1,526,1812,0,10,0,10
2013-09-11,1238,29.28,92,5.1,25,0,1,0,1,527,1810,0,9,0,9
2013-09-12,1239,29.28,83,6.8,34,0,1,0.06,1,528,1809,0,9,1,10
2013-09-13,1240,29.41,67,12.8,1,0,1,0,1,529,1807,0,8,0,9
2013-09-14,1241,29.36,72,5.3,19,0,1,0,1,530,1805,0,7,0,8
2013-09-15,1242,29.34,62,0.4,19,0.65,1,0.24,1,531,1803,1,8,1,9
2013-09-16,1243,29.59,64,11.4,3,0,1,0,1,532,1760,0,7,0,8
2013-09-17,1244,29.49,70,7.2,12,0,1,0,1,533,1758,0,7,0,8
2013-09-18,1245,29.26,82,6.7,17,0.55,1,0.51,1,535,1756,0,6,0,7
2013-09-19,1246,29.14,84,7.8,16,0.84,1,0,1,536,1755,1,7,1,7
2013-09-20,1247,29.08,77,10.3,26,0,1,0.02,1,537,1753,0,7,0,7
2013-09-21,1248,29.17,67,9,33,0,1,0,1,538,1751,0,7,0,7
2013-09-22,1249,29.3,67,4.8,5,0,1,0,1,539,1749,0,7,0,7
2013-09-23,1250,29.34,67,6.8,11,0,1,0,1,540,1748,0,7,0,7
2013-09-24,1251,29.26,91,5.8,9,0,1,0,1,541,1746,0,7,0,7
2013-09-25,1252,29.23,71,5.9,6,0,1,0,1,542,1744,0,7,0,6
2013-09-26,1253,29.34,75,4.1,9,0,1,0,1,543,1742,0,6,0,5
2013-09-27,1254,29.38,80,6.6,12,0,1,0,1,544,1741,0,6,0,5
2013-09-28,1255,29.24,85,10.2,18,0.2,1,0.02,1,545,1739,1,7,1,6
2013-09-29,1256,29.29,84,6.3,36,0.18,1,0.22,1,546,1737,1,8,1,7
2013-09-30,1257,29.21,76,4.2,19,0,1,0,1,547,1735,0,8,0,7
2013-10-01,1258,29.21,79,11.9,21,0,1,0,1,548,1734,0,8,0,7
2013-10-02,1259,29.31,77,5.2,7,0,1,0,1,549,1732,0,8,0,7
2013-10-03,1260,29.19,78,7.1,19,0.12,1,0.8,1,550,1730,1,9,1,8
2013-10-04,1261,29.23,76,2,16,0,1,0,1,552,1729,0,9,1,9
2013-10-05,1262,29.11,81,6.7,19,0.82,1,0.68,1,553,1727,0,8,0,8
2013-10-06,1263,29.02,76,10.1,25,0.09,1,0.06,1,554,1725,1,8,1,8
2013-10-07,1264,29.23,67,6.3,26,0,1,0,1,555,1724,0,8,0,8
2013-10-08,1265,29.42,76,4,17,0,1,0,1,556,1722,0,8,0,8
2013-10-09,1266,29.45,70,3.4,11,0,1,0,1,557,1720,0,8,0,8
2013-10-10,1267,29.37,75,3,12,0,1,0,1,558,1719,0,8,0,8
2013-10-11,1268,29.28,77,6.1,14,0,1,0,1,559,1717,0,8,0,8
2013-10-12,1269,29.32,73,6,21,0.12,1,0.01,1,600,1715,0,8,1,9
2013-10-13,1270,29.62,65,3.1,34,0,1,0,1,602,1714,0,8,0,9
2013-10-14,1271,29.53,62,7.2,8,0,1,0,1,603,1712,0,7,0,9
2013-10-15,1272,29.14,65,6.9,19,0.07,1,0.09,1,604,1711,1,7,1,10
2013-10-16,1273,29.16,54,10.5,25,0,1,0,1,605,1709,0,7,0,10
2013-10-17,1274,29.12,54,7.1,24,0.29,1,0.17,1,606,1707,1,8,1,11
2013-10-18,1275,29.18,50,7.9,25,0,1,0,1,607,1706,0,8,0,11
2013-10-19,1276,29.1,54,10.1,24,0.01,1,0.01,1,608,1704,1,9,1,12
2013-10-20,1277,29.07,65,7.5,21,0.01,1,0.02,1,610,1703,1,10,1,13
2013-10-21,1278,29.19,55,10.3,27,0,1,0.03,1,611,1701,1,11,0,13
2013-10-22,1279,29.21,41,4.6,26,0,1,0.03,1,612,1660,1,12,1,14
2013-10-23,1280,29.24,46,9.2,29,0,1,0,1,613,1658,1,13,0,14
2013-10-24,1281,29.45,44,9.2,30,0,1,0,1,614,1657,0,13,0,14
2013-10-25,1282,29.47,51,10.4,23,0,1,0,1,616,1656,0,13,0,14
2013-10-26,1283,29.22,55,10.5,26,0,1,0,1,617,1654,0,13,0,14
2013-10-27,1284,29.28,55,6.4,23,0,1,0,1,618,1653,0,13,0,13
2013-10-28,1285,29.54,54,8.8,4,0,1,0,1,619,1651,0,13,0,13
2013-10-29,1286,29.49,57,5.9,11,0,1,0,1,620,1650,1,14,0,13
2013-10-30,1287,29.22,64,5.3,14,0.55,1,1.16,1,622,1649,1,14,1,13
2013-10-31,1288,28.69,65,9.5,23,1.04,1,2.03,1,623,1647,1,15,1,14
2014-05-01,1289,29.02,50,14.1,24,0.09,1,0.09,1,448,1849,1,16,1,15
2014-05-02,1290,29.03,80,10.7,23,0,1,0.04,1,447,1850,1,17,0,15
2014-05-03,1291,29.07,68,13.3,28,0,1,0,1,446,1851,0,16,0,14
2014-05-04,1292,29.31,61,5.6,4,0,1,0,1,444,1852,0,16,0,14
2014-05-05,1293,29.26,59,12.5,5,0.05,1,0.01,1,443,1853,1,17,1,15
2014-05-06,1294,29.21,63,12.9,7,0,1,0,1,442,1855,0,17,0,15
2014-05-07,1295,29.1,80,6.3,10,0,1,0,1,441,1856,1,18,0,15
2014-05-08,1296,29.08,93,13.8,20,0.1,1,0,1,439,1857,0,18,1,16
2014-05-09,1297,29.03,76,12.4,23,1.03,1,1.43,1,438,1858,1,19,1,17
2014-05-10,1298,29.19,77,3.1,20,0,1,0,1,437,1859,0,19,0,17
2014-05-11,1299,29.19,85,7.8,17,0.12,1,0.41,1,436,1860,0,19,0,17
2014-05-12,1300,29.13,86,11.1,19,2.09,1,0.03,1,435,1901,1,19,0,16
2014-05-13,1301,29.29,70,8.1,25,0.12,1,0.14,1,434,1902,1,19,1,16
2014-05-14,1302,29.36,57,11.4,1,0.02,1,0.06,1,433,1903,1,20,1,17
2014-05-15,1303,29.26,57,9.2,1,0.19,1,0.26,1,432,1904,1,21,1,18
2014-05-16,1304,29.33,45,6.6,5,0.1,1,0.08,1,431,1905,1,22,1,19
2014-05-17,1305,29.4,61,7.6,24,0,1,0,1,430,1906,0,21,0,18
2014-05-18,1306,29.47,70,8.5,21,0,1,0,1,429,1907,0,21,0,17
2014-05-19,1307,29.34,71,11.3,16,0,1,0,1,428,1908,1,22,1,18
2014-05-20,1308,29.12,87,10.5,20,0.82,1,0.64,1,427,1909,0,21,1,18
2014-05-21,1309,29.16,89,4.8,30,0.01,1,0.01,1,426,1910,0,21,1,19
2014-05-22,1310,29.36,69,5.4,5,0,1,0,1,425,1911,0,21,0,19
2014-05-23,1311,29.47,68,5.1,5,0,1,0,1,425,1912,0,21,0,19
2014-05-24,1312,29.44,74,3.2,7,0,1,0,1,424,1913,0,21,0,19
2014-05-25,1313,29.35,85,1.7,15,0,1,0,1,423,1914,0,21,0,19
2014-05-26,1314,29.25,90,6.3,21,0,1,0.08,1,422,1915,0,21,0,18
2014-05-27,1315,29.21,85,5.3,24,0.21,1,0.5,1,422,1916,1,22,1,19
2014-05-28,1316,29.29,73,8.3,4,0.03,1,0.68,1,421,1916,1,23,1,20
2014-05-29,1317,29.38,77,8.8,4,0,1,0,1,421,1917,0,22,0,19
2014-05-30,1318,29.44,79,7.1,7,0,1,0,1,420,1918,0,22,0,19
2014-05-31,1319,29.39,89,5.1,11,0,1,0,1,420,1919,0,21,0,18
2014-06-01,1320,29.24,92,12,18,0,1,0,1,419,1920,0,21,0,18
2014-06-02,1321,29.11,85,13.4,22,0.14,1,0.2,1,419,1920,0,20,1,18
2014-06-03,1322,29.18,82,3.7,29,0,1,0,1,418,1921,0,19,0,17
2014-06-04,1323,29.13,72,8.5,6,0.19,1,0.12,1,418,1922,1,19,1,18
2014-06-05,1324,29.23,75,6.5,6,0,1,0,1,417,1923,0,18,0,17
2014-06-06,1325,29.26,82,4.8,9,0,1,0,1,417,1923,0,17,0,17
2014-06-07,1326,29.18,85,4.2,10,0.08,1,0.12,1,417,1924,1,18,1,18
2014-06-08,1327,29.28,70,15.4,1,0.23,1,0.21,1,417,1925,1,19,1,19
2014-06-09,1328,29.24,79,6.3,4,0,1,0,1,416,1925,0,19,0,19
2014-06-10,1329,29.12,70,8.3,3,1.26,1,0.45,1,416,1926,1,20,1,20
2014-06-11,1330,29,69,2.2,36,0.52,1,0.03,1,416,1926,1,21,1,21
2014-06-12,1331,29.08,82,8.9,26,0,1,0.01,1,416,1927,0,20,0,21
2014-06-13,1332,29.26,75,3.4,34,0,1,0,1,416,1927,0,19,0,20
2014-06-14,1333,29.31,80,7.5,17,0,1,0,1,416,1928,0,18,0,19
2014-06-15,1334,29.17,86,13.4,19,0,1,0,1,416,1928,0,17,0,18
2014-06-16,1335,29.24,90,7.1,21,0,1,0,1,416,1929,0,16,0,18
2014-06-17,1336,29.15,93,11.5,21,0,1,0,1,416,1929,0,16,1,19
2014-06-18,1337,29.24,85,3.3,23,0.65,1,0.8,1,416,1929,1,17,0,19
2014-06-19,1338,29.33,82,5.4,6,0.32,1,0.39,1,416,1930,1,17,0,18
2014-06-20,1339,29.23,86,2.6,29,0.01,1,0.03,1,416,1930,1,18,0,18
2014-06-21,1340,29.21,85,2.1,17,1.28,1,0.73,1,416,1930,1,18,1,19
2014-06-22,1341,29.16,82,4.8,8,0,1,0,1,417,1931,0,18,0,18
2014-06-23,1342,29.11,84,1.9,22,0.05,1,0.16,1,417,1931,1,18,1,18
2014-06-24,1343,29.15,85,0.9,15,0.41,1,1.15,1,417,1931,1,19,1,19
2014-06-25,1344,29.28,79,5.3,4,0,1,0.02,1,417,1931,0,19,0,19
2014-06-26,1345,29.34,77,5.5,6,0,1,0,1,418,1931,0,18,0,19
2014-06-27,1346,29.28,91,7.2,16,0,1,0,1,418,1931,0,17,0,18
2014-06-28,1347,29.23,88,11.1,17,0,1,0.16,1,419,1931,0,16,0,17
2014-06-29,1348,29.2,88,12.4,21,0.07,1,0.04,1,419,1931,0,15,1,17
2014-06-30,1349,29.05,88,9,19,2.6,1,2.06,1,419,1931,1,15,1,17
2014-07-01,1350,29.02,84,14.9,24,0,1,0.04,1,420,1931,1,16,1,18
2014-07-02,1351,29.23,74,6.3,30,0.12,1,0.12,1,420,1931,1,17,1,19
2014-07-03,1352,29.41,75,1.8,1,0.07,1,0.05,1,421,1931,1,17,1,19
2014-07-04,1353,29.54,79,2.8,6,0,1,0,1,422,1930,0,17,0,18
2014-07-05,1354,29.41,79,9.2,21,0,1,0.01,1,422,1930,1,18,1,18
2014-07-06,1355,29.1,89,12.5,22,0,1,0,1,423,1930,0,18,0,18
2014-07-07,1356,29,89,9.1,27,0.63,1,0.48,1,423,1930,0,18,0,18
2014-07-08,1357,29.01,84,11.5,27,0.54,1,0.48,1,424,1929,1,19,0,18
2014-07-09,1358,29.25,81,3,1,0,1,0,1,425,1929,0,19,0,18
2014-07-10,1359,29.42,78,4.5,9,0,1,0,1,425,1929,0,19,0,18
2014-07-11,1360,29.42,83,5.5,17,0.01,1,0,1,426,1928,0,18,1,18
2014-07-12,1361,29.23,81,8.6,21,0.47,1,3.31,1,427,1928,1,18,1,18
2014-07-13,1362,29.18,86,9.1,27,0.01,1,0.04,1,428,1927,0,18,0,18
2014-07-14,1363,29.11,81,5.9,30,0.2,1,0.37,1,428,1927,0,18,0,18
2014-07-15,1364,29.21,71,10,29,0.05,1,0.05,1,429,1926,1,19,1,19
2014-07-16,1365,29.29,73,3.2,2,0,1,0,1,430,1925,0,19,0,19
2014-07-17,1366,29.37,78,2.5,15,0,1,0,1,431,1925,0,19,0,18
2014-07-18,1367,29.39,81,4.9,16,0,1,0,1,432,1924,0,19,0,18
2014-07-19,1368,29.33,80,3.2,9,0,1,0,1,433,1923,0,18,0,17
2014-07-20,1369,29.31,84,3.8,23,0,1,0,1,433,1923,0,18,0,17
2014-07-21,1370,29.34,87,7.6,19,0,1,0,1,434,1922,0,18,0,17
2014-07-22,1371,29.27,91,9.6,21,0.01,1,0.19,1,435,1921,0,17,0,16
2014-07-23,1372,29.41,76,16.4,2,0,1,0,1,436,1920,0,16,0,15
2014-07-24,1373,29.39,75,5,4,0,1,0,1,437,1919,0,16,0,15
2014-07-25,1374,29.24,77,8.7,21,0,1,0,1,438,1918,0,15,0,14
2014-07-26,1375,29.1,85,7,23,0,1,0,1,439,1918,0,14,0,13
2014-07-27,1376,29.08,89,11.4,30,0.02,1,0.04,1,440,1917,0,14,1,14
2014-07-28,1377,29.33,73,10,36,0,1,0,1,441,1916,0,14,0,14
2014-07-29,1378,29.28,81,4.8,29,0.01,1,0,1,442,1915,0,14,0,14
2014-07-30,1379,29.29,80,1.1,6,0,1,0,1,443,1914,0,14,0,14
2014-07-31,1380,29.3,85,7.6,25,0,1,0,1,444,1913,0,14,0,14
2014-08-01,1381,29.34,83,5.5,23,0.15,1,0.21,1,445,1911,1,15,0,13
2014-08-02,1382,29.4,84,2.6,5,0,1,0,1,446,1910,0,14,0,13
2014-08-03,1383,29.38,87,2.6,20,0,1,0,1,447,1909,0,13,0,13
2014-08-04,1384,29.34,88,3.3,30,2.76,1,1.82,1,448,1908,1,13,1,14
2014-08-05,1385,29.31,80,2.3,4,0,1,0.07,1,449,1907,1,13,0,13
2014-08-06,1386,29.34,81,4.8,3,0,1,0,1,450,1906,0,13,0,13
2014-08-07,1387,29.34,81,8.7,9,0,1,0,1,451,1904,0,12,0,12
2014-08-08,1388,29.34,82,10.7,7,0,1,0,1,452,1903,0,11,0,11
2014-08-09,1389,29.34,80,9.7,6,0,1,0,1,453,1902,0,11,0,11
2014-08-10,1390,29.28,82,7.2,4,0,1,0,1,454,1900,0,11,0,11
2014-08-11,1391,29.11,84,4,31,0.85,1,1.16,1,455,1859,1,12,1,12
2014-08-12,1392,29.17,70,9.7,31,0.07,1,0.16,1,456,1858,1,13,1,13
2014-08-13,1393,29.29,83,3.4,31,0,1,0,1,457,1856,0,13,0,12
2014-08-14,1394,29.35,73,7.6,5,0,1,0,1,458,1855,0,12,0,11
2014-08-15,1395,29.28,79,5.5,23,0,1,0,1,459,1854,0,11,0,10
2014-08-16,1396,29.2,81,7.9,22,0,1,0,1,500,1852,0,10,0,9
2014-08-17,1397,29.23,72,7.8,2,0,1,0,1,501,1851,0,9,0,8
2014-08-18,1398,29.12,85,2.7,23,0,1,0,1,502,1849,0,9,0,8
2014-08-19,1399,29.02,86,10.6,23,0.09,1,0.13,1,503,1848,1,9,1,8
2014-08-20,1400,29.17,87,7.9,24,0,1,0,1,504,1846,0,9,0,8
2014-08-21,1401,29.21,83,4,18,0.98,1,1.29,1,505,1845,1,10,1,9
2014-08-22,1402,29.21,87,5.7,23,1.58,1,3.17,1,506,1843,1,10,1,10
2014-08-23,1403,29.25,87,1.6,8,0.34,1,0.5,1,508,1842,0,10,1,11
2014-08-24,1404,29.26,89,6.3,12,0,1,0,1,509,1840,0,10,0,11
2014-08-25,1405,29.28,92,4,18,0.01,1,0.78,1,510,1839,0,10,0,10
2014-08-26,1406,29.34,86,1.3,15,0.12,1,0,1,511,1837,0,9,0,9
2014-08-27,1407,29.4,81,6.4,6,0,1,0,1,512,1835,0,9,0,9
2014-08-28,1408,29.35,77,7.3,8,0,1,0.02,1,513,1834,1,10,1,10
2014-08-29,1409,29.19,88,9.9,17,0.08,1,0,1,514,1832,0,9,0,9
2014-08-30,1410,29.15,86,11.4,22,0.27,1,0,1,515,1831,0,9,0,9
2014-08-31,1411,29.18,87,6.9,21,0,1,0,1,516,1829,0,9,0,9
2014-09-01,1412,29.07,85,12.7,22,0.36,1,0,1,517,1827,0,9,1,10
2014-09-02,1413,29.18,85,5.8,27,0.01,1,0,1,518,1826,0,9,1,11
2014-09-03,1414,29.26,85,5.9,21,0,1,0,1,519,1824,0,9,0,11
2014-09-04,1415,29.21,87,12,19,0.26,1,0.22,1,520,1822,1,10,1,12
2014-09-05,1416,29.27,89,7.3,26,0.5,1,0.43,1,521,1821,1,11,1,13
2014-09-06,1417,29.42,76,4.7,36,0,1,0,1,522,1819,0,11,0,13
2014-09-07,1418,29.44,79,2.2,11,0,1,0,1,523,1817,0,11,0,13
2014-09-08,1419,29.33,79,5.2,17,0,1,0,1,524,1815,0,11,0,13
2014-09-09,1420,29.18,81,8.2,19,0.01,1,0.01,1,525,1814,1,12,1,14
2014-09-10,1421,28.97,82,8.9,24,1.31,1,1.61,1,526,1812,1,13,1,14
2014-09-11,1422,29.46,58,9.5,34,0,1,0,1,527,1810,0,13,0,14
2014-09-12,1423,29.55,57,11,34,0.13,1,0.1,1,528,1809,1,14,1,15
2014-09-13,1424,29.59,60,3.1,33,0,1,0.01,1,529,1807,0,14,0,15
2014-09-14,1425,29.49,67,4.2,22,0,1,0,1,530,1805,0,14,0,15
2014-09-15,1426,29.41,62,2.9,29,0,1,0,1,531,1803,1,14,1,16
2014-09-16,1427,29.41,69,1.5,34,0,1,0,1,532,1760,0,14,0,16
2014-09-17,1428,29.29,72,1.5,16,0,1,0,1,533,1758,0,14,0,16
2014-09-18,1429,29.4,72,4.8,3,0,1,0,1,535,1756,0,13,0,15
2014-09-19,1430,29.31,76,10,18,0,1,0,1,536,1755,0,12,0,15
2014-09-20,1431,29.1,80,11.5,22,0.12,1,0.12,1,537,1753,1,13,1,16
2014-09-21,1432,29.26,70,9.4,31,0,1,0,1,538,1751,0,13,1,17
2014-09-22,1433,29.52,69,1.3,33,0,1,0,1,539,1749,0,13,0,17
2014-09-23,1434,29.57,76,3.3,17,0,1,0,1,540,1748,0,13,0,17
2014-09-24,1435,29.57,77,4.1,13,0,1,0,1,541,1746,0,13,0,17
2014-09-25,1436,29.52,78,1.9,13,0,1,0,1,542,1744,0,12,0,16
2014-09-26,1437,29.51,81,4.7,9,0,1,0,1,543,1742,0,11,0,15
2014-09-27,1438,29.47,79,4,8,0,1,0,1,544,1741,0,11,0,15
2014-09-28,1439,29.38,79,2.6,8,0,1,0,1,545,1739,0,11,0,15
2014-09-29,1440,29.28,84,4.5,34,0.01,1,0,1,546,1737,1,12,1,16
2014-09-30,1441,29.29,61,9.1,2,0,1,0,1,547,1735,0,12,0,16
2014-10-01,1442,29.22,73,8,13,0,1,0,1,548,1734,1,13,0,16
2014-10-02,1443,29.03,75,7.2,17,0.32,1,0.72,1,549,1732,1,14,1,17
2014-10-03,1444,28.95,68,14,28,0.68,1,1.05,1,550,1730,1,14,1,17
2014-10-04,1445,29,49,13.6,25,0.06,1,0.05,1,552,1729,1,15,1,18
2014-10-05,1446,28.95,56,10.1,23,0.01,1,0,1,553,1727,1,15,1,18
2014-10-06,1447,28.89,63,9.5,23,0.01,1,0.01,1,554,1725,0,14,0,17
2014-10-07,1448,29,69,10.3,24,0,1,0,1,555,1724,0,14,0,16
2014-10-08,1449,29.27,67,10.7,27,0,1,0,1,556,1722,0,14,0,16
2014-10-09,1450,29.38,64,3.4,2,0,1,0,1,557,1720,0,14,0,16
2014-10-10,1451,29.43,59,3.8,2,0,1,0,1,558,1719,0,14,0,16
2014-10-11,1452,29.47,60,3.5,8,0,1,0,1,559,1717,0,14,0,16
2014-10-12,1453,29.24,64,9.5,14,0.01,1,0.01,1,600,1715,1,14,1,16
2014-10-13,1454,28.97,71,7.5,15,0.64,1,0.44,1,602,1714,1,15,1,17
2014-10-14,1455,28.83,67,1.8,12,0.65,1,1.18,1,603,1712,1,16,1,18
2014-10-15,1456,29.05,58,9.4,35,0.05,1,0.07,1,604,1711,1,17,1,19
2014-10-16,1457,29.02,58,5.4,25,0,1,0,1,605,1709,0,17,0,18
2014-10-17,1458,28.99,63,10.7,28,0,1,0.01,1,606,1707,0,17,0,17
2014-10-18,1459,29.39,52,7.6,34,0.01,1,0.02,1,607,1706,1,18,1,18
2014-10-19,1460,29.31,57,8.8,21,0,1,0,1,608,1704,0,17,0,17
2014-10-20,1461,29.17,66,4.9,32,0.01,1,0,1,610,1703,0,16,0,16
2014-10-21,1462,29.46,54,11,36,0,1,0,1,611,1701,0,16,0,16
2014-10-22,1463,29.56,56,3,11,0,1,0,1,612,1660,0,16,0,16
2014-10-23,1464,29.39,62,7.9,19,0,1,0,1,613,1658,0,16,0,16
2014-10-24,1465,29.25,68,4.9,22,0,1,0,1,614,1657,0,15,0,15
2014-10-25,1466,29.21,75,9.7,28,0,1,0,1,616,1656,0,14,0,14
2014-10-26,1467,29.21,66,1.6,11,0,1,0,1,617,1654,0,14,0,14
2014-10-27,1468,28.92,79,12.7,19,0,1,0.02,1,618,1653,1,14,0,13
2014-10-28,1469,29.15,66,14,26,0,1,0.03,1,619,1651,1,15,0,13
2014-10-29,1470,29.36,49,8.5,29,0,1,0,1,620,1650,0,15,0,13
2014-10-30,1471,29.34,53,5.9,23,0,1,0,1,622,1649,1,15,0,12
2014-10-31,1472,29.49,49,21.7,34,0.03,1,0.04,1,623,1647,1,16,1,13
