"X","Longitude","Latitude","Season_code_1","Season_code_2","Season_code_3","CULEX_ERRATICUS","CULEX_PIPIENS","CULEX_PIPIENS_RESTUANS","CULEX_RESTUANS","CULEX_SALINARIUS","CULEX_TARSALIS","CULEX_TERRITANS","Sunrise","Sunset","Tmin2","Tavg","Depart","Heat","DewPoint","TrapClusterNum_7","TrapClusterNum_9","TrapClusterNum_1","TrapClusterNum_5","TrapClusterNum_8","TrapClusterNum_6","TrapClusterNum_2","TrapClusterNum_10","TrapClusterNum_4","TrapClusterNum_3","Month_6","Month_8","Month_9","Month_10","Month_7","Month_5","ParasiticIn","Influenza","Tmax2","Tavg2","Heat2","Tmax","Tmin","Cool","StnPressure2","WetBulb2","FG2","BR2","TS","TSRA","TS2","TSRA2","HZ","RA","AvgSpeed2","AvgSpeed","ResultSpeed","RA45","RA45_2","pre45_1_2","pre45_1","PrecipTotal"
1214,-87.726549,41.82561,0,0,1,0,0,4,0,0,0,0,536,1755,68,40,30,1,59,0,0,0,0,1,0,0,0,0,0,0,0,1,0,0,0,0.29,0.67,84,41,1,84,65,11,29.47,34,0,0,0,0,0,0,0,0,9,9.7,5,17,11,1,1,0
2381,-87.752411,41.778297,0,0,1,0,0,4,0,0,0,0,542,1744,60,30,22,1,57,0,0,0,0,1,0,0,0,0,0,0,0,1,0,0,0,0.26,0.6,70,30,1,70,60,1,29.44,29,0,1,0,0,0,0,0,1,6.3,7.3,5.4,11,10,1,0,0.16
1745,-87.599862,41.673408,0,1,0,0,1,1,4,0,0,0,418,1931,72,43,25,1,60,0,0,0,1,0,0,0,0,0,0,1,0,0,0,0,0,0.28,0.85,86,44,1,86,69,14,29.2,36,0,0,0,0,0,0,0,0,8,8.2,6.4,15,15,1,1,0
20,-87.812827,41.981964,0,1,0,0,0,0,2,0,0,0,417,1923,51,21,17,30,48,0,0,0,0,0,0,1,0,0,0,1,0,0,0,0,0,0.26,0.8,63,22,29,64,47,1,29.16,21,0,1,0,0,0,0,0,1,8.1,7.6,5.2,16.3162312117209,19.6483478067053,1,1,0.42
2275,-87.694991,41.857402,0,0,1,0,0,1,0,0,0,0,530,1805,59,36,25,1,55,0,0,1,0,0,0,0,0,0,0,0,0,1,0,0,0,0.26,0.6,84,37,1,84,58,7,29.4,31,0,0,0,0,0,0,0,0,2.7,2.1,0.1,12,10,1,0,0
468,-87.666343,41.822536,0,1,0,0,12,65,5,0,0,0,445,1911,69,46,26,1,62,0,0,1,0,0,0,0,0,0,0,0,1,0,0,0,0,0.29,0.67,91,45,1,92,69,17,29.34,39,0,0,0,0,0,0,1,0,3.7,4.1,3.5,12,13,0,1,0
3577,-87.785288,41.923738,0,1,0,0,0,8,2,0,0,0,416,1930,70,40,23,1,65,0,0,0,0,0,1,0,0,0,0,1,0,0,0,0,0,0.24,0.72,85,43,1,82,68,11,29.39,36,0,0,0,0,0,1,0,1,9.6,9.5,7.4,19,18,1,1,0.79
2984,-87.930995,41.957799,0,1,0,0,7,58,0,0,0,0,456,1858,65,36,10,1,59,0,0,0,0,0,0,0,0,0,1,0,1,0,0,0,0,0.25,0.57,82,39,1,81,60,7,29.28,33,0,0,0,0,0,0,0,0,8.4,8.5,8.3,10,9,0,1,0
249,-87.629798,41.878114,0,1,0,0,0,3,1,0,0,0,426,1928,63,35,11,1,51,0,0,1,0,0,0,0,0,0,0,0,0,0,0,1,0,0.29,0.67,77,35,1,77,62,6,29.28,28,0,0,0,0,0,0,0,0,11.2,10.9,8.8,15,15,0,0,0
4125,-87.55551,41.733643,0,1,0,0,0,2,1,0,0,0,452,1903,69,37,1,1,56,1,0,0,0,0,0,0,0,0,0,0,1,0,0,0,0,0.26,0.58,79,39,1,78,65,8,29.33,31,0,0,0,0,0,0,0,0,10.8,9.3,8.6,11,15,0,1,0
897,-87.729384,41.837085,0,1,0,0,1,1,0,0,0,0,509,1840,69,40,22,1,67,0,0,0,0,1,0,0,0,0,0,0,1,0,0,0,0,0.29,0.67,81,40,1,80,69,11,29.16,38,0,1,0,1,1,1,0,1,7.3,7.1,5.8,19,14,1,1,0.24
65,-87.79518,41.921177,0,1,0,0,0,0,1,0,0,0,418,1931,73,46,28,1,69,0,0,0,0,0,1,0,0,0,0,1,0,0,0,0,0,0.26,0.8,91,47,1,92,70,17,29.45,41,0,1,0,1,0,0,1,0,8.1,7.1,6.1,19,18,0,1,0.16
1744,-87.60088,41.773215,0,1,0,0,0,1,0,0,0,0,418,1931,72,43,25,1,60,1,0,0,0,0,0,0,0,0,0,1,0,0,0,0,0,0.28,0.85,86,44,1,86,69,14,29.2,36,0,0,0,0,0,0,0,0,8,8.2,6.4,15,15,1,1,0
2915,-87.565666,41.704572,0,1,0,0,0,0,3,0,0,1,442,1915,74,44,23,1,67,0,0,0,1,0,0,0,0,0,0,0,0,0,0,1,0,0.25,0.57,86,45,1,86,71,15,29.34,41,0,1,0,0,0,1,0,0,5.6,5.9,4.3,14,12,1,1,0.7
2325,-87.724608,41.662014,0,0,1,0,3,3,0,0,0,0,533,1758,54,26,11,25,52,0,0,0,0,0,0,0,0,1,0,0,0,1,0,0,0,0.26,0.6,71,28,13,72,50,1,29.51,26,0,0,0,0,0,0,0,0,5.4,4.2,3.4,11,9,1,0,0
3968,-87.642984,41.803423,0,1,0,0,6,22,26,0,0,0,438,1918,58,34,13,1,54,0,0,1,0,0,0,0,0,0,0,0,0,0,0,1,0,0.26,0.58,81,35,1,81,57,5,29.39,29,0,0,0,0,0,0,0,0,3.9,5.1,4.1,9,13,0,1,0
1107,-87.700117,41.932094,0,0,1,0,1,0,0,0,0,0,528,1809,46,22,16,29,42,0,1,0,0,0,0,0,0,0,0,0,0,1,0,0,0,0.29,0.67,66,21,30,67,46,1,29.46,19,0,0,0,0,0,0,0,0,6,5.6,1.8,19,13,1,1,0
276,-87.763416,41.801498,0,1,0,0,1,2,0,0,0,0,432,1924,69,42,21,1,68,0,0,0,0,1,0,0,0,0,0,0,0,0,0,1,0,0.29,0.67,85,42,1,85,69,13,29.18,40,0,1,0,1,1,1,0,1,10.6,10.1,9.1,14,15,0,1,1.55
4282,-87.777189,41.960616,0,1,0,0,0,11,0,0,0,0,514,1832,69,43,26,1,64,0,0,0,0,0,0,0,1,0,0,0,1,0,0,0,0,0.26,0.58,87,43,1,89,66,14,29.36,38,1,1,0,0,0,0,1,0,4.6,4.7,3.9,12,10,0,0,0
431,-87.729384,41.837085,0,1,0,0,3,4,0,0,0,0,445,1911,69,46,26,1,62,0,0,0,0,1,0,0,0,0,0,0,1,0,0,0,0,0.29,0.67,91,45,1,92,69,17,29.34,39,0,0,0,0,0,0,1,0,3.7,4.1,3.5,12,13,0,1,0
3836,-87.565666,41.704572,0,1,0,0,0,0,27,0,0,1,427,1928,60,36,10,1,53,0,0,0,1,0,0,0,0,0,0,0,0,0,0,1,0,0.26,0.58,82,36,1,83,58,7,29.44,31,0,0,0,0,0,0,0,0,5.4,4.8,4,16,19,0,1,0
3945,-87.703736,41.704336,0,1,0,0,0,4,1,0,0,0,438,1918,58,34,13,1,54,0,0,0,0,0,0,0,0,1,0,0,0,0,0,1,0,0.26,0.58,81,35,1,81,57,5,29.39,29,0,0,0,0,0,0,0,0,3.9,5.1,4.1,9,13,0,1,0
2296,-87.565666,41.704572,0,0,1,0,1,1,0,0,0,0,530,1805,59,36,25,1,55,0,0,0,1,0,0,0,0,0,0,0,0,1,0,0,0,0.26,0.6,84,37,1,84,58,7,29.4,31,0,0,0,0,0,0,0,0,2.7,2.1,0.1,12,10,1,0,0
4383,-87.668055,41.912563,0,0,1,0,1,9,0,0,0,0,522,1819,62,37,23,1,58,0,1,0,0,0,0,0,0,0,0,0,0,1,0,0,0,0.26,0.58,85,39,1,86,57,8,29.44,32,0,0,0,0,0,0,0,0,6,6,4.7,11,11,0,0,0
1848,-87.627796,41.821582,0,1,0,0,0,1,0,0,0,0,425,1929,67,38,18,1,64,0,0,1,0,0,0,0,0,0,0,0,0,0,0,1,0,0.26,0.6,84,41,1,82,63,9,29.41,37,0,1,0,0,0,0,0,1,4.6,4.9,4.4,18,16,1,1,0.08
4159,-87.703047,41.77166,0,1,0,0,31,40,0,0,0,0,459,1854,57,30,15,1,53,0,0,0,0,1,0,0,0,0,0,0,1,0,0,0,0,0.26,0.58,74,31,1,75,55,1,29.47,27,0,0,0,0,0,0,0,0,5,4.9,4.2,11,12,0,0,0
866,-87.832763,41.944869,0,1,0,0,9,17,0,0,0,0,509,1840,69,40,22,1,67,0,0,0,0,0,0,1,0,0,0,0,1,0,0,0,0,0.29,0.67,81,40,1,80,69,11,29.16,38,0,1,0,1,1,1,0,1,7.3,7.1,5.8,19,14,1,1,0.24
736,-87.585487,41.799282,0,1,0,0,3,3,2,0,0,0,459,1854,72,41,22,1,67,1,0,0,0,0,0,0,0,0,0,0,1,0,0,0,0,0.29,0.67,81,42,1,80,71,12,29.23,40,0,1,0,1,1,1,0,1,7.1,5.8,3.4,15,12,0,1,0.23
3781,-87.777189,41.960616,0,1,0,0,0,5,2,0,0,0,427,1928,60,36,10,1,53,0,0,0,0,0,0,0,1,0,0,0,0,0,0,1,0,0.26,0.58,82,36,1,83,58,7,29.44,31,0,0,0,0,0,0,0,0,5.4,4.8,4,16,19,0,1,0
1904,-87.678649,41.768388,0,1,0,0,0,1,1,0,0,0,431,1925,58,29,2,2,51,0,0,0,0,0,0,0,0,1,0,0,0,0,0,1,0,0.26,0.6,70,29,2,70,57,1,29.21,26,0,0,0,0,0,0,0,0,10.4,10.8,10.6,15,16,1,1,0
3290,-87.546587,41.740641,0,0,1,0,0,2,6,0,0,0,528,1809,64,40,28,1,59,1,0,0,0,0,0,0,0,0,0,0,0,1,0,0,0,0.25,0.57,86,40,1,86,64,11,29.24,34,0,0,0,0,0,0,0,0,9.3,10.9,10.5,12,12,0,1,0
1475,-87.716277,41.846075,1,0,0,0,0,2,0,0,0,0,421,1916,55,23,13,28,51,0,0,1,0,0,0,0,0,0,0,0,0,0,0,0,1,0.28,0.85,64,25,26,62,54,1,29.11,23,0,0,0,0,0,0,0,0,8.3,8.1,6.8,13.2126647963936,13.2124986025331,1,1,0
1449,-87.599862,41.673408,0,0,1,0,104,55,0,0,0,0,557,1720,50,28,26,13,44,0,0,0,1,0,0,0,0,0,0,0,0,0,1,0,0,0.27,0.77,77,29,2,76,49,1,29.27,22,0,0,0,0,0,0,0,0,13.3,12.8,11.5,8,7,0,0,0
2248,-87.862995,41.992478,0,0,1,0,0,7,0,0,0,0,530,1805,59,36,25,1,55,0,0,0,0,0,0,0,0,0,1,0,0,1,0,0,0,0.26,0.6,84,37,1,84,58,7,29.4,31,0,0,0,0,0,0,0,0,2.7,2.1,0.1,12,10,1,0,0
3991,-87.805059,41.973845,0,1,0,0,1,0,2,0,0,0,445,1911,61,36,10,1,57,0,0,0,0,0,0,1,0,0,0,0,1,0,0,0,0,0.26,0.58,82,37,1,81,61,7,29.29,31,0,0,0,0,0,0,0,0,7.1,7.8,7.6,11,14,0,1,0
2149,-87.800991,41.95469,0,1,0,0,0,14,7,0,0,0,510,1839,61,36,19,1,61,0,0,0,0,0,0,1,0,0,0,0,1,0,0,0,0,0.26,0.6,82,37,1,83,59,7,29.39,34,0,0,0,0,0,0,0,0,8.6,9.2,9.1,12,11,0,0,0
2767,-87.666014,41.720848,0,1,0,0,0,48,28,1,0,0,429,1926,71,44,23,1,60,0,0,0,0,0,0,0,0,1,0,0,0,0,0,1,0,0.25,0.57,86,44,1,87,70,15,29.33,36,0,0,0,0,0,0,0,0,6.8,6.7,5.4,13,13,1,0,0
666,-87.745602,41.759346,0,1,0,0,5,19,0,0,0,0,459,1854,72,41,22,1,67,0,0,0,0,1,0,0,0,0,0,0,1,0,0,0,0,0.29,0.67,81,42,1,80,71,12,29.23,40,0,1,0,1,1,1,0,1,7.1,5.8,3.4,15,12,0,1,0.23
3013,-87.678649,41.768388,0,1,0,0,0,1,0,0,0,0,456,1858,65,36,10,1,59,0,0,0,0,0,0,0,0,1,0,0,1,0,0,0,0,0.25,0.57,82,39,1,81,60,7,29.28,33,0,0,0,0,0,0,0,0,8.4,8.5,8.3,10,9,0,1,0
609,-87.632085,41.921965,0,1,0,0,0,1,0,0,0,0,451,1904,73,47,27,1,73,0,1,0,0,0,0,0,0,0,0,0,1,0,0,0,0,0.29,0.67,92,48,1,91,72,18,29.11,45,0,0,0,0,0,0,0,1,8.8,9,6.2,11,10,0,1,1.31
4230,-87.703736,41.704336,0,1,0,0,7,8,3,0,0,0,506,1843,67,38,20,1,67,0,0,0,0,0,0,0,0,1,0,0,1,0,0,0,0,0.26,0.58,78,38,1,78,68,9,29.42,37,0,0,0,0,0,0,0,1,7,7,1.5,12,11,0,0,0.23
936,-87.655356,41.775051,0,1,0,0,1,2,0,0,0,0,509,1840,69,40,22,1,67,0,0,0,0,0,0,0,0,1,0,0,1,0,0,0,0,0.29,0.67,81,40,1,80,69,11,29.16,38,0,1,0,1,1,1,0,1,7.3,7.1,5.8,19,14,1,1,0.24
336,-87.629798,41.878114,0,1,0,0,0,1,0,0,0,0,433,1923,63,38,1,1,63,0,0,1,0,0,0,0,0,0,0,0,0,0,0,1,0,0.29,0.67,82,38,1,83,63,9,29.26,35,0,1,0,0,0,0,0,0,14.4,11.9,7,13,14,0,1,0.16
1083,-87.763416,41.801498,0,0,1,0,7,4,0,0,0,0,528,1809,46,22,16,29,42,0,0,0,0,1,0,0,0,0,0,0,0,1,0,0,0,0.29,0.67,66,21,30,67,46,1,29.46,19,0,0,0,0,0,0,0,0,6,5.6,1.8,19,13,1,1,0
3954,-87.678649,41.768388,0,1,0,0,0,7,10,0,0,0,438,1918,58,34,13,1,54,0,0,0,0,0,0,0,0,1,0,0,0,0,0,1,0,0.26,0.58,81,35,1,81,57,5,29.39,29,0,0,0,0,0,0,0,0,3.9,5.1,4.1,9,13,0,1,0
3708,-87.800515,41.916265,0,1,0,0,0,13,24,0,0,0,424,1929,71,43,23,1,71,0,0,0,0,0,1,0,0,0,0,0,0,0,0,1,0,0.26,0.58,87,44,1,86,70,14,29.31,41,0,1,0,1,0,0,0,1,10.5,8.4,7.8,18,21,1,1,0.5
2479,-87.703047,41.77166,0,1,0,0,0,4,4,0,0,0,416,1926,51,25,15,26,56,0,0,0,0,1,0,0,0,0,0,1,0,0,0,0,0,0.23,0.76,71,26,25,69,51,1,29.26,27,0,1,0,0,1,1,1,1,7.5,8,6.4,14.3362535630461,14.4391074161794,1,1,0.52
2369,-87.805059,41.973845,0,0,1,0,4,39,3,0,0,0,542,1744,60,30,22,1,57,0,0,0,0,0,0,1,0,0,0,0,0,1,0,0,0,0.26,0.6,70,30,1,70,60,1,29.44,29,0,1,0,0,0,0,0,1,6.3,7.3,5.4,11,10,1,0,0.16
2090,-87.599862,41.673408,0,1,0,0,1,3,0,0,0,0,451,1904,67,34,12,1,59,0,0,0,1,0,0,0,0,0,0,0,1,0,0,0,0,0.26,0.6,74,36,1,74,64,5,29.41,32,0,1,0,0,0,0,0,1,7.2,7.8,7.3,14,11,1,0,0.33
1280,-87.752411,41.778297,0,0,1,0,4,5,0,0,0,0,541,1746,71,44,36,1,63,0,0,0,0,1,0,0,0,0,0,0,0,1,0,0,0,0.29,0.67,91,46,1,90,68,15,29.34,38,0,0,0,0,0,0,0,0,10.5,11.9,11.4,13,10,1,1,0
1700,-87.654224,41.867108,0,1,0,0,0,19,36,0,0,0,417,1931,70,44,27,1,67,0,0,1,0,0,0,0,0,0,0,1,0,0,0,0,0,0.28,0.85,89,45,1,89,68,15,29.15,40,0,0,0,1,0,1,0,1,7.2,5.6,4,15,16,1,1,0.09
1573,-87.700117,41.932094,0,1,0,0,0,3,4,0,0,0,417,1923,47,27,11,24,44,0,1,0,0,0,0,0,0,0,0,1,0,0,0,0,0,0.28,0.85,80,29,2,79,44,1,29.23,23,0,0,0,0,0,0,0,0,7.2,6.7,5.8,13.1155290375629,12.0216409366304,1,1,0
1173,-87.76007,41.961743,0,0,1,0,0,0,0,0,0,1,535,1756,66,41,30,1,58,0,0,0,0,0,0,0,1,0,0,0,0,1,0,0,0,0.29,0.67,89,43,1,88,63,12,29.41,34,0,0,0,0,0,0,0,0,12.8,13.1,12.9,18,12,1,1,0
2698,-87.66214,42.010412,0,1,0,0,0,2,0,0,0,0,426,1928,70,45,25,1,71,0,1,0,0,0,0,0,0,0,0,0,0,0,0,1,0,0.25,0.57,90,45,1,88,71,16,29.18,43,0,1,0,0,0,1,1,0,8,8.5,5.5,14,15,1,1,0.39
3357,-87.862995,41.992478,0,0,1,0,0,1,0,0,0,0,540,1748,48,20,14,3,44,0,0,0,0,0,0,0,0,0,1,0,0,1,0,0,0,0.25,0.57,62,20,3,62,48,1,29.38,20,0,0,0,0,0,0,0,0,6.4,7,5.9,13,13,0,1,0
1507,-87.777189,41.960616,0,1,0,0,0,5,10,0,0,0,419,1920,50,19,2,4,46,0,0,0,0,0,0,0,1,0,0,1,0,0,0,0,0,0.28,0.85,61,21,30,60,48,1,29.42,20,0,1,0,0,0,0,0,1,9.2,8,7.4,12.0883152079486,11.048196270827,1,1,0.12
2851,-87.599862,41.673408,0,1,0,0,1,35,16,0,0,0,438,1918,73,46,25,1,66,0,0,0,1,0,0,0,0,0,0,0,0,0,0,1,0,0.25,0.57,90,47,1,88,73,17,29.25,40,0,0,0,0,0,0,0,0,6.1,6.5,3.4,14,12,1,1,0
2109,-87.736812,41.798697,0,1,0,0,1,6,3,0,0,0,457,1856,63,38,18,1,55,0,0,0,0,1,0,0,0,0,0,0,1,0,0,0,0,0.26,0.6,86,40,1,86,60,9,29.44,32,0,0,0,0,0,0,0,0,4,3.8,1.5,14,11,1,0,0
3055,-87.757639,41.964242,0,1,0,0,0,17,2,0,0,0,503,1848,67,41,23,1,63,0,0,0,0,0,0,0,1,0,0,0,1,0,0,0,0,0.25,0.57,86,42,1,87,64,12,29.23,37,0,0,0,0,0,0,0,0,5.8,5.2,3.3,12,9,0,1,0
307,-87.666455,41.9216,0,1,0,0,4,12,0,0,0,0,432,1924,69,42,21,1,68,0,1,0,0,0,0,0,0,0,0,0,0,0,0,1,0,0.29,0.67,85,42,1,85,69,13,29.18,40,0,1,0,1,1,1,0,1,10.6,10.1,9.1,14,15,0,1,1.55
1183,-87.716277,41.846075,0,0,1,0,3,1,0,0,0,1,535,1756,66,41,30,1,58,0,0,1,0,0,0,0,0,0,0,0,0,1,0,0,0,0.29,0.67,89,43,1,88,63,12,29.41,34,0,0,0,0,0,0,0,0,12.8,13.1,12.9,18,12,1,1,0
497,-87.562889,41.766202,0,1,0,0,10,15,6,0,0,0,445,1911,69,46,26,1,62,1,0,0,0,0,0,0,0,0,0,0,1,0,0,0,0,0.29,0.67,91,45,1,92,69,17,29.34,39,0,0,0,0,0,0,1,0,3.7,4.1,3.5,12,13,0,1,0
996,-87.730698,41.948167,0,0,1,0,1,0,0,0,0,0,520,1822,67,41,26,1,60,0,0,0,0,0,0,0,1,0,0,0,0,1,0,0,0,0.29,0.67,90,44,1,89,63,12,29.34,36,0,0,0,0,0,0,0,0,5,4.3,2.8,17,12,1,1,0
1262,-87.812827,41.981964,0,0,1,0,29,3,0,0,0,0,541,1746,71,44,36,1,63,0,0,0,0,0,0,1,0,0,0,0,0,1,0,0,0,0.29,0.67,91,46,1,90,68,15,29.34,38,0,0,0,0,0,0,0,0,10.5,11.9,11.4,13,10,1,1,0
4268,-87.546587,41.740641,0,1,0,0,6,40,0,0,0,0,506,1843,67,38,20,1,67,1,0,0,0,0,0,0,0,0,0,0,1,0,0,0,0,0.26,0.58,78,38,1,78,68,9,29.42,37,0,0,0,0,0,0,0,1,7,7,1.5,12,11,0,0,0.23
3219,-87.600963,41.728495,0,0,1,0,0,2,0,0,0,0,518,1826,79,49,34,1,69,1,0,0,0,0,0,0,0,0,0,0,0,1,0,0,0,0.25,0.57,94,52,1,92,76,20,29.24,43,0,0,0,0,0,0,1,0,6.6,7.4,4.9,12,11,0,1,0
269,-87.794896,41.94016,0,1,0,0,0,1,1,0,0,0,432,1924,69,42,21,1,68,0,0,0,0,0,1,0,0,0,0,0,0,0,0,1,0,0.29,0.67,85,42,1,85,69,13,29.18,40,0,1,0,1,1,1,0,1,10.6,10.1,9.1,14,15,0,1,1.55
1926,-87.562889,41.766202,0,1,0,0,0,1,0,0,0,0,431,1925,58,29,2,2,51,1,0,0,0,0,0,0,0,0,0,0,0,0,0,1,0,0.26,0.6,70,29,2,70,57,1,29.21,26,0,0,0,0,0,0,0,0,10.4,10.8,10.6,15,16,1,1,0
388,-87.666455,41.9216,0,1,0,0,0,5,1,0,0,0,440,1917,70,42,21,1,68,0,1,0,0,0,0,0,0,0,0,0,0,0,0,1,0,0.29,0.67,83,42,1,83,70,13,29.16,39,0,1,0,0,0,0,1,1,8.1,7.9,3,13,13,0,1,0.17
887,-87.757639,41.964242,0,1,0,0,19,12,1,0,0,0,509,1840,69,40,22,1,67,0,0,0,0,0,0,0,1,0,0,0,1,0,0,0,0,0.29,0.67,81,40,1,80,69,11,29.16,38,0,1,0,1,1,1,0,1,7.3,7.1,5.8,19,14,1,1,0.24
637,-87.832763,41.944869,0,1,0,0,25,39,0,0,0,0,459,1854,72,41,22,1,67,0,0,0,0,0,0,1,0,0,0,0,1,0,0,0,0,0.29,0.67,81,42,1,80,71,12,29.23,40,0,1,0,1,1,1,0,1,7.1,5.8,3.4,15,12,0,1,0.23
2769,-87.655232,41.896282,0,1,0,0,0,2,0,0,0,0,429,1926,71,44,23,1,60,0,0,1,0,0,0,0,0,0,0,0,0,0,0,1,0,0.25,0.57,86,44,1,87,70,15,29.33,36,0,0,0,0,0,0,0,0,6.8,6.7,5.4,13,13,1,0,0
3331,-87.668055,41.912563,0,0,1,0,0,3,2,0,0,0,532,1760,48,17,4,6,40,0,1,0,0,0,0,0,0,0,0,0,0,1,0,0,0,0.25,0.57,59,19,4,58,46,1,29.65,16,0,0,0,0,0,0,0,0,3.7,3.3,1.4,13,13,0,1,0
3365,-87.777921,42.008314,0,0,1,0,0,9,0,0,0,0,540,1748,48,20,14,3,44,0,0,0,0,0,0,1,0,0,0,0,0,1,0,0,0,0.25,0.57,62,20,3,62,48,1,29.38,20,0,0,0,0,0,0,0,0,6.4,7,5.9,13,13,0,1,0
1839,-87.679447,41.801179,0,1,0,0,0,3,0,0,0,0,425,1929,67,38,18,1,64,0,0,1,0,0,0,0,0,0,0,0,0,0,0,1,0,0.26,0.6,84,41,1,82,63,9,29.41,37,0,1,0,0,0,0,0,1,4.6,4.9,4.4,18,16,1,1,0.08
3392,-87.666901,41.868077,0,0,1,0,0,3,1,0,0,0,540,1748,48,20,14,3,44,0,0,1,0,0,0,0,0,0,0,0,0,1,0,0,0,0.25,0.57,62,20,3,62,48,1,29.38,20,0,0,0,0,0,0,0,0,6.4,7,5.9,13,13,0,1,0
3949,-87.696269,41.868142,0,1,0,0,0,16,0,0,0,0,438,1918,58,34,13,1,54,0,0,1,0,0,0,0,0,0,0,0,0,0,0,1,0,0.26,0.58,81,35,1,81,57,5,29.39,29,0,0,0,0,0,0,0,0,3.9,5.1,4.1,9,13,0,1,0
1722,-87.703736,41.704336,0,1,0,0,0,3,0,0,0,0,418,1931,72,43,25,1,60,0,0,0,0,0,0,0,0,1,0,1,0,0,0,0,0,0.28,0.85,86,44,1,86,69,14,29.2,36,0,0,0,0,0,0,0,0,8,8.2,6.4,15,15,1,1,0
920,-87.687769,42.01743,0,1,0,0,0,1,0,0,0,0,509,1840,69,40,22,1,67,0,1,0,0,0,0,0,0,0,0,0,1,0,0,0,0,0.29,0.67,81,40,1,80,69,11,29.16,38,0,1,0,1,1,1,0,1,7.3,7.1,5.8,19,14,1,1,0.24
854,-87.585413,41.726465,0,1,0,0,1054,69,0,0,0,1,506,1843,70,45,27,1,71,1,0,0,0,0,0,0,0,0,0,0,1,0,0,0,0,0.29,0.67,90,45,1,90,69,16,29.29,42,0,1,1,1,0,1,0,1,8.4,9.5,5.3,18,14,1,1,0.37
668,-87.736812,41.798697,0,1,0,0,23,74,1,0,0,0,459,1854,72,41,22,1,67,0,0,0,0,1,0,0,0,0,0,0,1,0,0,0,0,0.29,0.67,81,42,1,80,71,12,29.23,40,0,1,0,1,1,1,0,1,7.1,5.8,3.4,15,12,0,1,0.23
2521,-87.703047,41.77166,0,1,0,0,0,0,3,0,0,0,416,1929,64,36,20,1,60,0,0,0,0,1,0,0,0,0,0,1,0,0,0,0,0,0.23,0.76,82,38,1,82,60,7,29.18,34,0,0,0,0,0,0,0,0,6.2,6.6,5.8,19,15,1,1,0
1587,-87.642984,41.803423,0,1,0,0,0,5,1,0,0,0,417,1923,47,27,11,24,44,0,0,1,0,0,0,0,0,0,0,1,0,0,0,0,0,0.28,0.85,80,29,2,79,44,1,29.23,23,0,0,0,0,0,0,0,0,7.2,6.7,5.8,13.1155290375629,12.0216409366304,1,1,0
365,-87.76007,41.961743,0,1,0,0,0,4,3,0,0,0,440,1917,70,42,21,1,68,0,0,0,0,0,0,0,1,0,0,0,0,0,0,1,0,0.29,0.67,83,42,1,83,70,13,29.16,39,0,1,0,0,0,0,1,1,8.1,7.9,3,13,13,0,1,0.17
3751,-87.654224,41.867108,0,1,0,0,0,9,25,0,0,0,424,1929,71,43,23,1,71,0,0,1,0,0,0,0,0,0,0,0,0,0,0,1,0,0.26,0.58,87,44,1,86,70,14,29.31,41,0,1,0,1,0,0,0,1,10.5,8.4,7.8,18,21,1,1,0.5
458,-87.677737,41.836644,0,1,0,0,5,6,0,0,0,0,445,1911,69,46,26,1,62,0,0,1,0,0,0,0,0,0,0,0,1,0,0,0,0,0.29,0.67,91,45,1,92,69,17,29.34,39,0,0,0,0,0,0,1,0,3.7,4.1,3.5,12,13,0,1,0
1261,-87.824812,41.974089,0,0,1,0,5,0,0,0,0,0,541,1746,71,44,36,1,63,0,0,0,0,0,0,1,0,0,0,0,0,1,0,0,0,0.29,0.67,91,46,1,90,68,15,29.34,38,0,0,0,0,0,0,0,0,10.5,11.9,11.4,13,10,1,1,0
129,-87.666901,41.868077,0,1,0,0,3,1,6,0,0,0,419,1931,56,28,16,13,55,0,0,1,0,0,0,0,0,0,0,1,0,0,0,0,0,0.26,0.8,71,29,2,70,56,1,29.47,29,0,0,0,0,0,0,0,0,8.2,8.3,7.6,18,18,0,1,0
991,-87.752411,41.778297,0,0,1,0,14,10,1,2,0,0,520,1822,67,41,26,1,60,0,0,0,0,1,0,0,0,0,0,0,0,1,0,0,0,0.29,0.67,90,44,1,89,63,12,29.34,36,0,0,0,0,0,0,0,0,5,4.3,2.8,17,12,1,1,0
333,-87.667736,41.994469,0,1,0,0,0,0,1,0,0,0,433,1923,63,38,1,1,63,0,1,0,0,0,0,0,0,0,0,0,0,0,0,1,0,0.29,0.67,82,38,1,83,63,9,29.26,35,0,1,0,0,0,0,0,0,14.4,11.9,7,13,14,0,1,0.16
3244,-87.728492,41.984809,0,0,1,0,0,18,24,0,0,0,528,1809,64,40,28,1,59,0,0,0,0,0,0,0,1,0,0,0,0,1,0,0,0,0.25,0.57,86,40,1,86,64,11,29.24,34,0,0,0,0,0,0,0,0,9.3,10.9,10.5,12,12,0,1,0
3005,-87.716277,41.846075,0,1,0,0,2,0,1,0,0,0,456,1858,65,36,10,1,59,0,0,1,0,0,0,0,0,0,0,0,1,0,0,0,0,0.25,0.57,82,39,1,81,60,7,29.28,33,0,0,0,0,0,0,0,0,8.4,8.5,8.3,10,9,0,1,0
1161,-87.797127,41.990284,0,0,1,0,2,0,0,0,0,0,535,1756,66,41,30,1,58,0,0,0,0,0,0,1,0,0,0,0,0,1,0,0,0,0.29,0.67,89,43,1,88,63,12,29.41,34,0,0,0,0,0,0,0,0,12.8,13.1,12.9,18,12,1,1,0
1101,-87.707973,41.682587,0,0,1,0,2,2,0,0,0,0,528,1809,46,22,16,29,42,0,0,0,0,0,0,0,0,1,0,0,0,1,0,0,0,0.29,0.67,66,21,30,67,46,1,29.46,19,0,0,0,0,0,0,0,0,6,5.6,1.8,19,13,1,1,0
3893,-87.654224,41.867108,0,1,0,0,0,37,48,0,0,0,433,1923,75,49,28,1,70,0,0,1,0,0,0,0,0,0,0,0,0,0,0,1,0,0.26,0.58,97,51,1,96,71,20,29.17,44,0,0,1,0,1,0,0,0,13.9,14,13.3,12,16,0,1,0.58
358,-87.785288,41.923738,0,1,0,0,0,2,0,0,0,0,440,1917,70,42,21,1,68,0,0,0,0,0,1,0,0,0,0,0,0,0,0,1,0,0.29,0.67,83,42,1,83,70,13,29.16,39,0,1,0,0,0,0,1,1,8.1,7.9,3,13,13,0,1,0.17
4363,-87.736812,41.798697,0,0,1,0,64,25,0,0,0,0,522,1819,62,37,23,1,58,0,0,0,0,1,0,0,0,0,0,0,0,1,0,0,0,0.26,0.58,85,39,1,86,57,8,29.44,32,0,0,0,0,0,0,0,0,6,6,4.7,11,11,0,0,0
3027,-87.629798,41.878114,0,1,0,0,0,4,0,0,0,0,456,1858,65,36,10,1,59,0,0,1,0,0,0,0,0,0,0,0,1,0,0,0,0,0.25,0.57,82,39,1,81,60,7,29.28,33,0,0,0,0,0,0,0,0,8.4,8.5,8.3,10,9,0,1,0
3164,-87.590773,41.754292,0,1,0,0,0,1,0,0,0,1,511,1837,61,36,19,1,58,1,0,0,0,0,0,0,0,0,0,0,1,0,0,0,0,0.25,0.57,83,37,1,83,59,7,29.32,33,0,0,0,0,0,0,0,0,3.4,3.3,1.9,12,10,0,1,0
406,-87.795585,41.999129,0,1,0,0,17,14,1,0,0,0,445,1911,69,46,26,1,62,0,0,0,0,0,0,1,0,0,0,0,1,0,0,0,0,0.29,0.67,91,45,1,92,69,17,29.34,39,0,0,0,0,0,0,1,0,3.7,4.1,3.5,12,13,0,1,0
1016,-87.675919,42.006858,0,0,1,0,0,0,0,0,0,1,520,1822,67,41,26,1,60,0,1,0,0,0,0,0,0,0,0,0,0,1,0,0,0,0.29,0.67,90,44,1,89,63,12,29.34,36,0,0,0,0,0,0,0,0,5,4.3,2.8,17,12,1,1,0
2733,-87.777189,41.960616,0,1,0,0,0,2,1,0,0,0,429,1926,71,44,23,1,60,0,0,0,0,0,0,0,1,0,0,0,0,0,0,1,0,0.25,0.57,86,44,1,87,70,15,29.33,36,0,0,0,0,0,0,0,0,6.8,6.7,5.4,13,13,1,0,0
4024,-87.689778,41.986921,0,1,0,0,19,45,3,0,0,0,445,1911,61,36,10,1,57,0,1,0,0,0,0,0,0,0,0,0,1,0,0,0,0,0.26,0.58,82,37,1,81,61,7,29.29,31,0,0,0,0,0,0,0,0,7.1,7.8,7.6,11,14,0,1,0
789,-87.726549,41.82561,0,1,0,0,11,18,0,0,0,0,505,1845,69,43,25,1,70,0,0,0,0,1,0,0,0,0,0,0,1,0,0,0,0,0.29,0.67,85,42,1,87,69,14,29.26,41,0,1,0,0,0,0,1,0,6,6,3.8,17,13,1,1,0
4555,-87.832763,41.944869,0,0,1,0,2,7,0,0,0,0,543,1742,55,28,21,13,52,0,0,0,0,0,0,1,0,0,0,0,0,1,0,0,0,0.26,0.58,75,30,1,75,50,1,29.4,27,0,0,0,0,0,0,0,0,4.6,4.2,3.8,5,6,0,0,0
1345,-87.531657,41.717753,0,0,1,0,6,1,0,0,0,0,541,1746,71,44,36,1,63,0,0,0,1,0,0,0,0,0,0,0,0,1,0,0,0,0.29,0.67,91,46,1,90,68,15,29.34,38,0,0,0,0,0,0,0,0,10.5,11.9,11.4,13,10,1,1,0
1310,-87.679447,41.801179,0,0,1,0,9,15,0,0,0,1,541,1746,71,44,36,1,63,0,0,1,0,0,0,0,0,0,0,0,0,1,0,0,0,0.29,0.67,91,46,1,90,68,15,29.34,38,0,0,0,0,0,0,0,0,10.5,11.9,11.4,13,10,1,1,0
4513,-87.701431,41.906638,0,0,1,0,14,1,1,0,0,0,536,1755,70,42,32,1,68,0,1,0,0,0,0,0,0,0,0,0,0,1,0,0,0,0.26,0.58,84,42,1,84,69,13,29.21,38,0,1,1,1,0,0,1,1,10,10.6,8.3,7,7,0,0,0.84
3815,-87.666343,41.822536,0,1,0,0,0,50,72,0,0,0,427,1928,60,36,10,1,53,0,0,1,0,0,0,0,0,0,0,0,0,0,0,1,0,0.26,0.58,82,36,1,83,58,7,29.44,31,0,0,0,0,0,0,0,0,5.4,4.8,4,16,19,0,1,0
80,-87.698457,41.94983,0,1,0,0,0,0,1,0,0,0,418,1931,73,46,28,1,69,0,1,0,0,0,0,0,0,0,0,1,0,0,0,0,0,0.26,0.8,91,47,1,92,70,17,29.45,41,0,1,0,1,0,0,1,0,8.1,7.1,6.1,19,18,0,1,0.16
4288,-87.747113,41.991429,0,1,0,0,15,3,0,0,0,0,514,1832,69,43,26,1,64,0,0,0,0,0,0,0,1,0,0,0,1,0,0,0,0,0.26,0.58,87,43,1,89,66,14,29.36,38,1,1,0,0,0,0,1,0,4.6,4.7,3.9,12,10,0,0,0
2133,-87.605294,41.750498,0,1,0,0,3,10,0,0,0,0,457,1856,63,38,18,1,55,1,0,0,0,0,0,0,0,0,0,0,1,0,0,0,0,0.26,0.6,86,40,1,86,60,9,29.44,32,0,0,0,0,0,0,0,0,4,3.8,1.5,14,11,1,0,0
3148,-87.66214,42.010412,0,1,0,0,0,1,2,0,0,0,511,1837,61,36,19,1,58,0,1,0,0,0,0,0,0,0,0,0,1,0,0,0,0,0.25,0.57,83,37,1,83,59,7,29.32,33,0,0,0,0,0,0,0,0,3.4,3.3,1.9,12,10,0,1,0
4209,-87.777921,42.008314,0,1,0,0,64,60,0,0,0,0,506,1843,67,38,20,1,67,0,0,0,0,0,0,1,0,0,0,0,1,0,0,0,0,0.26,0.58,78,38,1,78,68,9,29.42,37,0,0,0,0,0,0,0,1,7,7,1.5,12,11,0,0,0.23
3790,-87.736812,41.798697,0,1,0,0,0,17,30,0,0,0,427,1928,60,36,10,1,53,0,0,0,0,1,0,0,0,0,0,0,0,0,0,1,0,0.26,0.58,82,36,1,83,58,7,29.44,31,0,0,0,0,0,0,0,0,5.4,4.8,4,16,19,0,1,0
2652,-87.599862,41.673408,0,1,0,0,0,93,46,1,0,0,419,1931,66,39,20,1,62,0,0,0,1,0,0,0,0,0,0,1,0,0,0,0,0,0.23,0.76,89,43,1,88,60,10,29.34,36,0,0,0,0,1,1,0,0,10.6,9.4,8.2,18,17,1,1,0
3458,-87.800991,41.95469,0,1,0,0,0,0,19,0,0,0,417,1924,54,25,14,26,45,0,0,0,0,0,0,1,0,0,0,1,0,0,0,0,0,0.24,0.72,68,26,25,68,52,1,29.26,21,0,0,0,0,0,0,0,0,9.2,9.9,9.5,13.4272499331465,14.0534669233637,1,1,0
393,-87.654224,41.867108,0,1,0,0,0,2,1,0,0,0,440,1917,70,42,21,1,68,0,0,1,0,0,0,0,0,0,0,0,0,0,0,1,0,0.29,0.67,83,42,1,83,70,13,29.16,39,0,1,0,0,0,0,1,1,8.1,7.9,3,13,13,0,1,0.17
948,-87.615989,41.794781,0,1,0,0,0,3,0,0,0,1,509,1840,69,40,22,1,67,1,0,0,0,0,0,0,0,0,0,0,1,0,0,0,0,0.29,0.67,81,40,1,80,69,11,29.16,38,0,1,0,1,1,1,0,1,7.3,7.1,5.8,19,14,1,1,0.24
2582,-87.679447,41.801179,0,1,0,0,0,1,0,0,0,0,417,1931,60,29,15,2,56,0,0,1,0,0,0,0,0,0,0,1,0,0,0,0,0,0.23,0.76,68,29,2,68,60,1,29.13,28,0,0,0,0,0,0,0,0,8.7,9.6,9.4,20,16,1,1,0
3579,-87.777921,42.008314,0,1,0,0,0,5,3,0,0,0,416,1930,70,40,23,1,65,0,0,0,0,0,0,1,0,0,0,1,0,0,0,0,0,0.24,0.72,85,43,1,82,68,11,29.39,36,0,0,0,0,0,1,0,1,9.6,9.5,7.4,19,18,1,1,0.79
1217,-87.703736,41.704336,0,0,1,0,1,0,0,0,0,0,536,1755,68,40,30,1,59,0,0,0,0,0,0,0,0,1,0,0,0,1,0,0,0,0.29,0.67,84,41,1,84,65,11,29.47,34,0,0,0,0,0,0,0,0,9,9.7,5,17,11,1,1,0
2070,-87.694991,41.857402,0,1,0,0,2,3,0,0,0,0,451,1904,67,34,12,1,59,0,0,1,0,0,0,0,0,0,0,0,1,0,0,0,0,0.26,0.6,74,36,1,74,64,5,29.41,32,0,1,0,0,0,0,0,1,7.2,7.8,7.3,14,11,1,0,0.33
3553,-87.64997,41.723195,0,1,0,0,0,0,7,0,0,0,416,1928,57,32,1,1,51,0,0,0,0,0,0,0,0,1,0,1,0,0,0,0,0,0.24,0.72,76,32,1,78,56,3,29.4,26,0,0,0,0,0,0,0,0,7.8,7.9,6.6,20,17,1,1,0
960,-87.605294,41.750498,0,1,0,0,8,12,0,0,0,0,513,1834,69,44,27,1,66,1,0,0,0,0,0,0,0,0,0,0,1,0,0,0,0,0.29,0.67,90,45,1,91,67,15,29.34,39,0,0,0,0,0,0,0,0,8.3,9.5,9,20,15,1,1,0
3213,-87.688267,41.903002,0,0,1,0,0,47,70,0,0,0,518,1826,79,49,34,1,69,0,1,0,0,0,0,0,0,0,0,0,0,1,0,0,0,0.25,0.57,94,52,1,92,76,20,29.24,43,0,0,0,0,0,0,1,0,6.6,7.4,4.9,12,11,0,1,0
2037,-87.546587,41.740641,0,1,0,0,1,11,1,0,0,0,444,1913,62,35,12,1,54,1,0,0,0,0,0,0,0,0,0,0,0,0,0,1,0,0.26,0.6,82,37,1,81,58,6,29.29,31,0,0,0,0,0,0,0,0,6.7,7.3,6.2,14,11,1,1,0
938,-87.654491,41.891118,0,1,0,0,8,2,1,0,0,0,509,1840,69,40,22,1,67,0,0,1,0,0,0,0,0,0,0,0,1,0,0,0,0,0.29,0.67,81,40,1,80,69,11,29.16,38,0,1,0,1,1,1,0,1,7.3,7.1,5.8,19,14,1,1,0.24
2761,-87.679447,41.801179,0,1,0,0,3,5,9,0,0,0,429,1926,71,44,23,1,60,0,0,1,0,0,0,0,0,0,0,0,0,0,0,1,0,0.25,0.57,86,44,1,87,70,15,29.33,36,0,0,0,0,0,0,0,0,6.8,6.7,5.4,13,13,1,0,0
2088,-87.600963,41.728495,0,1,0,0,0,0,2,0,0,0,451,1904,67,34,12,1,59,1,0,0,0,0,0,0,0,0,0,0,1,0,0,0,0,0.26,0.6,74,36,1,74,64,5,29.41,32,0,1,0,0,0,0,0,1,7.2,7.8,7.3,14,11,1,0,0.33
106,-87.800515,41.916265,0,1,0,0,0,1,5,0,0,0,419,1931,56,28,16,13,55,0,0,0,0,0,1,0,0,0,0,1,0,0,0,0,0,0.26,0.8,71,29,2,70,56,1,29.47,29,0,0,0,0,0,0,0,0,8.2,8.3,7.6,18,18,0,1,0
1017,-87.674677,41.966987,0,0,1,0,1,1,0,0,0,0,520,1822,67,41,26,1,60,0,1,0,0,0,0,0,0,0,0,0,0,1,0,0,0,0.29,0.67,90,44,1,89,63,12,29.34,36,0,0,0,0,0,0,0,0,5,4.3,2.8,17,12,1,1,0
3498,-87.60088,41.773215,0,1,0,0,0,2,1,0,0,0,417,1924,54,25,14,26,45,1,0,0,0,0,0,0,0,0,0,1,0,0,0,0,0,0.24,0.72,68,26,25,68,52,1,29.26,21,0,0,0,0,0,0,0,0,9.2,9.9,9.5,13.4272499331465,14.0534669233637,1,1,0
3654,-87.716788,41.89923,0,1,0,0,0,0,3,0,0,0,418,1931,66,42,24,1,67,0,0,0,0,0,1,0,0,0,0,1,0,0,0,0,0,0.24,0.72,91,44,1,90,64,13,29.08,38,0,1,0,0,0,0,0,0,6.8,7.2,7.2,20,19,1,1,0.92
1095,-87.728492,41.984809,0,0,1,0,1,0,0,0,0,0,528,1809,46,22,16,29,42,0,0,0,0,0,0,0,1,0,0,0,0,1,0,0,0,0.29,0.67,66,21,30,67,46,1,29.46,19,0,0,0,0,0,0,0,0,6,5.6,1.8,19,13,1,1,0
1320,-87.656913,41.846283,0,0,1,0,3,9,0,0,0,0,541,1746,71,44,36,1,63,0,0,1,0,0,0,0,0,0,0,0,0,1,0,0,0,0.29,0.67,91,46,1,90,68,15,29.34,38,0,0,0,0,0,0,0,0,10.5,11.9,11.4,13,10,1,1,0
4544,-87.590773,41.754292,0,0,1,0,0,2,0,0,0,0,536,1755,70,42,32,1,68,1,0,0,0,0,0,0,0,0,0,0,0,1,0,0,0,0.26,0.58,84,42,1,84,69,13,29.21,38,0,1,1,1,0,0,1,1,10,10.6,8.3,7,7,0,0,0.84
4379,-87.69181,41.963976,0,0,1,0,0,82,0,0,0,0,522,1819,62,37,23,1,58,0,1,0,0,0,0,0,0,0,0,0,0,1,0,0,0,0.26,0.58,85,39,1,86,57,8,29.44,32,0,0,0,0,0,0,0,0,6,6,4.7,11,11,0,0,0
3364,-87.778927,41.776156,0,0,1,0,0,4,0,0,0,0,540,1748,48,20,14,3,44,0,0,0,0,1,0,0,0,0,0,0,0,1,0,0,0,0.25,0.57,62,20,3,62,48,1,29.38,20,0,0,0,0,0,0,0,0,6.4,7,5.9,13,13,0,1,0
2724,-87.862995,41.992478,0,1,0,0,0,1,1,0,0,0,429,1926,71,44,23,1,60,0,0,0,0,0,0,0,0,0,1,0,0,0,0,1,0,0.25,0.57,86,44,1,87,70,15,29.33,36,0,0,0,0,0,0,0,0,6.8,6.7,5.4,13,13,1,0,0
3363,-87.785288,41.923738,0,0,1,0,5,54,6,0,0,0,540,1748,48,20,14,3,44,0,0,0,0,0,1,0,0,0,0,0,0,1,0,0,0,0.25,0.57,62,20,3,62,48,1,29.38,20,0,0,0,0,0,0,0,0,6.4,7,5.9,13,13,0,1,0
379,-87.702575,41.958271,0,1,0,0,0,6,0,0,0,0,440,1917,70,42,21,1,68,0,1,0,0,0,0,0,0,0,0,0,0,0,0,1,0,0.29,0.67,83,42,1,83,70,13,29.16,39,0,1,0,0,0,0,1,1,8.1,7.9,3,13,13,0,1,0.17
541,-87.800991,41.95469,0,1,0,0,11,13,2,0,0,0,451,1904,73,47,27,1,73,0,0,0,0,0,0,1,0,0,0,0,1,0,0,0,0,0.29,0.67,92,48,1,91,72,18,29.11,45,0,0,0,0,0,0,0,1,8.8,9,6.2,11,10,0,1,1.31
2957,-87.671457,41.947227,0,1,0,0,0,0,3,0,0,0,449,1907,70,41,21,1,68,0,1,0,0,0,0,0,0,0,0,0,1,0,0,0,0,0.25,0.57,84,42,1,83,69,12,29.26,40,0,0,0,0,0,0,0,1,6,5.5,4,11,9,0,1,0
1785,-87.687769,42.01743,0,1,0,0,1,6,3,0,0,0,423,1930,63,38,19,1,54,0,1,0,0,0,0,0,0,0,0,0,0,0,0,1,0,0.26,0.6,85,39,1,86,60,9,29.2,32,0,0,0,0,0,0,0,0,5.5,7.8,7.5,17,16,1,1,0
428,-87.736812,41.798697,0,1,0,0,5,51,3,0,0,3,445,1911,69,46,26,1,62,0,0,0,0,1,0,0,0,0,0,0,1,0,0,0,0,0.29,0.67,91,45,1,92,69,17,29.34,39,0,0,0,0,0,0,1,0,3.7,4.1,3.5,12,13,0,1,0
3663,-87.689778,41.986921,0,1,0,0,0,3,1,0,0,0,418,1931,66,42,24,1,67,0,1,0,0,0,0,0,0,0,0,1,0,0,0,0,0,0.24,0.72,91,44,1,90,64,13,29.08,38,0,1,0,0,0,0,0,0,6.8,7.2,7.2,20,19,1,1,0.92
3428,-87.730698,41.948167,0,0,1,0,0,3,4,0,0,0,547,1735,47,16,16,7,41,0,0,0,0,0,0,0,1,0,0,0,0,1,0,0,0,0.25,0.57,58,18,5,57,45,1,29.37,16,0,0,0,0,0,0,0,1,16.3,15,14.6,18,18,0,1,0.09
33,-87.716277,41.846075,0,1,0,0,0,0,1,0,0,0,417,1923,51,21,17,30,48,0,0,1,0,0,0,0,0,0,0,1,0,0,0,0,0,0.26,0.8,63,22,29,64,47,1,29.16,21,0,1,0,0,0,0,0,1,8.1,7.6,5.2,16.3162312117209,19.6483478067053,1,1,0.42
2386,-87.730698,41.948167,0,0,1,0,3,10,0,0,0,0,542,1744,60,30,22,1,57,0,0,0,0,0,0,0,1,0,0,0,0,1,0,0,0,0.26,0.6,70,30,1,70,60,1,29.44,29,0,1,0,0,0,0,0,1,6.3,7.3,5.4,11,10,1,0,0.16
2094,-87.538693,41.659112,0,1,0,0,0,3,1,0,0,0,451,1904,67,34,12,1,59,0,0,0,1,0,0,0,0,0,0,0,1,0,0,0,0,0.26,0.6,74,36,1,74,64,5,29.41,32,0,1,0,0,0,0,0,1,7.2,7.8,7.3,14,11,1,0,0.33
2809,-87.746381,41.925198,0,1,0,0,0,3,5,0,0,0,438,1918,73,46,25,1,66,0,0,0,0,0,1,0,0,0,0,0,0,0,0,1,0,0.25,0.57,90,47,1,88,73,17,29.25,40,0,0,0,0,0,0,0,0,6.1,6.5,3.4,14,12,1,1,0
4503,-87.728492,41.984809,0,0,1,0,15,3,0,0,0,0,536,1755,70,42,32,1,68,0,0,0,0,0,0,0,1,0,0,0,0,1,0,0,0,0.26,0.58,84,42,1,84,69,13,29.21,38,0,1,1,1,0,0,1,1,10,10.6,8.3,7,7,0,0,0.84
71,-87.750938,41.979243,0,1,0,0,0,1,0,0,0,0,418,1931,73,46,28,1,69,0,0,0,0,0,0,0,1,0,0,1,0,0,0,0,0,0.26,0.8,91,47,1,92,70,17,29.45,41,0,1,0,1,0,0,1,0,8.1,7.1,6.1,19,18,0,1,0.16
4171,-87.666343,41.822536,0,1,0,0,24,11,0,0,0,0,459,1854,57,30,15,1,53,0,0,1,0,0,0,0,0,0,0,0,1,0,0,0,0,0.26,0.58,74,31,1,75,55,1,29.47,27,0,0,0,0,0,0,0,0,5,4.9,4.2,11,12,0,0,0
343,-87.599862,41.673408,0,1,0,0,2356,644,0,1,0,1,438,1918,70,43,22,1,61,0,0,0,1,0,0,0,0,0,0,0,0,0,0,1,0,0.29,0.67,83,42,1,85,71,14,29.35,35,0,0,0,0,0,0,0,0,7,6.6,5.8,11,12,0,1,0
1053,-87.590773,41.754292,0,0,1,0,1,0,0,0,0,0,521,1821,72,43,29,1,63,1,0,0,0,0,0,0,0,0,0,0,0,1,0,0,0,0.29,0.67,91,47,1,90,66,14,29.31,38,0,0,0,0,0,0,0,1,6.7,6.5,6.4,18,12,1,1,0
3470,-87.725057,41.951866,0,1,0,0,0,1,4,0,0,0,417,1924,54,25,14,26,45,0,0,0,0,0,0,0,1,0,0,1,0,0,0,0,0,0.24,0.72,68,26,25,68,52,1,29.26,21,0,0,0,0,0,0,0,0,9.2,9.9,9.5,13.4272499331465,14.0534669233637,1,1,0
851,-87.605294,41.750498,0,1,0,0,3,9,1,0,0,0,506,1843,70,45,27,1,71,1,0,0,0,0,0,0,0,0,0,0,1,0,0,0,0,0.29,0.67,90,45,1,90,69,16,29.29,42,0,1,1,1,0,1,0,1,8.4,9.5,5.3,18,14,1,1,0.37
1420,-87.666901,41.868077,0,0,1,0,10,30,0,0,0,0,552,1729,56,32,28,1,56,0,0,1,0,0,0,0,0,0,0,0,0,0,1,0,0,0.27,0.77,83,35,1,82,51,3,29.39,31,0,0,0,0,0,0,1,0,5.9,4.6,3.9,12,9,1,1,0
2043,-87.832763,41.944869,0,1,0,0,3,0,2,0,0,0,451,1904,67,34,12,1,59,0,0,0,0,0,0,1,0,0,0,0,1,0,0,0,0,0.26,0.6,74,36,1,74,64,5,29.41,32,0,1,0,0,0,0,0,1,7.2,7.8,7.3,14,11,1,0,0.33
3459,-87.800515,41.916265,0,1,0,0,0,0,7,0,0,0,417,1924,54,25,14,26,45,0,0,0,0,0,1,0,0,0,0,1,0,0,0,0,0,0.24,0.72,68,26,25,68,52,1,29.26,21,0,0,0,0,0,0,0,0,9.2,9.9,9.5,13.4272499331465,14.0534669233637,1,1,0
495,-87.582699,41.729669,0,1,0,0,1,2,0,0,0,0,445,1911,69,46,26,1,62,1,0,0,0,0,0,0,0,0,0,0,1,0,0,0,0,0.29,0.67,91,45,1,92,69,17,29.34,39,0,0,0,0,0,0,1,0,3.7,4.1,3.5,12,13,0,1,0
3938,-87.726549,41.82561,0,1,0,0,0,2,0,0,0,0,438,1918,58,34,13,1,54,0,0,0,0,1,0,0,0,0,0,0,0,0,0,1,0,0.26,0.58,81,35,1,81,57,5,29.39,29,0,0,0,0,0,0,0,0,3.9,5.1,4.1,9,13,0,1,0
2259,-87.756155,41.904194,0,0,1,0,0,8,0,0,0,0,530,1805,59,36,25,1,55,0,0,0,0,0,1,0,0,0,0,0,0,1,0,0,0,0.26,0.6,84,37,1,84,58,7,29.4,31,0,0,0,0,0,0,0,0,2.7,2.1,0.1,12,10,1,0,0
1894,-87.707973,41.682587,0,1,0,0,3,47,4,0,0,0,431,1925,58,29,2,2,51,0,0,0,0,0,0,0,0,1,0,0,0,0,0,1,0,0.26,0.6,70,29,2,70,57,1,29.21,26,0,0,0,0,0,0,0,0,10.4,10.8,10.6,15,16,1,1,0
3976,-87.599862,41.673408,0,1,0,0,0,16,77,0,0,0,438,1918,58,34,13,1,54,0,0,0,1,0,0,0,0,0,0,0,0,0,0,1,0,0.26,0.58,81,35,1,81,57,5,29.39,29,0,0,0,0,0,0,0,0,3.9,5.1,4.1,9,13,0,1,0
10,-87.666014,41.720848,1,0,0,0,0,0,3,0,0,0,421,1917,65,39,28,1,58,0,0,0,0,0,0,0,0,1,0,0,0,0,0,0,1,0.26,0.8,88,42,1,88,60,10,29.44,35,0,1,0,0,0,0,1,0,7.4,6.5,5.8,15.7722569219176,13.2689506455127,1,1,0
1665,-87.716788,41.89923,0,1,0,0,0,0,21,0,0,0,416,1930,66,41,24,1,67,0,0,0,0,0,1,0,0,0,0,1,0,0,0,0,0,0.28,0.85,88,42,1,86,65,12,29.03,39,0,1,1,1,1,1,0,0,10.5,11.6,7.2,17,17,1,1,3.97
4039,-87.642984,41.803423,0,1,0,0,0,10,4,0,0,0,445,1911,61,36,10,1,57,0,0,1,0,0,0,0,0,0,0,0,1,0,0,0,0,0.26,0.58,82,37,1,81,61,7,29.29,31,0,0,0,0,0,0,0,0,7.1,7.8,7.6,11,14,0,1,0
4340,-87.546587,41.740641,0,1,0,0,24,0,7,0,0,0,514,1832,69,43,26,1,64,1,0,0,0,0,0,0,0,0,0,0,1,0,0,0,0,0.26,0.58,87,43,1,89,66,14,29.36,38,1,1,0,0,0,0,1,0,4.6,4.7,3.9,12,10,0,0,0
3700,-87.535198,41.680946,0,1,0,0,0,8,1,0,0,0,419,1931,68,40,22,1,61,0,0,0,1,0,0,0,0,0,0,1,0,0,0,0,0,0.24,0.72,83,41,1,83,67,11,28.97,34,0,0,0,0,0,0,0,1,9.8,10.9,10.5,21,20,1,1,0
4,-87.760886,41.907645,1,0,0,0,0,0,1,0,0,0,421,1917,65,39,28,1,58,0,0,0,0,0,1,0,0,0,0,0,0,0,0,0,1,0.26,0.8,88,42,1,88,60,10,29.44,35,0,1,0,0,0,0,1,0,7.4,6.5,5.8,15.7722569219176,13.2689506455127,1,1,0
3923,-87.778927,41.776156,0,1,0,0,0,3,1,0,0,0,438,1918,58,34,13,1,54,0,0,0,0,1,0,0,0,0,0,0,0,0,0,1,0,0.26,0.58,81,35,1,81,57,5,29.39,29,0,0,0,0,0,0,0,0,3.9,5.1,4.1,9,13,0,1,0
1229,-87.666014,41.720848,0,0,1,0,0,2,1,0,0,0,536,1755,68,40,30,1,59,0,0,0,0,0,0,0,0,1,0,0,0,1,0,0,0,0.29,0.67,84,41,1,84,65,11,29.47,34,0,0,0,0,0,0,0,0,9,9.7,5,17,11,1,1,0
1255,-87.538693,41.659112,0,0,1,0,3,0,0,0,0,0,536,1755,68,40,30,1,59,0,0,0,1,0,0,0,0,0,0,0,0,1,0,0,0,0.29,0.67,84,41,1,84,65,11,29.47,34,0,0,0,0,0,0,0,0,9,9.7,5,17,11,1,1,0
596,-87.666901,41.868077,0,1,0,0,11,6,5,0,0,0,451,1904,73,47,27,1,73,0,0,1,0,0,0,0,0,0,0,0,1,0,0,0,0,0.29,0.67,92,48,1,91,72,18,29.11,45,0,0,0,0,0,0,0,1,8.8,9,6.2,11,10,0,1,1.31
4432,-87.736812,41.798697,0,0,1,0,0,23,0,0,0,0,528,1809,63,37,25,1,59,0,0,0,0,1,0,0,0,0,0,0,0,1,0,0,0,0.26,0.58,83,38,1,82,62,8,29.34,33,0,0,0,0,0,0,0,1,9.8,9.4,7,10,9,0,0,0
67,-87.776792,41.953067,0,1,0,0,0,0,4,0,0,0,418,1931,73,46,28,1,69,0,0,0,0,0,0,0,1,0,0,1,0,0,0,0,0,0.26,0.8,91,47,1,92,70,17,29.45,41,0,1,0,1,0,0,1,0,8.1,7.1,6.1,19,18,0,1,0.16
2784,-87.585413,41.726465,0,1,0,0,0,38,32,0,0,1,429,1926,71,44,23,1,60,1,0,0,0,0,0,0,0,0,0,0,0,0,0,1,0,0.25,0.57,86,44,1,87,70,15,29.33,36,0,0,0,0,0,0,0,0,6.8,6.7,5.4,13,13,1,0,0
1518,-87.71188,41.800737,0,1,0,0,0,3,5,0,0,0,419,1920,50,19,2,4,46,0,0,0,0,1,0,0,0,0,0,1,0,0,0,0,0,0.28,0.85,61,21,30,60,48,1,29.42,20,0,1,0,0,0,0,0,1,9.2,8,7.4,12.0883152079486,11.048196270827,1,1,0.12
4610,-87.565666,41.704572,0,0,1,0,6,5,0,0,0,0,543,1742,55,28,21,13,52,0,0,0,1,0,0,0,0,0,0,0,0,1,0,0,0,0.26,0.58,75,30,1,75,50,1,29.4,27,0,0,0,0,0,0,0,0,4.6,4.2,3.8,5,6,0,0,0
1419,-87.667736,41.994469,0,0,1,0,0,1,0,0,0,0,552,1729,56,32,28,1,56,0,1,0,0,0,0,0,0,0,0,0,0,0,1,0,0,0.27,0.77,83,35,1,82,51,3,29.39,31,0,0,0,0,0,0,1,0,5.9,4.6,3.9,12,9,1,1,0
3630,-87.562889,41.766202,0,1,0,0,0,4,15,0,0,0,416,1930,70,40,23,1,65,1,0,0,0,0,0,0,0,0,0,1,0,0,0,0,0,0.24,0.72,85,43,1,82,68,11,29.39,36,0,0,0,0,0,1,0,1,9.6,9.5,7.4,19,18,1,1,0.79
1637,-87.930995,41.957799,0,1,0,0,0,0,5,0,0,0,416,1928,57,32,1,1,49,0,0,0,0,0,0,0,0,0,1,1,0,0,0,0,0,0.28,0.85,81,34,1,81,53,3,29.34,27,0,0,0,0,0,0,0,0,7.7,6.4,5.5,15,15,1,1,0
2708,-87.627096,41.776428,0,1,0,0,0,0,8,0,0,0,426,1928,70,45,25,1,71,1,0,0,0,0,0,0,0,0,0,0,0,0,0,1,0,0.25,0.57,90,45,1,88,71,16,29.18,43,0,1,0,0,0,1,1,0,8,8.5,5.5,14,15,1,1,0.39
566,-87.728492,41.984809,0,1,0,0,1,11,0,0,0,0,451,1904,73,47,27,1,73,0,0,0,0,0,0,0,1,0,0,0,1,0,0,0,0,0.29,0.67,92,48,1,91,72,18,29.11,45,0,0,0,0,0,0,0,1,8.8,9,6.2,11,10,0,1,1.31
3383,-87.707394,41.753391,0,0,1,0,1,9,0,0,0,0,540,1748,48,20,14,3,44,0,0,0,0,0,0,0,0,1,0,0,0,1,0,0,0,0.25,0.57,62,20,3,62,48,1,29.38,20,0,0,0,0,0,0,0,0,6.4,7,5.9,13,13,0,1,0
1333,-87.61156,41.891126,0,0,1,0,0,3,0,0,0,1,541,1746,71,44,36,1,63,0,0,1,0,0,0,0,0,0,0,0,0,1,0,0,0,0.29,0.67,91,46,1,90,68,15,29.34,38,0,0,0,0,0,0,0,0,10.5,11.9,11.4,13,10,1,1,0
308,-87.656913,41.846283,0,1,0,0,0,2,0,0,0,0,432,1924,69,42,21,1,68,0,0,1,0,0,0,0,0,0,0,0,0,0,0,1,0,0.29,0.67,85,42,1,85,69,13,29.18,40,0,1,0,1,1,1,0,1,10.6,10.1,9.1,14,15,0,1,1.55
2141,-87.538693,41.659112,0,1,0,0,0,5,0,0,0,0,457,1856,63,38,18,1,55,0,0,0,1,0,0,0,0,0,0,0,1,0,0,0,0,0.26,0.6,86,40,1,86,60,9,29.44,32,0,0,0,0,0,0,0,0,4,3.8,1.5,14,11,1,0,0
1925,-87.565666,41.704572,0,1,0,0,0,2,1,0,0,0,431,1925,58,29,2,2,51,0,0,0,1,0,0,0,0,0,0,0,0,0,0,1,0,0.26,0.6,70,29,2,70,57,1,29.21,26,0,0,0,0,0,0,0,0,10.4,10.8,10.6,15,16,1,1,0
3911,-87.546587,41.740641,0,1,0,0,0,9,21,0,0,0,433,1923,75,49,28,1,70,1,0,0,0,0,0,0,0,0,0,0,0,0,0,1,0,0.26,0.58,97,51,1,96,71,20,29.17,44,0,0,1,0,1,0,0,0,13.9,14,13.3,12,16,0,1,0.58
669,-87.733974,41.953705,0,1,0,0,5,5,0,0,0,0,459,1854,72,41,22,1,67,0,0,0,0,0,0,0,1,0,0,0,1,0,0,0,0,0.29,0.67,81,42,1,80,71,12,29.23,40,0,1,0,1,1,1,0,1,7.1,5.8,3.4,15,12,0,1,0.23
2011,-87.696269,41.868142,0,1,0,0,0,2,1,0,0,0,444,1913,62,35,12,1,54,0,0,1,0,0,0,0,0,0,0,0,0,0,0,1,0,0.26,0.6,82,37,1,81,58,6,29.29,31,0,0,0,0,0,0,0,0,6.7,7.3,6.2,14,11,1,1,0
2403,-87.688267,41.903002,0,0,1,0,1,14,1,0,0,0,542,1744,60,30,22,1,57,0,1,0,0,0,0,0,0,0,0,0,0,1,0,0,0,0.26,0.6,70,30,1,70,60,1,29.44,29,0,1,0,0,0,0,0,1,6.3,7.3,5.4,11,10,1,0,0.16
2670,-87.756155,41.904194,0,1,0,0,0,3,4,0,0,0,426,1928,70,45,25,1,71,0,0,0,0,0,1,0,0,0,0,0,0,0,0,1,0,0.25,0.57,90,45,1,88,71,16,29.18,43,0,1,0,0,0,1,1,0,8,8.5,5.5,14,15,1,1,0.39
891,-87.747113,41.991429,0,1,0,0,5,6,0,0,0,0,509,1840,69,40,22,1,67,0,0,0,0,0,0,0,1,0,0,0,1,0,0,0,0,0.29,0.67,81,40,1,80,69,11,29.16,38,0,1,0,1,1,1,0,1,7.3,7.1,5.8,19,14,1,1,0.24
986,-87.776385,41.942114,0,0,1,0,0,2,0,0,0,0,520,1822,67,41,26,1,60,0,0,0,0,0,1,0,0,0,0,0,0,1,0,0,0,0.29,0.67,90,44,1,89,63,12,29.34,36,0,0,0,0,0,0,0,0,5,4.3,2.8,17,12,1,1,0
122,-87.694991,41.857402,0,1,0,0,0,2,3,0,0,0,419,1931,56,28,16,13,55,0,0,1,0,0,0,0,0,0,0,1,0,0,0,0,0,0.26,0.8,71,29,2,70,56,1,29.47,29,0,0,0,0,0,0,0,0,8.2,8.3,7.6,18,18,0,1,0
1621,-87.666901,41.868077,0,1,0,0,0,26,0,0,0,0,416,1927,50,27,14,24,49,0,0,1,0,0,0,0,0,0,0,1,0,0,0,0,0,0.28,0.85,72,26,25,74,49,1,29.3,24,0,0,0,0,0,0,0,1,6.7,5.8,4.4,15.2951659155589,11.1275750174246,1,1,0
1361,-87.795585,41.999129,0,0,1,0,2,1,0,0,0,0,552,1729,56,32,28,1,56,0,0,0,0,0,0,1,0,0,0,0,0,0,1,0,0,0.27,0.77,83,35,1,82,51,3,29.39,31,0,0,0,0,0,0,1,0,5.9,4.6,3.9,12,9,1,1,0
252,-87.615989,41.794781,0,1,0,0,0,0,18,0,0,0,426,1928,63,35,11,1,51,1,0,0,0,0,0,0,0,0,0,0,0,0,0,1,0,0.29,0.67,77,35,1,77,62,6,29.28,28,0,0,0,0,0,0,0,0,11.2,10.9,8.8,15,15,0,0,0
2789,-87.546587,41.740641,0,1,0,0,0,0,4,0,0,2,429,1926,71,44,23,1,60,1,0,0,0,0,0,0,0,0,0,0,0,0,0,1,0,0.25,0.57,86,44,1,87,70,15,29.33,36,0,0,0,0,0,0,0,0,6.8,6.7,5.4,13,13,1,0,0
1636,-87.590773,41.754292,0,1,0,0,0,0,2,0,0,0,416,1927,50,27,14,24,49,1,0,0,0,0,0,0,0,0,0,1,0,0,0,0,0,0.28,0.85,72,26,25,74,49,1,29.3,24,0,0,0,0,0,0,0,1,6.7,5.8,4.4,15.2951659155589,11.1275750174246,1,1,0
2477,-87.716277,41.846075,0,1,0,0,0,0,0,0,0,1,416,1926,51,25,15,26,56,0,0,1,0,0,0,0,0,0,0,1,0,0,0,0,0,0.23,0.76,71,26,25,69,51,1,29.26,27,0,1,0,0,1,1,1,1,7.5,8,6.4,14.3362535630461,14.4391074161794,1,1,0.52
348,-87.824812,41.974089,0,1,0,0,0,1,3,0,0,0,440,1917,70,42,21,1,68,0,0,0,0,0,0,1,0,0,0,0,0,0,0,1,0,0.29,0.67,83,42,1,83,70,13,29.16,39,0,1,0,0,0,0,1,1,8.1,7.9,3,13,13,0,1,0.17
2026,-87.632085,41.921965,0,1,0,0,0,2,2,0,0,0,444,1913,62,35,12,1,54,0,1,0,0,0,0,0,0,0,0,0,0,0,0,1,0,0.26,0.6,82,37,1,81,58,6,29.29,31,0,0,0,0,0,0,0,0,6.7,7.3,6.2,14,11,1,1,0
2096,-87.930995,41.957799,0,1,0,0,3,9,0,0,0,0,457,1856,63,38,18,1,55,0,0,0,0,0,0,0,0,0,1,0,1,0,0,0,0,0.26,0.6,86,40,1,86,60,9,29.44,32,0,0,0,0,0,0,0,0,4,3.8,1.5,14,11,1,0,0
1664,-87.724608,41.662014,0,1,0,0,0,31,30,0,0,0,416,1930,66,41,24,1,67,0,0,0,0,0,0,0,0,1,0,1,0,0,0,0,0,0.28,0.85,88,42,1,86,65,12,29.03,39,0,1,1,1,1,1,0,0,10.5,11.6,7.2,17,17,1,1,3.97
1575,-87.69181,41.963976,0,1,0,0,0,2,0,0,0,0,417,1923,47,27,11,24,44,0,1,0,0,0,0,0,0,0,0,1,0,0,0,0,0,0.28,0.85,80,29,2,79,44,1,29.23,23,0,0,0,0,0,0,0,0,7.2,6.7,5.8,13.1155290375629,12.0216409366304,1,1,0
574,-87.703047,41.77166,0,1,0,0,7,0,0,0,0,0,451,1904,73,47,27,1,73,0,0,0,0,1,0,0,0,0,0,0,1,0,0,0,0,0.29,0.67,92,48,1,91,72,18,29.11,45,0,0,0,0,0,0,0,1,8.8,9,6.2,11,10,0,1,1.31
876,-87.794896,41.94016,0,1,0,0,15,3,0,0,0,0,509,1840,69,40,22,1,67,0,0,0,0,0,1,0,0,0,0,0,1,0,0,0,0,0.29,0.67,81,40,1,80,69,11,29.16,38,0,1,0,1,1,1,0,1,7.3,7.1,5.8,19,14,1,1,0.24
837,-87.585487,41.799282,0,1,0,0,3,4,0,0,0,1,505,1845,69,43,25,1,70,1,0,0,0,0,0,0,0,0,0,0,1,0,0,0,0,0.29,0.67,85,42,1,87,69,14,29.26,41,0,1,0,0,0,0,1,0,6,6,3.8,17,13,1,1,0
3466,-87.747113,41.991429,0,1,0,0,0,10,8,0,0,0,417,1924,54,25,14,26,45,0,0,0,0,0,0,0,1,0,0,1,0,0,0,0,0,0.24,0.72,68,26,25,68,52,1,29.26,21,0,0,0,0,0,0,0,0,9.2,9.9,9.5,13.4272499331465,14.0534669233637,1,1,0
1974,-87.666901,41.868077,0,1,0,0,6,51,6,0,0,0,440,1917,66,39,18,1,61,0,0,1,0,0,0,0,0,0,0,0,0,0,0,1,0,0.26,0.6,84,40,1,84,64,10,29.21,36,0,0,0,0,0,0,0,1,9.6,10.1,9.3,15,13,1,1,0.02
2593,-87.627796,41.821582,0,1,0,0,0,1,0,0,0,0,417,1931,60,29,15,2,56,0,0,1,0,0,0,0,0,0,0,1,0,0,0,0,0,0.23,0.76,68,29,2,68,60,1,29.13,28,0,0,0,0,0,0,0,0,8.7,9.6,9.4,20,16,1,1,0
3970,-87.629798,41.878114,0,1,0,0,0,8,0,0,0,0,438,1918,58,34,13,1,54,0,0,1,0,0,0,0,0,0,0,0,0,0,0,1,0,0.26,0.58,81,35,1,81,57,5,29.39,29,0,0,0,0,0,0,0,0,3.9,5.1,4.1,9,13,0,1,0
159,-87.716277,41.846075,0,1,0,0,0,1,0,0,0,0,420,1931,58,31,14,1,50,0,0,1,0,0,0,0,0,0,0,0,0,0,0,1,0,0.29,0.67,77,33,1,79,53,2,29.55,28,0,0,0,0,0,0,0,0,8.5,8.1,5.9,17,17,0,1,0
110,-87.787992,41.970248,0,1,0,0,0,0,1,0,0,0,419,1931,56,28,16,13,55,0,0,0,0,0,0,1,0,0,0,1,0,0,0,0,0,0.26,0.8,71,29,2,70,56,1,29.47,29,0,0,0,0,0,0,0,0,8.2,8.3,7.6,18,18,0,1,0
3377,-87.726737,41.911824,0,0,1,0,0,1,0,0,0,0,540,1748,48,20,14,3,44,0,0,0,0,0,1,0,0,0,0,0,0,1,0,0,0,0.25,0.57,62,20,3,62,48,1,29.38,20,0,0,0,0,0,0,0,0,6.4,7,5.9,13,13,0,1,0
839,-87.724608,41.662014,0,1,0,0,231,68,0,0,0,0,506,1843,70,45,27,1,71,0,0,0,0,0,0,0,0,1,0,0,1,0,0,0,0,0.29,0.67,90,45,1,90,69,16,29.29,42,0,1,1,1,0,1,0,1,8.4,9.5,5.3,18,14,1,1,0.37
3717,-87.752411,41.778297,0,1,0,0,0,8,6,0,0,0,424,1929,71,43,23,1,71,0,0,0,0,1,0,0,0,0,0,0,0,0,0,1,0,0.26,0.58,87,44,1,86,70,14,29.31,41,0,1,0,1,0,0,0,1,10.5,8.4,7.8,18,21,1,1,0.5
3864,-87.726737,41.911824,0,1,0,0,0,7,0,0,0,0,433,1923,75,49,28,1,70,0,0,0,0,0,1,0,0,0,0,0,0,0,0,1,0,0.26,0.58,97,51,1,96,71,20,29.17,44,0,0,1,0,1,0,0,0,13.9,14,13.3,12,16,0,1,0.58
2006,-87.707973,41.682587,0,1,0,0,6,13,3,0,0,0,444,1913,62,35,12,1,54,0,0,0,0,0,0,0,0,1,0,0,0,0,0,1,0,0.26,0.6,82,37,1,81,58,6,29.29,31,0,0,0,0,0,0,0,0,6.7,7.3,6.2,14,11,1,1,0
3840,-87.538693,41.659112,0,1,0,0,0,24,3,0,0,0,427,1928,60,36,10,1,53,0,0,0,1,0,0,0,0,0,0,0,0,0,0,1,0,0.26,0.58,82,36,1,83,58,7,29.44,31,0,0,0,0,0,0,0,0,5.4,4.8,4,16,19,0,1,0
2185,-87.890615,41.974689,0,1,0,0,0,63,8,0,0,0,512,1835,62,29,14,2,60,0,0,0,0,0,0,0,0,0,1,0,1,0,0,0,0,0.26,0.6,67,30,1,67,61,1,29.41,32,0,1,0,0,0,0,0,1,11,9.7,9.1,14,13,1,0,0.95
1459,-87.890615,41.974689,1,0,0,0,0,0,34,0,0,0,421,1916,55,23,13,28,51,0,0,0,0,0,0,0,0,0,1,0,0,0,0,0,1,0.28,0.85,64,25,26,62,54,1,29.11,23,0,0,0,0,0,0,0,0,8.3,8.1,6.8,13.2126647963936,13.2124986025331,1,1,0
407,-87.79518,41.921177,0,1,0,0,2,7,0,0,0,0,445,1911,69,46,26,1,62,0,0,0,0,0,1,0,0,0,0,0,1,0,0,0,0,0.29,0.67,91,45,1,92,69,17,29.34,39,0,0,0,0,0,0,1,0,3.7,4.1,3.5,12,13,0,1,0
2336,-87.689778,41.986921,0,0,1,0,0,2,0,0,0,0,533,1758,54,26,11,25,52,0,1,0,0,0,0,0,0,0,0,0,0,1,0,0,0,0.26,0.6,71,28,13,72,50,1,29.51,26,0,0,0,0,0,0,0,0,5.4,4.2,3.4,11,9,1,0,0
4020,-87.700117,41.932094,0,1,0,0,27,24,10,0,0,0,445,1911,61,36,10,1,57,0,1,0,0,0,0,0,0,0,0,0,1,0,0,0,0,0.26,0.58,82,37,1,81,61,7,29.29,31,0,0,0,0,0,0,0,0,7.1,7.8,7.6,11,14,0,1,0
1143,-87.585413,41.726465,0,0,1,0,116,13,0,0,0,0,528,1809,46,22,16,29,42,1,0,0,0,0,0,0,0,0,0,0,0,1,0,0,0,0.29,0.67,66,21,30,67,46,1,29.46,19,0,0,0,0,0,0,0,0,6,5.6,1.8,19,13,1,1,0
4574,-87.726549,41.82561,0,0,1,0,12,0,0,0,0,0,543,1742,55,28,21,13,52,0,0,0,0,1,0,0,0,0,0,0,0,1,0,0,0,0.26,0.58,75,30,1,75,50,1,29.4,27,0,0,0,0,0,0,0,0,4.6,4.2,3.8,5,6,0,0,0
4174,-87.66214,42.010412,0,1,0,0,0,2,1,0,0,0,459,1854,57,30,15,1,53,0,1,0,0,0,0,0,0,0,0,0,1,0,0,0,0,0.26,0.58,74,31,1,75,55,1,29.47,27,0,0,0,0,0,0,0,0,5,4.9,4.2,11,12,0,0,0
2992,-87.777921,42.008314,0,1,0,0,0,2,1,0,0,0,456,1858,65,36,10,1,59,0,0,0,0,0,0,1,0,0,0,0,1,0,0,0,0,0.25,0.57,82,39,1,81,60,7,29.28,33,0,0,0,0,0,0,0,0,8.4,8.5,8.3,10,9,0,1,0
1710,-87.763416,41.801498,0,1,0,0,2,0,1,0,0,0,418,1931,72,43,25,1,60,0,0,0,0,1,0,0,0,0,0,1,0,0,0,0,0,0.28,0.85,86,44,1,86,69,14,29.2,36,0,0,0,0,0,0,0,0,8,8.2,6.4,15,15,1,1,0
2511,-87.742302,41.763733,0,1,0,0,0,1,6,0,0,0,416,1929,64,36,20,1,60,0,0,0,0,1,0,0,0,0,0,1,0,0,0,0,0,0.23,0.76,82,38,1,82,60,7,29.18,34,0,0,0,0,0,0,0,0,6.2,6.6,5.8,19,15,1,1,0
2677,-87.726737,41.911824,0,1,0,0,0,4,0,0,0,0,426,1928,70,45,25,1,71,0,0,0,0,0,1,0,0,0,0,0,0,0,0,1,0,0.25,0.57,90,45,1,88,71,16,29.18,43,0,1,0,0,0,1,1,0,8,8.5,5.5,14,15,1,1,0.39
3944,-87.707973,41.682587,0,1,0,0,0,22,3,0,0,0,438,1918,58,34,13,1,54,0,0,0,0,0,0,0,0,1,0,0,0,0,0,1,0,0.26,0.58,81,35,1,81,57,5,29.39,29,0,0,0,0,0,0,0,0,3.9,5.1,4.1,9,13,0,1,0
3744,-87.666901,41.868077,0,1,0,0,0,3,4,0,0,0,424,1929,71,43,23,1,71,0,0,1,0,0,0,0,0,0,0,0,0,0,0,1,0,0.26,0.58,87,44,1,86,70,14,29.31,41,0,1,0,1,0,0,0,1,10.5,8.4,7.8,18,21,1,1,0.5
2237,-87.629798,41.878114,0,0,1,0,0,1,0,1,0,0,519,1824,57,31,10,1,54,0,0,1,0,0,0,0,0,0,0,0,0,1,0,0,0,0.26,0.6,75,31,1,75,56,2,29.48,29,0,1,0,0,0,0,0,0,5.9,6,4.7,16,12,1,0,0
2722,-87.930995,41.957799,0,1,0,0,5,30,139,0,0,0,429,1926,71,44,23,1,60,0,0,0,0,0,0,0,0,0,1,0,0,0,0,1,0,0.25,0.57,86,44,1,87,70,15,29.33,36,0,0,0,0,0,0,0,0,6.8,6.7,5.4,13,13,1,0,0
2838,-87.655232,41.896282,0,1,0,0,0,1,0,0,0,0,438,1918,73,46,25,1,66,0,0,1,0,0,0,0,0,0,0,0,0,0,0,1,0,0.25,0.57,90,47,1,88,73,17,29.25,40,0,0,0,0,0,0,0,0,6.1,6.5,3.4,14,12,1,1,0
3358,-87.832763,41.944869,0,0,1,0,0,6,1,0,0,0,540,1748,48,20,14,3,44,0,0,0,0,0,0,1,0,0,0,0,0,1,0,0,0,0.25,0.57,62,20,3,62,48,1,29.38,20,0,0,0,0,0,0,0,0,6.4,7,5.9,13,13,0,1,0
2525,-87.689778,41.986921,0,1,0,0,0,0,9,0,0,0,416,1929,64,36,20,1,60,0,1,0,0,0,0,0,0,0,0,1,0,0,0,0,0,0.23,0.76,82,38,1,82,60,7,29.18,34,0,0,0,0,0,0,0,0,6.2,6.6,5.8,19,15,1,1,0
970,-87.535198,41.680946,0,1,0,0,211,40,0,0,0,0,513,1834,69,44,27,1,66,0,0,0,1,0,0,0,0,0,0,0,1,0,0,0,0,0.29,0.67,90,45,1,91,67,15,29.34,39,0,0,0,0,0,0,0,0,8.3,9.5,9,20,15,1,1,0
4448,-87.689778,41.986921,0,0,1,0,45,33,4,0,0,0,528,1809,63,37,25,1,59,0,1,0,0,0,0,0,0,0,0,0,0,1,0,0,0,0.26,0.58,83,38,1,82,62,8,29.34,33,0,0,0,0,0,0,0,1,9.8,9.4,7,10,9,0,0,0
631,-87.585413,41.726465,0,1,0,0,25,0,0,0,0,0,453,1902,73,43,23,1,71,1,0,0,0,0,0,0,0,0,0,0,1,0,0,0,0,0.29,0.67,85,44,1,84,72,14,29.19,42,0,1,0,1,0,1,0,1,6.3,6,2.5,13,11,0,1,0.05
2739,-87.746381,41.925198,0,1,0,0,0,1,2,0,0,0,429,1926,71,44,23,1,60,0,0,0,0,0,1,0,0,0,0,0,0,0,0,1,0,0.25,0.57,86,44,1,87,70,15,29.33,36,0,0,0,0,0,0,0,0,6.8,6.7,5.4,13,13,1,0,0
2591,-87.632085,41.921965,0,1,0,0,0,13,37,0,0,1,417,1931,60,29,15,2,56,0,1,0,0,0,0,0,0,0,0,1,0,0,0,0,0,0.23,0.76,68,29,2,68,60,1,29.13,28,0,0,0,0,0,0,0,0,8.7,9.6,9.4,20,16,1,1,0
1548,-87.930995,41.957799,0,1,0,0,0,11,3,0,0,0,418,1921,47,17,4,6,39,0,0,0,0,0,0,0,0,0,1,1,0,0,0,0,0,0.28,0.85,61,19,4,61,43,1,29.47,17,0,0,0,0,0,0,0,0,11.4,10.7,10.5,17.2816179456572,19.1352475344638,1,1,0
1469,-87.747113,41.991429,1,0,0,0,0,3,9,0,0,0,421,1916,55,23,13,28,51,0,0,0,0,0,0,0,1,0,0,0,0,0,0,0,1,0.28,0.85,64,25,26,62,54,1,29.11,23,0,0,0,0,0,0,0,0,8.3,8.1,6.8,13.2126647963936,13.2124986025331,1,1,0
3128,-87.724608,41.662014,0,1,0,0,1,0,1,0,0,0,511,1837,61,36,19,1,58,0,0,0,0,0,0,0,0,1,0,0,1,0,0,0,0,0.25,0.57,83,37,1,83,59,7,29.32,33,0,0,0,0,0,0,0,0,3.4,3.3,1.9,12,10,0,1,0
3914,-87.930995,41.957799,0,1,0,0,0,6,3,0,0,0,438,1918,58,34,13,1,54,0,0,0,0,0,0,0,0,0,1,0,0,0,0,1,0,0.26,0.58,81,35,1,81,57,5,29.39,29,0,0,0,0,0,0,0,0,3.9,5.1,4.1,9,13,0,1,0
1043,-87.648064,41.721474,0,0,1,0,4,2,0,0,0,0,521,1821,72,43,29,1,63,0,0,0,0,0,0,0,0,1,0,0,0,1,0,0,0,0.29,0.67,91,47,1,90,66,14,29.31,38,0,0,0,0,0,0,0,1,6.7,6.5,6.4,18,12,1,1,0
3762,-87.599862,41.673408,0,1,0,0,0,22,3,0,0,0,424,1929,71,43,23,1,71,0,0,0,1,0,0,0,0,0,0,0,0,0,0,1,0,0.26,0.58,87,44,1,86,70,14,29.31,41,0,1,0,1,0,0,0,1,10.5,8.4,7.8,18,21,1,1,0.5
4124,-87.562889,41.766202,0,1,0,0,0,2,2,0,0,0,452,1903,69,37,1,1,56,1,0,0,0,0,0,0,0,0,0,0,1,0,0,0,0,0.26,0.58,79,39,1,78,65,8,29.33,31,0,0,0,0,0,0,0,0,10.8,9.3,8.6,11,15,0,1,0
702,-87.675919,42.006858,0,1,0,0,0,2,0,0,0,0,459,1854,72,41,22,1,67,0,1,0,0,0,0,0,0,0,0,0,1,0,0,0,0,0.29,0.67,81,42,1,80,71,12,29.23,40,0,1,0,1,1,1,0,1,7.1,5.8,3.4,15,12,0,1,0.23
2102,-87.785288,41.923738,0,1,0,0,0,1,0,0,0,0,457,1856,63,38,18,1,55,0,0,0,0,0,1,0,0,0,0,0,1,0,0,0,0,0.26,0.6,86,40,1,86,60,9,29.44,32,0,0,0,0,0,0,0,0,4,3.8,1.5,14,11,1,0,0
811,-87.677737,41.836644,0,1,0,0,5,5,2,0,0,0,505,1845,69,43,25,1,70,0,0,1,0,0,0,0,0,0,0,0,1,0,0,0,0,0.29,0.67,85,42,1,87,69,14,29.26,41,0,1,0,0,0,0,1,0,6,6,3.8,17,13,1,1,0
464,-87.667827,41.825902,0,1,0,0,1,1,0,0,0,0,445,1911,69,46,26,1,62,0,0,1,0,0,0,0,0,0,0,0,1,0,0,0,0,0.29,0.67,91,45,1,92,69,17,29.34,39,0,0,0,0,0,0,1,0,3.7,4.1,3.5,12,13,0,1,0
1821,-87.752411,41.778297,0,1,0,0,0,1,0,0,0,0,425,1929,67,38,18,1,64,0,0,0,0,1,0,0,0,0,0,0,0,0,0,1,0,0.26,0.6,84,41,1,82,63,9,29.41,37,0,1,0,0,0,0,0,1,4.6,4.9,4.4,18,16,1,1,0.08
387,-87.674677,41.966987,0,1,0,0,0,1,1,0,0,0,440,1917,70,42,21,1,68,0,1,0,0,0,0,0,0,0,0,0,0,0,0,1,0,0.29,0.67,83,42,1,83,70,13,29.16,39,0,1,0,0,0,0,1,1,8.1,7.9,3,13,13,0,1,0.17
4506,-87.724608,41.662014,0,0,1,0,22,0,0,0,0,0,536,1755,70,42,32,1,68,0,0,0,0,0,0,0,0,1,0,0,0,1,0,0,0,0.26,0.58,84,42,1,84,69,13,29.21,38,0,1,1,1,0,0,1,1,10,10.6,8.3,7,7,0,0,0.84
3396,-87.654491,41.891118,0,0,1,0,0,2,0,0,0,0,540,1748,48,20,14,3,44,0,0,1,0,0,0,0,0,0,0,0,0,1,0,0,0,0.25,0.57,62,20,3,62,48,1,29.38,20,0,0,0,0,0,0,0,0,6.4,7,5.9,13,13,0,1,0
1112,-87.686763,41.843811,0,0,1,0,0,1,0,0,0,0,528,1809,46,22,16,29,42,0,0,1,0,0,0,0,0,0,0,0,0,1,0,0,0,0.29,0.67,66,21,30,67,46,1,29.46,19,0,0,0,0,0,0,0,0,6,5.6,1.8,19,13,1,1,0
1841,-87.666901,41.868077,0,1,0,0,1,38,19,0,0,0,425,1929,67,38,18,1,64,0,0,1,0,0,0,0,0,0,0,0,0,0,0,1,0,0.26,0.6,84,41,1,82,63,9,29.41,37,0,1,0,0,0,0,0,1,4.6,4.9,4.4,18,16,1,1,0.08
2514,-87.730698,41.948167,0,1,0,0,0,15,2,0,0,0,416,1929,64,36,20,1,60,0,0,0,0,0,0,0,1,0,0,1,0,0,0,0,0,0.23,0.76,82,38,1,82,60,7,29.18,34,0,0,0,0,0,0,0,0,6.2,6.6,5.8,19,15,1,1,0
3800,-87.707973,41.682587,0,1,0,0,0,129,75,0,0,0,427,1928,60,36,10,1,53,0,0,0,0,0,0,0,0,1,0,0,0,0,0,1,0,0.26,0.58,82,36,1,83,58,7,29.44,31,0,0,0,0,0,0,0,0,5.4,4.8,4,16,19,0,1,0
698,-87.678378,41.823065,0,1,0,0,1,0,0,0,0,0,459,1854,72,41,22,1,67,0,0,1,0,0,0,0,0,0,0,0,1,0,0,0,0,0.29,0.67,81,42,1,80,71,12,29.23,40,0,1,0,1,1,1,0,1,7.1,5.8,3.4,15,12,0,1,0.23
3735,-87.700117,41.932094,0,1,0,0,0,2,4,0,0,0,424,1929,71,43,23,1,71,0,1,0,0,0,0,0,0,0,0,0,0,0,0,1,0,0.26,0.58,87,44,1,86,70,14,29.31,41,0,1,0,1,0,0,0,1,10.5,8.4,7.8,18,21,1,1,0.5
4136,-87.785288,41.923738,0,1,0,0,0,40,0,0,0,0,459,1854,57,30,15,1,53,0,0,0,0,0,1,0,0,0,0,0,1,0,0,0,0,0.26,0.58,74,31,1,75,55,1,29.47,27,0,0,0,0,0,0,0,0,5,4.9,4.2,11,12,0,0,0
1071,-87.832763,41.944869,0,0,1,0,11,10,0,0,0,0,528,1809,46,22,16,29,42,0,0,0,0,0,0,1,0,0,0,0,0,1,0,0,0,0.29,0.67,66,21,30,67,46,1,29.46,19,0,0,0,0,0,0,0,0,6,5.6,1.8,19,13,1,1,0
1127,-87.655232,41.896282,0,0,1,0,1,1,0,0,0,0,528,1809,46,22,16,29,42,0,0,1,0,0,0,0,0,0,0,0,0,1,0,0,0,0.29,0.67,66,21,30,67,46,1,29.46,19,0,0,0,0,0,0,0,0,6,5.6,1.8,19,13,1,1,0
1558,-87.760886,41.907645,0,1,0,0,0,1,2,0,0,0,417,1923,47,27,11,24,44,0,0,0,0,0,1,0,0,0,0,1,0,0,0,0,0,0.28,0.85,80,29,2,79,44,1,29.23,23,0,0,0,0,0,0,0,0,7.2,6.7,5.8,13.1155290375629,12.0216409366304,1,1,0
3220,-87.599862,41.673408,0,0,1,0,6,27,4,0,0,0,518,1826,79,49,34,1,69,0,0,0,1,0,0,0,0,0,0,0,0,1,0,0,0,0.25,0.57,94,52,1,92,76,20,29.24,43,0,0,0,0,0,0,1,0,6.6,7.4,4.9,12,11,0,1,0
1881,-87.757639,41.964242,0,1,0,0,0,1,2,0,0,0,431,1925,58,29,2,2,51,0,0,0,0,0,0,0,1,0,0,0,0,0,0,1,0,0.26,0.6,70,29,2,70,57,1,29.21,26,0,0,0,0,0,0,0,0,10.4,10.8,10.6,15,16,1,1,0
2647,-87.627796,41.821582,0,1,0,0,0,1,3,0,0,0,419,1931,66,39,20,1,62,0,0,1,0,0,0,0,0,0,0,1,0,0,0,0,0,0.23,0.76,89,43,1,88,60,10,29.34,36,0,0,0,0,1,1,0,0,10.6,9.4,8.2,18,17,1,1,0
1349,-87.546587,41.740641,0,0,1,0,24,9,0,0,0,1,542,1744,67,39,31,1,65,1,0,0,0,0,0,0,0,0,0,0,0,1,0,0,0,0.29,0.67,83,40,1,85,63,10,29.29,38,0,0,1,0,0,1,0,1,9.4,10.5,7.9,14,10,1,1,0.27
2107,-87.752411,41.778297,0,1,0,0,0,2,1,0,0,0,457,1856,63,38,18,1,55,0,0,0,0,1,0,0,0,0,0,0,1,0,0,0,0,0.26,0.6,86,40,1,86,60,9,29.44,32,0,0,0,0,0,0,0,0,4,3.8,1.5,14,11,1,0,0
4127,-87.538693,41.659112,0,1,0,0,36,68,11,0,0,0,452,1903,69,37,1,1,56,0,0,0,1,0,0,0,0,0,0,0,1,0,0,0,0,0.26,0.58,79,39,1,78,65,8,29.33,31,0,0,0,0,0,0,0,0,10.8,9.3,8.6,11,15,0,1,0
75,-87.719887,41.852652,0,1,0,0,0,5,1,0,0,0,418,1931,73,46,28,1,69,0,0,1,0,0,0,0,0,0,0,1,0,0,0,0,0,0.26,0.8,91,47,1,92,70,17,29.45,41,0,1,0,1,0,0,1,0,8.1,7.1,6.1,19,18,0,1,0.16
4296,-87.725057,41.951866,0,1,0,0,0,11,0,0,0,0,514,1832,69,43,26,1,64,0,0,0,0,0,0,0,1,0,0,0,1,0,0,0,0,0.26,0.58,87,43,1,89,66,14,29.36,38,1,1,0,0,0,0,1,0,4.6,4.7,3.9,12,10,0,0,0
4501,-87.736812,41.798697,0,0,1,0,0,9,0,0,0,0,536,1755,70,42,32,1,68,0,0,0,0,1,0,0,0,0,0,0,0,1,0,0,0,0.26,0.58,84,42,1,84,69,13,29.21,38,0,1,1,1,0,0,1,1,10,10.6,8.3,7,7,0,0,0.84
3479,-87.696269,41.868142,0,1,0,0,0,0,2,0,0,0,417,1924,54,25,14,26,45,0,0,1,0,0,0,0,0,0,0,1,0,0,0,0,0,0.24,0.72,68,26,25,68,52,1,29.26,21,0,0,0,0,0,0,0,0,9.2,9.9,9.5,13.4272499331465,14.0534669233637,1,1,0
3095,-87.590773,41.754292,0,1,0,0,1,0,0,0,0,0,503,1848,67,41,23,1,63,1,0,0,0,0,0,0,0,0,0,0,1,0,0,0,0,0.25,0.57,86,42,1,87,64,12,29.23,37,0,0,0,0,0,0,0,0,5.8,5.2,3.3,12,9,0,1,0
2679,-87.725057,41.951866,0,1,0,0,0,1,4,0,0,0,426,1928,70,45,25,1,71,0,0,0,0,0,0,0,1,0,0,0,0,0,0,1,0,0.25,0.57,90,45,1,88,71,16,29.18,43,0,1,0,0,0,1,1,0,8,8.5,5.5,14,15,1,1,0.39
4240,-87.671457,41.947227,0,1,0,0,7,21,0,0,0,0,506,1843,67,38,20,1,67,0,1,0,0,0,0,0,0,0,0,0,1,0,0,0,0,0.26,0.58,78,38,1,78,68,9,29.42,37,0,0,0,0,0,0,0,1,7,7,1.5,12,11,0,0,0.23
3603,-87.689778,41.986921,0,1,0,0,0,0,3,0,0,0,416,1930,70,40,23,1,65,0,1,0,0,0,0,0,0,0,0,1,0,0,0,0,0,0.24,0.72,85,43,1,82,68,11,29.39,36,0,0,0,0,0,1,0,1,9.6,9.5,7.4,19,18,1,1,0.79
4402,-87.600963,41.728495,0,0,1,0,10,11,0,0,0,0,522,1819,62,37,23,1,58,1,0,0,0,0,0,0,0,0,0,0,0,1,0,0,0,0.26,0.58,85,39,1,86,57,8,29.44,32,0,0,0,0,0,0,0,0,6,6,4.7,11,11,0,0,0
2946,-87.716788,41.89923,0,1,0,0,0,17,3,0,0,0,449,1907,70,41,21,1,68,0,0,0,0,0,1,0,0,0,0,0,1,0,0,0,0,0.25,0.57,84,42,1,83,69,12,29.26,40,0,0,0,0,0,0,0,1,6,5.5,4,11,9,0,1,0
1006,-87.701431,41.906638,0,0,1,0,18,2,0,0,0,0,520,1822,67,41,26,1,60,0,1,0,0,0,0,0,0,0,0,0,0,1,0,0,0,0.29,0.67,90,44,1,89,63,12,29.34,36,0,0,0,0,0,0,0,0,5,4.3,2.8,17,12,1,1,0
3321,-87.707394,41.753391,0,0,1,0,0,9,3,0,0,0,532,1760,48,17,4,6,40,0,0,0,0,0,0,0,0,1,0,0,0,1,0,0,0,0.25,0.57,59,19,4,58,46,1,29.65,16,0,0,0,0,0,0,0,0,3.7,3.3,1.4,13,13,0,1,0
3224,-87.930995,41.957799,0,0,1,0,2,36,7,0,0,0,528,1809,64,40,28,1,59,0,0,0,0,0,0,0,0,0,1,0,0,1,0,0,0,0.25,0.57,86,40,1,86,64,11,29.24,34,0,0,0,0,0,0,0,0,9.3,10.9,10.5,12,12,0,1,0
2165,-87.688267,41.903002,0,1,0,0,0,6,0,0,0,0,510,1839,61,36,19,1,61,0,1,0,0,0,0,0,0,0,0,0,1,0,0,0,0,0.26,0.6,82,37,1,83,59,7,29.39,34,0,0,0,0,0,0,0,0,8.6,9.2,9.1,12,11,0,0,0
2365,-87.890615,41.974689,0,0,1,0,11,27,2,0,0,0,542,1744,60,30,22,1,57,0,0,0,0,0,0,0,0,0,1,0,0,1,0,0,0,0.26,0.6,70,30,1,70,60,1,29.44,29,0,1,0,0,0,0,0,1,6.3,7.3,5.4,11,10,1,0,0.16
2333,-87.700117,41.932094,0,0,1,0,1,1,2,0,0,0,533,1758,54,26,11,25,52,0,1,0,0,0,0,0,0,0,0,0,0,1,0,0,0,0.26,0.6,71,28,13,72,50,1,29.51,26,0,0,0,0,0,0,0,0,5.4,4.2,3.4,11,9,1,0,0
2675,-87.730698,41.948167,0,1,0,0,0,1,5,0,0,0,426,1928,70,45,25,1,71,0,0,0,0,0,0,0,1,0,0,0,0,0,0,1,0,0.25,0.57,90,45,1,88,71,16,29.18,43,0,1,0,0,0,1,1,0,8,8.5,5.5,14,15,1,1,0.39
4178,-87.654224,41.867108,0,1,0,0,39,14,0,0,0,0,459,1854,57,30,15,1,53,0,0,1,0,0,0,0,0,0,0,0,1,0,0,0,0,0.26,0.58,74,31,1,75,55,1,29.47,27,0,0,0,0,0,0,0,0,5,4.9,4.2,11,12,0,0,0
3842,-87.930995,41.957799,0,1,0,0,0,0,2,0,0,0,433,1923,75,49,28,1,70,0,0,0,0,0,0,0,0,0,1,0,0,0,0,1,0,0.26,0.58,97,51,1,96,71,20,29.17,44,0,0,1,0,1,0,0,0,13.9,14,13.3,12,16,0,1,0.58
2691,-87.679447,41.801179,0,1,0,0,0,14,2,0,0,0,426,1928,70,45,25,1,71,0,0,1,0,0,0,0,0,0,0,0,0,0,0,1,0,0.25,0.57,90,45,1,88,71,16,29.18,43,0,1,0,0,0,1,1,0,8,8.5,5.5,14,15,1,1,0.39
2887,-87.703736,41.704336,0,1,0,0,0,2,0,0,0,0,442,1915,74,44,23,1,67,0,0,0,0,0,0,0,0,1,0,0,0,0,0,1,0,0.25,0.57,86,45,1,86,71,15,29.34,41,0,1,0,0,0,1,0,0,5.6,5.9,4.3,14,12,1,1,0.7
3550,-87.66214,42.010412,0,1,0,0,0,3,1,0,0,0,416,1928,57,32,1,1,51,0,1,0,0,0,0,0,0,0,0,1,0,0,0,0,0,0.24,0.72,76,32,1,78,56,3,29.4,26,0,0,0,0,0,0,0,0,7.8,7.9,6.6,20,17,1,1,0
2245,-87.535198,41.680946,0,0,1,0,0,0,1,0,0,0,519,1824,57,31,10,1,54,0,0,0,1,0,0,0,0,0,0,0,0,1,0,0,0,0.26,0.6,75,31,1,75,56,2,29.48,29,0,1,0,0,0,0,0,0,5.9,6,4.7,16,12,1,0,0
4595,-87.654491,41.891118,0,0,1,0,0,1,0,0,0,0,543,1742,55,28,21,13,52,0,0,1,0,0,0,0,0,0,0,0,0,1,0,0,0,0.26,0.58,75,30,1,75,50,1,29.4,27,0,0,0,0,0,0,0,0,4.6,4.2,3.8,5,6,0,0,0
2335,-87.69181,41.963976,0,0,1,0,0,4,0,0,0,0,533,1758,54,26,11,25,52,0,1,0,0,0,0,0,0,0,0,0,0,1,0,0,0,0.26,0.6,71,28,13,72,50,1,29.51,26,0,0,0,0,0,0,0,0,5.4,4.2,3.4,11,9,1,0,0
553,-87.763416,41.801498,0,1,0,0,3,1,0,0,0,0,451,1904,73,47,27,1,73,0,0,0,0,1,0,0,0,0,0,0,1,0,0,0,0,0.29,0.67,92,48,1,91,72,18,29.11,45,0,0,0,0,0,0,0,1,8.8,9,6.2,11,10,0,1,1.31
3678,-87.707973,41.682587,0,1,0,0,0,206,41,0,0,0,419,1931,68,40,22,1,61,0,0,0,0,0,0,0,0,1,0,1,0,0,0,0,0,0.24,0.72,83,41,1,83,67,11,28.97,34,0,0,0,0,0,0,0,1,9.8,10.9,10.5,21,20,1,1,0
4498,-87.747113,41.991429,0,0,1,0,0,11,0,0,0,0,536,1755,70,42,32,1,68,0,0,0,0,0,0,0,1,0,0,0,0,1,0,0,0,0.26,0.58,84,42,1,84,69,13,29.21,38,0,1,1,1,0,0,1,1,10,10.6,8.3,7,7,0,0,0.84
4405,-87.590773,41.754292,0,0,1,0,0,1,0,0,0,0,522,1819,62,37,23,1,58,1,0,0,0,0,0,0,0,0,0,0,0,1,0,0,0,0.26,0.58,85,39,1,86,57,8,29.44,32,0,0,0,0,0,0,0,0,6,6,4.7,11,11,0,0,0
2898,-87.666014,41.720848,0,1,0,0,0,13,5,0,0,0,442,1915,74,44,23,1,67,0,0,0,0,0,0,0,0,1,0,0,0,0,0,1,0,0.25,0.57,86,45,1,86,71,15,29.34,41,0,1,0,0,0,1,0,0,5.6,5.9,4.3,14,12,1,1,0.7
2314,-87.777189,41.960616,0,0,1,0,0,1,1,0,0,0,533,1758,54,26,11,25,52,0,0,0,0,0,0,0,1,0,0,0,0,1,0,0,0,0.26,0.6,71,28,13,72,50,1,29.51,26,0,0,0,0,0,0,0,0,5.4,4.2,3.4,11,9,1,0,0
4577,-87.716788,41.89923,0,0,1,0,0,17,0,0,0,0,543,1742,55,28,21,13,52,0,0,0,0,0,1,0,0,0,0,0,0,1,0,0,0,0.26,0.58,75,30,1,75,50,1,29.4,27,0,0,0,0,0,0,0,0,4.6,4.2,3.8,5,6,0,0,0
3638,-87.805059,41.973845,0,1,0,0,0,5,6,0,0,0,418,1931,66,42,24,1,67,0,0,0,0,0,0,1,0,0,0,1,0,0,0,0,0,0.24,0.72,91,44,1,90,64,13,29.08,38,0,1,0,0,0,0,0,0,6.8,7.2,7.2,20,19,1,1,0.92
1383,-87.736812,41.798697,0,0,1,0,17,6,0,0,0,4,552,1729,56,32,28,1,56,0,0,0,0,1,0,0,0,0,0,0,0,0,1,0,0,0.27,0.77,83,35,1,82,51,3,29.39,31,0,0,0,0,0,0,1,0,5.9,4.6,3.9,12,9,1,1,0
4002,-87.752411,41.778297,0,1,0,0,0,4,3,0,0,0,445,1911,61,36,10,1,57,0,0,0,0,1,0,0,0,0,0,0,1,0,0,0,0,0.26,0.58,82,37,1,81,61,7,29.29,31,0,0,0,0,0,0,0,0,7.1,7.8,7.6,11,14,0,1,0
1873,-87.805059,41.973845,0,1,0,0,1,0,0,0,0,0,431,1925,58,29,2,2,51,0,0,0,0,0,0,1,0,0,0,0,0,0,0,1,0,0.26,0.6,70,29,2,70,57,1,29.21,26,0,0,0,0,0,0,0,0,10.4,10.8,10.6,15,16,1,1,0
421,-87.757639,41.964242,0,1,0,0,2,5,2,0,0,0,445,1911,69,46,26,1,62,0,0,0,0,0,0,0,1,0,0,0,1,0,0,0,0,0.29,0.67,91,45,1,92,69,17,29.34,39,0,0,0,0,0,0,1,0,3.7,4.1,3.5,12,13,0,1,0
1954,-87.69181,41.963976,0,1,0,0,1,7,8,0,0,0,437,1919,62,37,10,1,59,0,1,0,0,0,0,0,0,0,0,0,0,0,0,1,0,0.26,0.6,83,38,1,83,61,8,29.14,34,0,0,0,1,0,1,0,1,9.6,9.8,8.9,16,14,1,1,0.14
3120,-87.746381,41.925198,0,1,0,0,0,6,0,0,0,0,511,1837,61,36,19,1,58,0,0,0,0,0,1,0,0,0,0,0,1,0,0,0,0,0.25,0.57,83,37,1,83,59,7,29.32,33,0,0,0,0,0,0,0,0,3.4,3.3,1.9,12,10,0,1,0
3495,-87.612922,41.754676,0,1,0,0,0,0,2,0,0,0,417,1924,54,25,14,26,45,1,0,0,0,0,0,0,0,0,0,1,0,0,0,0,0,0.24,0.72,68,26,25,68,52,1,29.26,21,0,0,0,0,0,0,0,0,9.2,9.9,9.5,13.4272499331465,14.0534669233637,1,1,0
3205,-87.612922,41.754676,0,0,1,0,0,1,0,0,0,0,517,1827,74,47,32,1,71,1,0,0,0,0,0,0,0,0,0,0,0,1,0,0,0,0.25,0.57,94,49,1,93,71,18,29.26,44,0,0,0,0,0,0,0,0,6.3,5.9,5.2,12,11,0,1,0
2592,-87.629798,41.878114,0,1,0,0,0,1,2,0,0,0,417,1931,60,29,15,2,56,0,0,1,0,0,0,0,0,0,0,1,0,0,0,0,0,0.23,0.76,68,29,2,68,60,1,29.13,28,0,0,0,0,0,0,0,0,8.7,9.6,9.4,20,16,1,1,0
3574,-87.805059,41.973845,0,1,0,0,0,3,6,0,0,0,416,1930,70,40,23,1,65,0,0,0,0,0,0,1,0,0,0,1,0,0,0,0,0,0.24,0.72,85,43,1,82,68,11,29.39,36,0,0,0,0,0,1,0,1,9.6,9.5,7.4,19,18,1,1,0.79
3895,-87.649642,41.732984,0,1,0,0,0,65,15,0,0,0,433,1923,75,49,28,1,70,0,0,0,0,0,0,0,0,1,0,0,0,0,0,1,0,0.26,0.58,97,51,1,96,71,20,29.17,44,0,0,1,0,1,0,0,0,13.9,14,13.3,12,16,0,1,0.58
3847,-87.805059,41.973845,0,1,0,0,0,1,1,0,0,0,433,1923,75,49,28,1,70,0,0,0,0,0,0,1,0,0,0,0,0,0,0,1,0,0.26,0.58,97,51,1,96,71,20,29.17,44,0,0,1,0,1,0,0,0,13.9,14,13.3,12,16,0,1,0.58
3716,-87.756155,41.904194,0,1,0,0,0,0,20,0,0,0,424,1929,71,43,23,1,71,0,0,0,0,0,1,0,0,0,0,0,0,0,0,1,0,0.26,0.58,87,44,1,86,70,14,29.31,41,0,1,0,1,0,0,0,1,10.5,8.4,7.8,18,21,1,1,0.5
3634,-87.535198,41.680946,0,1,0,0,0,6,2,0,0,0,416,1930,70,40,23,1,65,0,0,0,1,0,0,0,0,0,0,1,0,0,0,0,0,0.24,0.72,85,43,1,82,68,11,29.39,36,0,0,0,0,0,1,0,1,9.6,9.5,7.4,19,18,1,1,0.79
883,-87.769279,41.994991,0,1,0,0,3,0,0,0,0,0,509,1840,69,40,22,1,67,0,0,0,0,0,0,1,0,0,0,0,1,0,0,0,0,0.29,0.67,81,40,1,80,69,11,29.16,38,0,1,0,1,1,1,0,1,7.3,7.1,5.8,19,14,1,1,0.24
3359,-87.807277,42.009876,0,0,1,0,0,12,1,0,0,0,540,1748,48,20,14,3,44,0,0,0,0,0,0,1,0,0,0,0,0,1,0,0,0,0.25,0.57,62,20,3,62,48,1,29.38,20,0,0,0,0,0,0,0,0,6.4,7,5.9,13,13,0,1,0
1357,-87.800991,41.95469,0,0,1,0,53,29,0,0,0,0,552,1729,56,32,28,1,56,0,0,0,0,0,0,1,0,0,0,0,0,0,1,0,0,0.27,0.77,83,35,1,82,51,3,29.39,31,0,0,0,0,0,0,1,0,5.9,4.6,3.9,12,9,1,1,0
3405,-87.605294,41.750498,0,0,1,0,1,3,0,1,0,0,540,1748,48,20,14,3,44,1,0,0,0,0,0,0,0,0,0,0,0,1,0,0,0,0.25,0.57,62,20,3,62,48,1,29.38,20,0,0,0,0,0,0,0,0,6.4,7,5.9,13,13,0,1,0
1314,-87.676709,41.688324,0,0,1,0,4,14,0,0,0,0,541,1746,71,44,36,1,63,0,0,0,0,0,0,0,0,1,0,0,0,1,0,0,0,0.29,0.67,91,46,1,90,68,15,29.34,38,0,0,0,0,0,0,0,0,10.5,11.9,11.4,13,10,1,1,0
4132,-87.807277,42.009876,0,1,0,0,23,11,0,0,0,0,459,1854,57,30,15,1,53,0,0,0,0,0,0,1,0,0,0,0,1,0,0,0,0,0.26,0.58,74,31,1,75,55,1,29.47,27,0,0,0,0,0,0,0,0,5,4.9,4.2,11,12,0,0,0
476,-87.64886,41.862292,0,1,0,0,16,24,1,0,0,0,445,1911,69,46,26,1,62,0,0,1,0,0,0,0,0,0,0,0,1,0,0,0,0,0.29,0.67,91,45,1,92,69,17,29.34,39,0,0,0,0,0,0,1,0,3.7,4.1,3.5,12,13,0,1,0
713,-87.655232,41.896282,0,1,0,0,7,17,1,0,0,0,459,1854,72,41,22,1,67,0,0,1,0,0,0,0,0,0,0,0,1,0,0,0,0,0.29,0.67,81,42,1,80,71,12,29.23,40,0,1,0,1,1,1,0,1,7.1,5.8,3.4,15,12,0,1,0.23
1021,-87.656913,41.846283,0,0,1,0,0,1,0,0,0,0,520,1822,67,41,26,1,60,0,0,1,0,0,0,0,0,0,0,0,0,1,0,0,0,0.29,0.67,90,44,1,89,63,12,29.34,36,0,0,0,0,0,0,0,0,5,4.3,2.8,17,12,1,1,0
4298,-87.716788,41.89923,0,1,0,0,47,0,0,0,0,0,514,1832,69,43,26,1,64,0,0,0,0,0,1,0,0,0,0,0,1,0,0,0,0,0.26,0.58,87,43,1,89,66,14,29.36,38,1,1,0,0,0,0,1,0,4.6,4.7,3.9,12,10,0,0,0
3627,-87.599862,41.673408,0,1,0,0,0,7,4,0,0,0,416,1930,70,40,23,1,65,0,0,0,1,0,0,0,0,0,0,1,0,0,0,0,0,0.24,0.72,85,43,1,82,68,11,29.39,36,0,0,0,0,0,1,0,1,9.6,9.5,7.4,19,18,1,1,0.79
4597,-87.654224,41.867108,0,0,1,0,0,0,7,0,0,0,543,1742,55,28,21,13,52,0,0,1,0,0,0,0,0,0,0,0,0,1,0,0,0,0.26,0.58,75,30,1,75,50,1,29.4,27,0,0,0,0,0,0,0,0,4.6,4.2,3.8,5,6,0,0,0
4384,-87.666901,41.868077,0,0,1,0,0,14,0,0,0,0,522,1819,62,37,23,1,58,0,0,1,0,0,0,0,0,0,0,0,0,1,0,0,0,0.26,0.58,85,39,1,86,57,8,29.44,32,0,0,0,0,0,0,0,0,6,6,4.7,11,11,0,0,0
607,-87.648064,41.721474,0,1,0,0,0,5,2,0,0,0,451,1904,73,47,27,1,73,0,0,0,0,0,0,0,0,1,0,0,1,0,0,0,0,0.29,0.67,92,48,1,91,72,18,29.11,45,0,0,0,0,0,0,0,1,8.8,9,6.2,11,10,0,1,1.31
1543,-87.590773,41.754292,0,1,0,0,0,0,1,0,0,0,419,1920,50,19,2,4,46,1,0,0,0,0,0,0,0,0,0,1,0,0,0,0,0,0.28,0.85,61,21,30,60,48,1,29.42,20,0,1,0,0,0,0,0,1,9.2,8,7.4,12.0883152079486,11.048196270827,1,1,0.12
2399,-87.696269,41.868142,0,0,1,0,1,2,1,0,0,0,542,1744,60,30,22,1,57,0,0,1,0,0,0,0,0,0,0,0,0,1,0,0,0,0.26,0.6,70,30,1,70,60,1,29.44,29,0,1,0,0,0,0,0,1,6.3,7.3,5.4,11,10,1,0,0.16
2876,-87.736812,41.798697,0,1,0,0,4,2,7,0,0,0,442,1915,74,44,23,1,67,0,0,0,0,1,0,0,0,0,0,0,0,0,0,1,0,0.25,0.57,86,45,1,86,71,15,29.34,41,0,1,0,0,0,1,0,0,5.6,5.9,4.3,14,12,1,1,0.7
136,-87.629798,41.878114,0,1,0,0,0,0,1,0,0,0,419,1931,56,28,16,13,55,0,0,1,0,0,0,0,0,0,0,1,0,0,0,0,0,0.26,0.8,71,29,2,70,56,1,29.47,29,0,0,0,0,0,0,0,0,8.2,8.3,7.6,18,18,0,1,0
3412,-87.562889,41.766202,0,0,1,0,0,2,0,0,0,0,540,1748,48,20,14,3,44,1,0,0,0,0,0,0,0,0,0,0,0,1,0,0,0,0.25,0.57,62,20,3,62,48,1,29.38,20,0,0,0,0,0,0,0,0,6.4,7,5.9,13,13,0,1,0
3116,-87.757639,41.964242,0,1,0,0,0,14,0,0,0,0,511,1837,61,36,19,1,58,0,0,0,0,0,0,0,1,0,0,0,1,0,0,0,0,0.25,0.57,83,37,1,83,59,7,29.32,33,0,0,0,0,0,0,0,0,3.4,3.3,1.9,12,10,0,1,0
1032,-87.696293,41.869107,0,0,1,0,14,3,0,0,0,0,521,1821,72,43,29,1,63,0,0,1,0,0,0,0,0,0,0,0,0,1,0,0,0,0.29,0.67,91,47,1,90,66,14,29.31,38,0,0,0,0,0,0,0,1,6.7,6.5,6.4,18,12,1,1,0
3765,-87.562889,41.766202,0,1,0,0,0,0,1,0,0,1,424,1929,71,43,23,1,71,1,0,0,0,0,0,0,0,0,0,0,0,0,0,1,0,0.26,0.58,87,44,1,86,70,14,29.31,41,0,1,0,1,0,0,0,1,10.5,8.4,7.8,18,21,1,1,0.5
1846,-87.642984,41.803423,0,1,0,0,0,5,1,0,0,0,425,1929,67,38,18,1,64,0,0,1,0,0,0,0,0,0,0,0,0,0,0,1,0,0.26,0.6,84,41,1,82,63,9,29.41,37,0,1,0,0,0,0,0,1,4.6,4.9,4.4,18,16,1,1,0.08
1304,-87.696269,41.868142,0,0,1,0,2,0,0,0,0,0,541,1746,71,44,36,1,63,0,0,1,0,0,0,0,0,0,0,0,0,1,0,0,0,0.29,0.67,91,46,1,90,68,15,29.34,38,0,0,0,0,0,0,0,0,10.5,11.9,11.4,13,10,1,1,0
3156,-87.632085,41.921965,0,1,0,0,0,0,0,0,0,1,511,1837,61,36,19,1,58,0,1,0,0,0,0,0,0,0,0,0,1,0,0,0,0,0.25,0.57,83,37,1,83,59,7,29.32,33,0,0,0,0,0,0,0,0,3.4,3.3,1.9,12,10,0,1,0
3797,-87.716788,41.89923,0,1,0,0,0,40,1,0,0,0,427,1928,60,36,10,1,53,0,0,0,0,0,1,0,0,0,0,0,0,0,0,1,0,0.26,0.58,82,36,1,83,58,7,29.44,31,0,0,0,0,0,0,0,0,5.4,4.8,4,16,19,0,1,0
187,-87.824812,41.974089,0,1,0,0,0,1,3,0,0,0,426,1928,63,35,11,1,51,0,0,0,0,0,0,1,0,0,0,0,0,0,0,1,0,0.29,0.67,77,35,1,77,62,6,29.28,28,0,0,0,0,0,0,0,0,11.2,10.9,8.8,15,15,0,0,0
2119,-87.700117,41.932094,0,1,0,0,0,1,1,0,0,0,457,1856,63,38,18,1,55,0,1,0,0,0,0,0,0,0,0,0,1,0,0,0,0,0.26,0.6,86,40,1,86,60,9,29.44,32,0,0,0,0,0,0,0,0,4,3.8,1.5,14,11,1,0,0
2300,-87.538693,41.659112,0,0,1,0,0,2,0,0,0,0,530,1805,59,36,25,1,55,0,0,0,1,0,0,0,0,0,0,0,0,1,0,0,0,0.26,0.6,84,37,1,84,58,7,29.4,31,0,0,0,0,0,0,0,0,2.7,2.1,0.1,12,10,1,0,0
2004,-87.716788,41.89923,0,1,0,0,0,2,0,0,0,0,444,1913,62,35,12,1,54,0,0,0,0,0,1,0,0,0,0,0,0,0,0,1,0,0.26,0.6,82,37,1,81,58,6,29.29,31,0,0,0,0,0,0,0,0,6.7,7.3,6.2,14,11,1,1,0
2502,-87.785288,41.923738,0,1,0,0,0,4,1,0,0,0,416,1929,64,36,20,1,60,0,0,0,0,0,1,0,0,0,0,1,0,0,0,0,0,0.23,0.76,82,38,1,82,60,7,29.18,34,0,0,0,0,0,0,0,0,6.2,6.6,5.8,19,15,1,1,0
4291,-87.736812,41.798697,0,1,0,0,13,0,0,0,0,0,514,1832,69,43,26,1,64,0,0,0,0,1,0,0,0,0,0,0,1,0,0,0,0,0.26,0.58,87,43,1,89,66,14,29.36,38,1,1,0,0,0,0,1,0,4.6,4.7,3.9,12,10,0,0,0
1264,-87.800991,41.95469,0,0,1,0,41,33,0,0,0,0,541,1746,71,44,36,1,63,0,0,0,0,0,0,1,0,0,0,0,0,1,0,0,0,0.29,0.67,91,46,1,90,68,15,29.34,38,0,0,0,0,0,0,0,0,10.5,11.9,11.4,13,10,1,1,0
1148,-87.546587,41.740641,0,0,1,0,25,7,0,0,0,0,528,1809,46,22,16,29,42,1,0,0,0,0,0,0,0,0,0,0,0,1,0,0,0,0.29,0.67,66,21,30,67,46,1,29.46,19,0,0,0,0,0,0,0,0,6,5.6,1.8,19,13,1,1,0
2630,-87.696269,41.868142,0,1,0,0,0,14,21,0,0,0,419,1931,66,39,20,1,62,0,0,1,0,0,0,0,0,0,0,1,0,0,0,0,0,0.23,0.76,89,43,1,88,60,10,29.34,36,0,0,0,0,1,1,0,0,10.6,9.4,8.2,18,17,1,1,0
439,-87.705085,41.883284,0,1,0,0,1,1,1,0,0,0,445,1911,69,46,26,1,62,0,0,1,0,0,0,0,0,0,0,0,1,0,0,0,0,0.29,0.67,91,45,1,92,69,17,29.34,39,0,0,0,0,0,0,1,0,3.7,4.1,3.5,12,13,0,1,0
1487,-87.649642,41.732984,1,0,0,0,0,2,0,0,0,0,421,1916,55,23,13,28,51,0,0,0,0,0,0,0,0,1,0,0,0,0,0,0,1,0.28,0.85,64,25,26,62,54,1,29.11,23,0,0,0,0,0,0,0,0,8.3,8.1,6.8,13.2126647963936,13.2124986025331,1,1,0
2822,-87.707973,41.682587,0,1,0,0,5,5,0,0,0,0,438,1918,73,46,25,1,66,0,0,0,0,0,0,0,0,1,0,0,0,0,0,1,0,0.25,0.57,90,47,1,88,73,17,29.25,40,0,0,0,0,0,0,0,0,6.1,6.5,3.4,14,12,1,1,0
588,-87.678378,41.823065,0,1,0,0,0,1,0,0,0,0,451,1904,73,47,27,1,73,0,0,1,0,0,0,0,0,0,0,0,1,0,0,0,0,0.29,0.67,92,48,1,91,72,18,29.11,45,0,0,0,0,0,0,0,1,8.8,9,6.2,11,10,0,1,1.31
2927,-87.800515,41.916265,0,1,0,0,11,52,10,0,0,0,449,1907,70,41,21,1,68,0,0,0,0,0,1,0,0,0,0,0,1,0,0,0,0,0.25,0.57,84,42,1,83,69,12,29.26,40,0,0,0,0,0,0,0,1,6,5.5,4,11,9,0,1,0
2803,-87.777189,41.960616,0,1,0,0,0,2,0,0,0,0,438,1918,73,46,25,1,66,0,0,0,0,0,0,0,1,0,0,0,0,0,0,1,0,0.25,0.57,90,47,1,88,73,17,29.25,40,0,0,0,0,0,0,0,0,6.1,6.5,3.4,14,12,1,1,0
760,-87.797894,41.797616,0,1,0,0,10,13,0,0,0,0,505,1845,69,43,25,1,70,0,0,0,0,1,0,0,0,0,0,0,1,0,0,0,0,0.29,0.67,85,42,1,87,69,14,29.26,41,0,1,0,0,0,0,1,0,6,6,3.8,17,13,1,1,0
2181,-87.559308,41.678618,0,1,0,0,1,15,0,0,1,0,510,1839,61,36,19,1,61,0,0,0,1,0,0,0,0,0,0,0,1,0,0,0,0,0.26,0.6,82,37,1,83,59,7,29.39,34,0,0,0,0,0,0,0,0,8.6,9.2,9.1,12,11,0,0,0
218,-87.707973,41.682587,0,1,0,0,29,189,27,0,0,0,426,1928,63,35,11,1,51,0,0,0,0,0,0,0,0,1,0,0,0,0,0,1,0,0.29,0.67,77,35,1,77,62,6,29.28,28,0,0,0,0,0,0,0,0,11.2,10.9,8.8,15,15,0,0,0
3548,-87.666066,41.98728,0,1,0,0,0,2,0,0,0,0,416,1928,57,32,1,1,51,0,1,0,0,0,0,0,0,0,0,1,0,0,0,0,0,0.24,0.72,76,32,1,78,56,3,29.4,26,0,0,0,0,0,0,0,0,7.8,7.9,6.6,20,17,1,1,0
3472,-87.716788,41.89923,0,1,0,0,0,0,10,0,0,0,417,1924,54,25,14,26,45,0,0,0,0,0,1,0,0,0,0,1,0,0,0,0,0,0.24,0.72,68,26,25,68,52,1,29.26,21,0,0,0,0,0,0,0,0,9.2,9.9,9.5,13.4272499331465,14.0534669233637,1,1,0
170,-87.677512,41.731922,0,1,0,0,3,3,4,0,0,0,420,1931,58,31,14,1,50,0,0,0,0,0,0,0,0,1,0,0,0,0,0,1,0,0.29,0.67,77,33,1,79,53,2,29.55,28,0,0,0,0,0,0,0,0,8.5,8.1,5.9,17,17,0,1,0
1458,-87.531635,41.686398,0,0,1,0,0,6,0,0,0,0,557,1720,50,28,26,13,44,0,0,0,1,0,0,0,0,0,0,0,0,0,1,0,0,0.27,0.77,77,29,2,76,49,1,29.27,22,0,0,0,0,0,0,0,0,13.3,12.8,11.5,8,7,0,0,0
4302,-87.703736,41.704336,0,1,0,0,0,28,0,0,0,0,514,1832,69,43,26,1,64,0,0,0,0,0,0,0,0,1,0,0,1,0,0,0,0,0.26,0.58,87,43,1,89,66,14,29.36,38,1,1,0,0,0,0,1,0,4.6,4.7,3.9,12,10,0,0,0
3294,-87.832763,41.944869,0,0,1,0,3,13,0,0,0,0,532,1760,48,17,4,6,40,0,0,0,0,0,0,1,0,0,0,0,0,1,0,0,0,0.25,0.57,59,19,4,58,46,1,29.65,16,0,0,0,0,0,0,0,0,3.7,3.3,1.4,13,13,0,1,0
4462,-87.64997,41.723195,0,0,1,0,3,8,0,0,0,0,528,1809,63,37,25,1,59,0,0,0,0,0,0,0,0,1,0,0,0,1,0,0,0,0.26,0.58,83,38,1,82,62,8,29.34,33,0,0,0,0,0,0,0,1,9.8,9.4,7,10,9,0,0,0
4083,-87.716788,41.89923,0,1,0,0,27,50,6,0,0,0,452,1903,69,37,1,1,56,0,0,0,0,0,1,0,0,0,0,0,1,0,0,0,0,0.26,0.58,79,39,1,78,65,8,29.33,31,0,0,0,0,0,0,0,0,10.8,9.3,8.6,11,15,0,1,0
4147,-87.736812,41.798697,0,1,0,0,11,40,6,0,0,0,459,1854,57,30,15,1,53,0,0,0,0,1,0,0,0,0,0,0,1,0,0,0,0,0.26,0.58,74,31,1,75,55,1,29.47,27,0,0,0,0,0,0,0,0,5,4.9,4.2,11,12,0,0,0
992,-87.750938,41.979243,0,0,1,0,1,1,0,0,0,0,520,1822,67,41,26,1,60,0,0,0,0,0,0,0,1,0,0,0,0,1,0,0,0,0.29,0.67,90,44,1,89,63,12,29.34,36,0,0,0,0,0,0,0,0,5,4.3,2.8,17,12,1,1,0
1452,-87.565666,41.704572,0,0,1,0,3,1,0,0,0,0,557,1720,50,28,26,13,44,0,0,0,1,0,0,0,0,0,0,0,0,0,1,0,0,0.27,0.77,77,29,2,76,49,1,29.27,22,0,0,0,0,0,0,0,0,13.3,12.8,11.5,8,7,0,0,0
204,-87.76007,41.961743,0,1,0,0,0,1,0,0,0,0,426,1928,63,35,11,1,51,0,0,0,0,0,0,0,1,0,0,0,0,0,0,1,0,0.29,0.67,77,35,1,77,62,6,29.28,28,0,0,0,0,0,0,0,0,11.2,10.9,8.8,15,15,0,0,0
215,-87.724608,41.662014,0,1,0,0,1,18,4,0,0,0,426,1928,63,35,11,1,51,0,0,0,0,0,0,0,0,1,0,0,0,0,0,1,0,0.29,0.67,77,35,1,77,62,6,29.28,28,0,0,0,0,0,0,0,0,11.2,10.9,8.8,15,15,0,0,0
2696,-87.666066,41.98728,0,1,0,0,0,1,2,0,0,0,426,1928,70,45,25,1,71,0,1,0,0,0,0,0,0,0,0,0,0,0,0,1,0,0.25,0.57,90,45,1,88,71,16,29.18,43,0,1,0,0,0,1,1,0,8,8.5,5.5,14,15,1,1,0.39
3719,-87.746381,41.925198,0,1,0,0,0,0,6,0,0,0,424,1929,71,43,23,1,71,0,0,0,0,0,1,0,0,0,0,0,0,0,0,1,0,0.26,0.58,87,44,1,86,70,14,29.31,41,0,1,0,1,0,0,0,1,10.5,8.4,7.8,18,21,1,1,0.5
3319,-87.71188,41.800737,0,0,1,0,0,13,0,0,0,0,532,1760,48,17,4,6,40,0,0,0,0,1,0,0,0,0,0,0,0,1,0,0,0,0.25,0.57,59,19,4,58,46,1,29.65,16,0,0,0,0,0,0,0,0,3.7,3.3,1.4,13,13,0,1,0
2871,-87.756155,41.904194,0,1,0,0,0,77,4,0,0,0,442,1915,74,44,23,1,67,0,0,0,0,0,1,0,0,0,0,0,0,0,0,1,0,0.25,0.57,86,45,1,86,71,15,29.34,41,0,1,0,0,0,1,0,0,5.6,5.9,4.3,14,12,1,1,0.7
3929,-87.756155,41.904194,0,1,0,0,0,16,1,0,0,2,438,1918,58,34,13,1,54,0,0,0,0,0,1,0,0,0,0,0,0,0,0,1,0,0.26,0.58,81,35,1,81,57,5,29.39,29,0,0,0,0,0,0,0,0,3.9,5.1,4.1,9,13,0,1,0
3151,-87.654234,41.793818,0,1,0,0,6,13,0,0,0,0,511,1837,61,36,19,1,58,0,0,1,0,0,0,0,0,0,0,0,1,0,0,0,0,0.25,0.57,83,37,1,83,59,7,29.32,33,0,0,0,0,0,0,0,0,3.4,3.3,1.9,12,10,0,1,0
3448,-87.590773,41.754292,0,0,1,0,0,0,1,0,0,0,547,1735,47,16,16,7,41,1,0,0,0,0,0,0,0,0,0,0,0,1,0,0,0,0.25,0.57,58,18,5,57,45,1,29.37,16,0,0,0,0,0,0,0,1,16.3,15,14.6,18,18,0,1,0.09
16,-87.632085,41.921965,1,0,0,0,0,2,3,0,0,0,421,1917,65,39,28,1,58,0,1,0,0,0,0,0,0,0,0,0,0,0,0,0,1,0.26,0.8,88,42,1,88,60,10,29.44,35,0,1,0,0,0,0,1,0,7.4,6.5,5.8,15.7722569219176,13.2689506455127,1,1,0
2963,-87.654234,41.793818,0,1,0,0,8,25,3,0,0,0,449,1907,70,41,21,1,68,0,0,1,0,0,0,0,0,0,0,0,1,0,0,0,0,0.25,0.57,84,42,1,83,69,12,29.26,40,0,0,0,0,0,0,0,1,6,5.5,4,11,9,0,1,0
4176,-87.654491,41.891118,0,1,0,0,1,10,0,0,0,0,459,1854,57,30,15,1,53,0,0,1,0,0,0,0,0,0,0,0,1,0,0,0,0,0.26,0.58,74,31,1,75,55,1,29.47,27,0,0,0,0,0,0,0,0,5,4.9,4.2,11,12,0,0,0
1754,-87.535198,41.680946,0,1,0,0,0,1,3,0,0,0,419,1931,65,35,1,1,54,0,0,0,1,0,0,0,0,0,0,1,0,0,0,0,0,0.28,0.85,78,37,1,77,63,6,28.95,30,0,0,0,0,0,0,0,0,14.1,12.7,12.2,14,14,1,1,0
1837,-87.689778,41.986921,0,1,0,0,2,11,6,0,0,0,425,1929,67,38,18,1,64,0,1,0,0,0,0,0,0,0,0,0,0,0,0,1,0,0.26,0.6,84,41,1,82,63,9,29.41,37,0,1,0,0,0,0,0,1,4.6,4.9,4.4,18,16,1,1,0.08
1270,-87.787992,41.970248,0,0,1,0,5,4,0,0,0,0,541,1746,71,44,36,1,63,0,0,0,0,0,0,1,0,0,0,0,0,1,0,0,0,0.29,0.67,91,46,1,90,68,15,29.34,38,0,0,0,0,0,0,0,0,10.5,11.9,11.4,13,10,1,1,0
807,-87.686763,41.843811,0,1,0,0,3,13,0,0,0,0,505,1845,69,43,25,1,70,0,0,1,0,0,0,0,0,0,0,0,1,0,0,0,0,0.29,0.67,85,42,1,87,69,14,29.26,41,0,1,0,0,0,0,1,0,6,6,3.8,17,13,1,1,0
4199,-87.930995,41.957799,0,1,0,0,0,2,0,0,0,0,506,1843,67,38,20,1,67,0,0,0,0,0,0,0,0,0,1,0,1,0,0,0,0,0.26,0.58,78,38,1,78,68,9,29.42,37,0,0,0,0,0,0,0,1,7,7,1.5,12,11,0,0,0.23
2160,-87.703047,41.77166,0,1,0,0,0,1,0,0,0,0,510,1839,61,36,19,1,61,0,0,0,0,1,0,0,0,0,0,0,1,0,0,0,0,0.26,0.6,82,37,1,83,59,7,29.39,34,0,0,0,0,0,0,0,0,8.6,9.2,9.1,12,11,0,0,0
2362,-87.538693,41.659112,0,0,1,0,0,4,0,0,0,0,533,1758,54,26,11,25,52,0,0,0,1,0,0,0,0,0,0,0,0,1,0,0,0,0.26,0.6,71,28,13,72,50,1,29.51,26,0,0,0,0,0,0,0,0,5.4,4.2,3.4,11,9,1,0,0
1340,-87.585413,41.726465,0,0,1,0,6,4,0,0,0,0,541,1746,71,44,36,1,63,1,0,0,0,0,0,0,0,0,0,0,0,1,0,0,0,0.29,0.67,91,46,1,90,68,15,29.34,38,0,0,0,0,0,0,0,0,10.5,11.9,11.4,13,10,1,1,0
3144,-87.666901,41.868077,0,1,0,0,4,3,2,0,0,1,511,1837,61,36,19,1,58,0,0,1,0,0,0,0,0,0,0,0,1,0,0,0,0,0.25,0.57,83,37,1,83,59,7,29.32,33,0,0,0,0,0,0,0,0,3.4,3.3,1.9,12,10,0,1,0
3159,-87.627096,41.776428,0,1,0,0,1,3,2,0,0,0,511,1837,61,36,19,1,58,1,0,0,0,0,0,0,0,0,0,0,1,0,0,0,0,0.25,0.57,83,37,1,83,59,7,29.32,33,0,0,0,0,0,0,0,0,3.4,3.3,1.9,12,10,0,1,0
3228,-87.805059,41.973845,0,0,1,0,0,8,2,0,0,0,528,1809,64,40,28,1,59,0,0,0,0,0,0,1,0,0,0,0,0,1,0,0,0,0.25,0.57,86,40,1,86,64,11,29.24,34,0,0,0,0,0,0,0,0,9.3,10.9,10.5,12,12,0,1,0
685,-87.700117,41.932094,0,1,0,0,1,2,0,0,0,0,459,1854,72,41,22,1,67,0,1,0,0,0,0,0,0,0,0,0,1,0,0,0,0,0.29,0.67,81,42,1,80,71,12,29.23,40,0,1,0,1,1,1,0,1,7.1,5.8,3.4,15,12,0,1,0.23
456,-87.678649,41.768388,0,1,0,0,7,15,7,0,0,0,445,1911,69,46,26,1,62,0,0,0,0,0,0,0,0,1,0,0,1,0,0,0,0,0.29,0.67,91,45,1,92,69,17,29.34,39,0,0,0,0,0,0,1,0,3.7,4.1,3.5,12,13,0,1,0
946,-87.627796,41.821582,0,1,0,0,16,15,0,0,0,0,509,1840,69,40,22,1,67,0,0,1,0,0,0,0,0,0,0,0,1,0,0,0,0,0.29,0.67,81,40,1,80,69,11,29.16,38,0,1,0,1,1,1,0,1,7.3,7.1,5.8,19,14,1,1,0.24
3069,-87.71188,41.800737,0,1,0,0,1,1,0,0,0,0,503,1848,67,41,23,1,63,0,0,0,0,1,0,0,0,0,0,0,1,0,0,0,0,0.25,0.57,86,42,1,87,64,12,29.23,37,0,0,0,0,0,0,0,0,5.8,5.2,3.3,12,9,0,1,0
1325,-87.649642,41.732984,0,0,1,0,1,1,0,0,0,0,541,1746,71,44,36,1,63,0,0,0,0,0,0,0,0,1,0,0,0,1,0,0,0,0.29,0.67,91,46,1,90,68,15,29.34,38,0,0,0,0,0,0,0,0,10.5,11.9,11.4,13,10,1,1,0
3075,-87.69181,41.963976,0,1,0,0,2,2,2,0,0,0,503,1848,67,41,23,1,63,0,1,0,0,0,0,0,0,0,0,0,1,0,0,0,0,0.25,0.57,86,42,1,87,64,12,29.23,37,0,0,0,0,0,0,0,0,5.8,5.2,3.3,12,9,0,1,0
2380,-87.756155,41.904194,0,0,1,0,0,2,0,0,0,0,542,1744,60,30,22,1,57,0,0,0,0,0,1,0,0,0,0,0,0,1,0,0,0,0.26,0.6,70,30,1,70,60,1,29.44,29,0,1,0,0,0,0,0,1,6.3,7.3,5.4,11,10,1,0,0.16
1425,-87.655232,41.896282,0,0,1,0,1,1,0,0,0,0,552,1729,56,32,28,1,56,0,0,1,0,0,0,0,0,0,0,0,0,0,1,0,0,0.27,0.77,83,35,1,82,51,3,29.39,31,0,0,0,0,0,0,1,0,5.9,4.6,3.9,12,9,1,1,0
2933,-87.757639,41.964242,0,1,0,0,0,54,0,0,0,0,449,1907,70,41,21,1,68,0,0,0,0,0,0,0,1,0,0,0,1,0,0,0,0,0.25,0.57,84,42,1,83,69,12,29.26,40,0,0,0,0,0,0,0,1,6,5.5,4,11,9,0,1,0
1640,-87.666901,41.868077,0,1,0,0,0,0,2,0,0,0,416,1928,57,32,1,1,49,0,0,1,0,0,0,0,0,0,0,1,0,0,0,0,0,0.28,0.85,81,34,1,81,53,3,29.34,27,0,0,0,0,0,0,0,0,7.7,6.4,5.5,15,15,1,1,0
4027,-87.671457,41.947227,0,1,0,0,12,12,5,0,0,0,445,1911,61,36,10,1,57,0,1,0,0,0,0,0,0,0,0,0,1,0,0,0,0,0.26,0.58,82,37,1,81,61,7,29.29,31,0,0,0,0,0,0,0,0,7.1,7.8,7.6,11,14,0,1,0
4419,-87.800991,41.95469,0,0,1,0,32,12,0,0,0,0,528,1809,63,37,25,1,59,0,0,0,0,0,0,1,0,0,0,0,0,1,0,0,0,0.26,0.58,83,38,1,82,62,8,29.34,33,0,0,0,0,0,0,0,1,9.8,9.4,7,10,9,0,0,0
2205,-87.671457,41.947227,0,1,0,0,0,1,0,0,0,0,512,1835,62,29,14,2,60,0,1,0,0,0,0,0,0,0,0,0,1,0,0,0,0,0.26,0.6,67,30,1,67,61,1,29.41,32,0,1,0,0,0,0,0,1,11,9.7,9.1,14,13,1,0,0.95
3257,-87.696269,41.868142,0,0,1,0,1,4,0,0,0,0,528,1809,64,40,28,1,59,0,0,1,0,0,0,0,0,0,0,0,0,1,0,0,0,0.25,0.57,86,40,1,86,64,11,29.24,34,0,0,0,0,0,0,0,0,9.3,10.9,10.5,12,12,0,1,0
1108,-87.698457,41.94983,0,0,1,0,4,0,0,0,0,0,528,1809,46,22,16,29,42,0,1,0,0,0,0,0,0,0,0,0,0,1,0,0,0,0.29,0.67,66,21,30,67,46,1,29.46,19,0,0,0,0,0,0,0,0,6,5.6,1.8,19,13,1,1,0
479,-87.632085,41.921965,0,1,0,0,0,5,0,0,0,0,445,1911,69,46,26,1,62,0,1,0,0,0,0,0,0,0,0,0,1,0,0,0,0,0.29,0.67,91,45,1,92,69,17,29.34,39,0,0,0,0,0,0,1,0,3.7,4.1,3.5,12,13,0,1,0
3878,-87.69181,41.963976,0,1,0,0,0,2,3,0,0,0,433,1923,75,49,28,1,70,0,1,0,0,0,0,0,0,0,0,0,0,0,0,1,0,0.26,0.58,97,51,1,96,71,20,29.17,44,0,0,1,0,1,0,0,0,13.9,14,13.3,12,16,0,1,0.58
4495,-87.757639,41.964242,0,0,1,0,2,3,0,0,0,0,536,1755,70,42,32,1,68,0,0,0,0,0,0,0,1,0,0,0,0,1,0,0,0,0.26,0.58,84,42,1,84,69,13,29.21,38,0,1,1,1,0,0,1,1,10,10.6,8.3,7,7,0,0,0.84
1102,-87.703736,41.704336,0,0,1,0,1,0,0,0,0,0,528,1809,46,22,16,29,42,0,0,0,0,0,0,0,0,1,0,0,0,1,0,0,0,0.29,0.67,66,21,30,67,46,1,29.46,19,0,0,0,0,0,0,0,0,6,5.6,1.8,19,13,1,1,0
686,-87.698457,41.94983,0,1,0,0,17,15,0,0,0,0,459,1854,72,41,22,1,67,0,1,0,0,0,0,0,0,0,0,0,1,0,0,0,0,0.29,0.67,81,42,1,80,71,12,29.23,40,0,1,0,1,1,1,0,1,7.1,5.8,3.4,15,12,0,1,0.23
3789,-87.742302,41.763733,0,1,0,0,0,6,2,0,0,0,427,1928,60,36,10,1,53,0,0,0,0,1,0,0,0,0,0,0,0,0,0,1,0,0.26,0.58,82,36,1,83,58,7,29.44,31,0,0,0,0,0,0,0,0,5.4,4.8,4,16,19,0,1,0
3925,-87.777189,41.960616,0,1,0,0,0,7,2,0,0,0,438,1918,58,34,13,1,54,0,0,0,0,0,0,0,1,0,0,0,0,0,0,1,0,0.26,0.58,81,35,1,81,57,5,29.39,29,0,0,0,0,0,0,0,0,3.9,5.1,4.1,9,13,0,1,0
132,-87.64997,41.723195,0,1,0,0,0,0,2,0,0,0,419,1931,56,28,16,13,55,0,0,0,0,0,0,0,0,1,0,1,0,0,0,0,0,0.26,0.8,71,29,2,70,56,1,29.47,29,0,0,0,0,0,0,0,0,8.2,8.3,7.6,18,18,0,1,0
70,-87.757639,41.964242,0,1,0,0,0,0,2,0,0,0,418,1931,73,46,28,1,69,0,0,0,0,0,0,0,1,0,0,1,0,0,0,0,0,0.26,0.8,91,47,1,92,70,17,29.45,41,0,1,0,1,0,0,1,0,8.1,7.1,6.1,19,18,0,1,0.16
4035,-87.654234,41.793818,0,1,0,0,3,7,2,0,0,0,445,1911,61,36,10,1,57,0,0,1,0,0,0,0,0,0,0,0,1,0,0,0,0,0.26,0.58,82,37,1,81,61,7,29.29,31,0,0,0,0,0,0,0,0,7.1,7.8,7.6,11,14,0,1,0
2820,-87.716277,41.846075,0,1,0,0,2,1,2,0,0,0,438,1918,73,46,25,1,66,0,0,1,0,0,0,0,0,0,0,0,0,0,0,1,0,0.25,0.57,90,47,1,88,73,17,29.25,40,0,0,0,0,0,0,0,0,6.1,6.5,3.4,14,12,1,1,0
3855,-87.757639,41.964242,0,1,0,0,0,7,0,0,0,0,433,1923,75,49,28,1,70,0,0,0,0,0,0,0,1,0,0,0,0,0,0,1,0,0.26,0.58,97,51,1,96,71,20,29.17,44,0,0,1,0,1,0,0,0,13.9,14,13.3,12,16,0,1,0.58
3016,-87.666901,41.868077,0,1,0,0,6,1,1,0,0,0,456,1858,65,36,10,1,59,0,0,1,0,0,0,0,0,0,0,0,1,0,0,0,0,0.25,0.57,82,39,1,81,60,7,29.28,33,0,0,0,0,0,0,0,0,8.4,8.5,8.3,10,9,0,1,0
3177,-87.800515,41.916265,0,0,1,0,3,37,13,0,0,0,517,1827,74,47,32,1,71,0,0,0,0,0,1,0,0,0,0,0,0,1,0,0,0,0.25,0.57,94,49,1,93,71,18,29.26,44,0,0,0,0,0,0,0,0,6.3,5.9,5.2,12,11,0,1,0
3854,-87.763416,41.801498,0,1,0,0,0,16,30,0,0,0,433,1923,75,49,28,1,70,0,0,0,0,1,0,0,0,0,0,0,0,0,0,1,0,0.26,0.58,97,51,1,96,71,20,29.17,44,0,0,1,0,1,0,0,0,13.9,14,13.3,12,16,0,1,0.58
1714,-87.747113,41.991429,0,1,0,0,0,16,3,0,0,0,418,1931,72,43,25,1,60,0,0,0,0,0,0,0,1,0,0,1,0,0,0,0,0,0.28,0.85,86,44,1,86,69,14,29.2,36,0,0,0,0,0,0,0,0,8,8.2,6.4,15,15,1,1,0
3527,-87.731435,41.743402,0,1,0,0,0,0,8,0,0,0,416,1928,57,32,1,1,51,0,0,0,0,1,0,0,0,0,0,1,0,0,0,0,0,0.24,0.72,76,32,1,78,56,3,29.4,26,0,0,0,0,0,0,0,0,7.8,7.9,6.6,20,17,1,1,0
4615,-87.535198,41.680946,0,0,1,0,2,1,0,0,0,0,543,1742,55,28,21,13,52,0,0,0,1,0,0,0,0,0,0,0,0,1,0,0,0,0.26,0.58,75,30,1,75,50,1,29.4,27,0,0,0,0,0,0,0,0,4.6,4.2,3.8,5,6,0,0,0
984,-87.777189,41.960616,0,0,1,0,0,2,0,0,0,0,520,1822,67,41,26,1,60,0,0,0,0,0,0,0,1,0,0,0,0,1,0,0,0,0.29,0.67,90,44,1,89,63,12,29.34,36,0,0,0,0,0,0,0,0,5,4.3,2.8,17,12,1,1,0
4556,-87.807277,42.009876,0,0,1,0,0,5,0,0,0,0,543,1742,55,28,21,13,52,0,0,0,0,0,0,1,0,0,0,0,0,1,0,0,0,0.26,0.58,75,30,1,75,50,1,29.4,27,0,0,0,0,0,0,0,0,4.6,4.2,3.8,5,6,0,0,0
3784,-87.757639,41.964242,0,1,0,0,0,78,37,0,0,0,427,1928,60,36,10,1,53,0,0,0,0,0,0,0,1,0,0,0,0,0,0,1,0,0.26,0.58,82,36,1,83,58,7,29.44,31,0,0,0,0,0,0,0,0,5.4,4.8,4,16,19,0,1,0
4583,-87.701431,41.906638,0,0,1,0,0,2,0,0,0,0,543,1742,55,28,21,13,52,0,1,0,0,0,0,0,0,0,0,0,0,1,0,0,0,0.26,0.58,75,30,1,75,50,1,29.4,27,0,0,0,0,0,0,0,0,4.6,4.2,3.8,5,6,0,0,0
648,-87.787992,41.970248,0,1,0,0,44,49,0,0,0,0,459,1854,72,41,22,1,67,0,0,0,0,0,0,1,0,0,0,0,1,0,0,0,0,0.29,0.67,81,42,1,80,71,12,29.23,40,0,1,0,1,1,1,0,1,7.1,5.8,3.4,15,12,0,1,0.23
3490,-87.649642,41.732984,0,1,0,0,0,4,0,0,0,0,417,1924,54,25,14,26,45,0,0,0,0,0,0,0,0,1,0,1,0,0,0,0,0,0.24,0.72,68,26,25,68,52,1,29.26,21,0,0,0,0,0,0,0,0,9.2,9.9,9.5,13.4272499331465,14.0534669233637,1,1,0
1266,-87.797127,41.990284,0,0,1,0,0,3,0,0,0,0,541,1746,71,44,36,1,63,0,0,0,0,0,0,1,0,0,0,0,0,1,0,0,0,0.29,0.67,91,46,1,90,68,15,29.34,38,0,0,0,0,0,0,0,0,10.5,11.9,11.4,13,10,1,1,0
161,-87.705085,41.883284,0,1,0,0,0,2,1,0,0,0,420,1931,58,31,14,1,50,0,0,1,0,0,0,0,0,0,0,0,0,0,0,1,0,0.29,0.67,77,33,1,79,53,2,29.55,28,0,0,0,0,0,0,0,0,8.5,8.1,5.9,17,17,0,1,0
335,-87.64886,41.862292,0,1,0,0,2,0,0,0,0,0,433,1923,63,38,1,1,63,0,0,1,0,0,0,0,0,0,0,0,0,0,0,1,0,0.29,0.67,82,38,1,83,63,9,29.26,35,0,1,0,0,0,0,0,0,14.4,11.9,7,13,14,0,1,0.16
1707,-87.778927,41.776156,0,1,0,0,0,0,1,0,0,0,418,1931,72,43,25,1,60,0,0,0,0,1,0,0,0,0,0,1,0,0,0,0,0,0.28,0.85,86,44,1,86,69,14,29.2,36,0,0,0,0,0,0,0,0,8,8.2,6.4,15,15,1,1,0
4490,-87.778927,41.776156,0,0,1,0,0,7,0,0,0,0,536,1755,70,42,32,1,68,0,0,0,0,1,0,0,0,0,0,0,0,1,0,0,0,0.26,0.58,84,42,1,84,69,13,29.21,38,0,1,1,1,0,0,1,1,10,10.6,8.3,7,7,0,0,0.84
3551,-87.654491,41.891118,0,1,0,0,0,1,0,0,0,0,416,1928,57,32,1,1,51,0,0,1,0,0,0,0,0,0,0,1,0,0,0,0,0,0.24,0.72,76,32,1,78,56,3,29.4,26,0,0,0,0,0,0,0,0,7.8,7.9,6.6,20,17,1,1,0
88,-87.686763,41.843811,0,1,0,0,0,0,1,0,0,0,418,1931,73,46,28,1,69,0,0,1,0,0,0,0,0,0,0,1,0,0,0,0,0,0.26,0.8,91,47,1,92,70,17,29.45,41,0,1,0,1,0,0,1,0,8.1,7.1,6.1,19,18,0,1,0.16
2281,-87.666014,41.720848,0,0,1,0,0,1,0,0,0,0,530,1805,59,36,25,1,55,0,0,0,0,0,0,0,0,1,0,0,0,1,0,0,0,0.26,0.6,84,37,1,84,58,7,29.4,31,0,0,0,0,0,0,0,0,2.7,2.1,0.1,12,10,1,0,0
542,-87.800515,41.916265,0,1,0,0,3,11,0,0,0,0,451,1904,73,47,27,1,73,0,0,0,0,0,1,0,0,0,0,0,1,0,0,0,0,0.29,0.67,92,48,1,91,72,18,29.11,45,0,0,0,0,0,0,0,1,8.8,9,6.2,11,10,0,1,1.31
305,-87.676709,41.688324,0,1,0,0,0,5,1,0,0,0,432,1924,69,42,21,1,68,0,0,0,0,0,0,0,0,1,0,0,0,0,0,1,0,0.29,0.67,85,42,1,85,69,13,29.18,40,0,1,0,1,1,1,0,1,10.6,10.1,9.1,14,15,0,1,1.55
1857,-87.688267,41.903002,0,1,0,0,1,38,5,0,0,0,428,1927,66,35,11,1,46,0,1,0,0,0,0,0,0,0,0,0,0,0,0,1,0,0.26,0.6,78,37,1,79,61,6,29.41,28,0,0,0,0,0,0,0,0,7.4,5.8,4.8,18,16,1,1,0
258,-87.586427,41.778748,0,1,0,0,0,0,1,0,0,0,426,1928,63,35,11,1,51,1,0,0,0,0,0,0,0,0,0,0,0,0,0,1,0,0.29,0.67,77,35,1,77,62,6,29.28,28,0,0,0,0,0,0,0,0,11.2,10.9,8.8,15,15,0,0,0
1556,-87.778927,41.776156,0,1,0,0,0,2,1,0,0,0,417,1923,47,27,11,24,44,0,0,0,0,1,0,0,0,0,0,1,0,0,0,0,0,0.28,0.85,80,29,2,79,44,1,29.23,23,0,0,0,0,0,0,0,0,7.2,6.7,5.8,13.1155290375629,12.0216409366304,1,1,0
1374,-87.76007,41.961743,0,0,1,0,2,3,0,0,0,0,552,1729,56,32,28,1,56,0,0,0,0,0,0,0,1,0,0,0,0,0,1,0,0,0.27,0.77,83,35,1,82,51,3,29.39,31,0,0,0,0,0,0,1,0,5.9,4.6,3.9,12,9,1,1,0
589,-87.677737,41.836644,0,1,0,0,0,4,1,0,0,0,451,1904,73,47,27,1,73,0,0,1,0,0,0,0,0,0,0,0,1,0,0,0,0,0.29,0.67,92,48,1,91,72,18,29.11,45,0,0,0,0,0,0,0,1,8.8,9,6.2,11,10,0,1,1.31
3215,-87.666014,41.720848,0,0,1,0,0,8,4,0,0,0,518,1826,79,49,34,1,69,0,0,0,0,0,0,0,0,1,0,0,0,1,0,0,0,0.25,0.57,94,52,1,92,76,20,29.24,43,0,0,0,0,0,0,1,0,6.6,7.4,4.9,12,11,0,1,0
