,WnvPresentB
1545,0
3014,0
3566,0
2198,0
3351,0
1612,0
4206,0
3035,0
2256,0
1450,0
4068,0
482,0
945,0
520,0
1557,0
1081,0
3271,0
2510,0
2918,0
1694,0
2870,0
611,0
3691,0
3273,0
2810,0
177,0
629,1
1972,1
2405,0
1360,0
2015,0
664,0
4427,0
1128,0
3777,0
3742,0
3329,0
602,0
1194,0
248,0
3369,0
3130,0
4280,1
4351,1
271,0
3038,0
2717,0
2489,0
1050,0
3350,0
1655,0
2986,0
275,0
22,0
131,0
4117,1
2116,0
4413,0
875,0
99,0
1347,0
1559,0
2384,0
4370,1
52,0
4115,1
4043,0
1346,0
4057,1
4330,0
3056,0
527,0
2171,0
1708,0
1757,0
860,0
467,0
3103,0
2879,0
4313,1
4469,0
1999,0
1597,0
3837,0
2584,0
2768,0
653,1
2897,0
4266,0
1797,0
4143,0
1534,0
2844,0
4353,0
1341,0
4348,1
1654,0
4099,0
3731,0
1762,0
1577,0
442,0
3437,0
3772,0
2633,0
3540,0
552,0
963,1
4412,0
2522,0
1401,0
2745,0
3265,0
4119,1
1528,0
683,0
3388,0
2454,0
4329,0
81,0
4006,0
809,0
2555,0
665,1
1804,0
371,0
3524,0
4474,0
1688,0
2396,0
1110,0
2139,0
2310,0
2322,0
1679,0
2075,0
644,1
3374,0
4380,1
748,1
870,1
2704,0
3034,0
2606,0
2356,0
1124,0
2892,0
2866,0
987,0
2988,1
2538,0
1861,0
4409,0
2504,0
1003,0
2920,0
2005,0
4134,0
206,0
2945,0
3833,0
4019,0
4527,0
4170,0
4567,0
3243,1
769,0
380,0
2603,0
1048,0
3666,0
4594,0
714,0
740,0
2180,0
549,0
389,0
952,1
1073,0
3767,0
2382,0
4162,1
3092,0
127,0
1890,0
759,1
761,1
2130,0
2019,0
3746,0
4589,0
2316,0
4400,0
2377,0
2032,0
2860,1
3967,0
2224,0
3992,0
2690,0
4169,0
4534,0
420,0
113,0
236,0
1106,0
802,0
4361,0
2701,0
1896,0
2424,0
2143,1
1332,0
1706,0
2681,0
3552,0
1245,0
3761,0
3662,0
3172,0
4339,0
2527,0
1815,0
2917,0
933,0
4479,0
3584,0
4486,0
3485,0
618,0
282,0
3026,0
2908,0
1371,0
4601,0
1227,0
1498,0
1924,0
2861,0
4581,0
3000,0
157,0
1134,0
522,0
3932,0
4367,0
1482,0
3506,0
3382,0
3318,0
2395,0
563,0
1355,0
558,0
2694,0
4254,0
639,1
4318,0
3576,0
3785,0
1204,0
2654,0
1609,0
4440,0
1892,0
273,0
1491,0
3904,0
2612,0
489,0
3652,0
4569,1
3442,0
1976,0
92,0
2965,0
2106,0
2343,0
2847,0
3714,0
3614,0
3612,0
1041,0
272,0
1735,0
2132,0
539,0
3372,0
265,0
1720,0
1029,1
1746,0
1877,0
2613,0
2819,0
2706,0
2041,0
2856,0
2063,0
3688,0
3983,0
4450,0
2858,0
1188,0
1667,0
1656,0
1,0
2699,0
652,0
3423,0
1387,0
4033,0
2949,0
765,1
1312,0
4366,0
3563,0
3367,0
246,0
4566,0
3051,0
64,0
3439,0
954,1
1365,0
730,0
3981,1
4031,1
3371,0
926,1
2842,0
2478,0
3344,0
167,0
1373,0
2445,0
1582,0
2158,0
3897,0
2361,0
4522,0
1353,0
3924,0
260,0
742,0
766,0
1934,0
3325,0
1178,0
724,0
723,0
2305,0
1326,0
650,1
1117,0
2505,0
1496,0
2923,0
2672,0
3881,0
1137,0
391,0
2269,0
1801,0
4415,0
1878,0
4211,0
3234,0
253,0
2660,0
268,0
3544,0
2255,0
2465,0
2619,0
4535,0
4536,1
2777,0
1228,0
37,0
1033,0
3841,0
4429,0
3644,0
1590,0
529,0
3675,0
2267,1
2557,0
3303,0
394,0
130,0
3542,0
642,0
311,0
1648,0
1400,0
4207,0
4394,0
3999,0
2970,0
1359,0
3826,0
1207,0
1555,0
1540,0
2542,0
556,0
1434,0
1234,0
812,1
3145,0
577,0
1928,0
1224,0
3500,0
1432,0
45,0
31,0
3469,0
2085,0
1599,0
2067,0
2688,0
4411,0
2973,0
3635,0
701,1
1335,0
4180,0
4110,1
3136,0
2896,1
3280,0
2629,0
3059,0
2737,0
172,0
1000,1
3931,0
3292,1
3587,0
3198,0
2385,0
1082,0
2547,0
521,0
1125,0
2937,0
2650,0
4232,1
1216,0
767,0
3907,0
3299,0
1090,1
3195,0
514,0
2156,0
1979,0
1981,0
3443,0
3044,0
3556,0
947,0
3926,0
2182,1
2000,1
3076,1
3978,0
965,0
1737,0
4060,1
1215,0
4105,0
1147,0
4130,0
1198,0
435,0
3818,0
2790,0
2756,0
528,0
4012,0
1034,1
670,0
188,0
2855,0
3143,0
2338,0
3758,0
838,0
2662,0
17,0
3956,0
1611,0
3856,1
441,0
3982,0
3449,0
1750,0
453,0
36,0
4059,1
2916,0
1470,0
1348,0
579,0
2993,0
3732,0
1035,1
1862,0
3081,0
491,0
3098,0
4048,0
4148,0
2301,0
3478,0
2663,0
2283,0
3272,0
927,0
1769,0
3996,0
2575,0
296,0
3670,0
3755,0
873,0
1505,0
2066,0
2321,0
158,0
2227,0
584,0
2312,0
578,0
657,0
1850,0
2512,0
999,0
3514,0
2079,0
280,0
1725,0
3008,0
523,0
2183,0
1171,0
3197,0
4558,0
165,0
1454,0
869,1
659,0
635,0
1869,0
443,0
1056,0
3045,1
1219,0
747,0
1070,0
3780,1
1504,0
2202,0
1875,0
2904,0
1893,0
2449,0
4239,0
3491,0
3763,0
3132,0
2120,0
2716,0
3242,0
3390,0
1538,0
103,0
304,0
3032,0
4069,0
373,0
1384,0
4554,0
3418,0
2541,0
975,0
4517,0
751,0
4362,1
405,0
2469,0
3710,0
2653,0
4026,0
1929,0
2273,0
1184,0
533,1
3986,0
4509,0
2486,0
3186,0
1447,0
692,0
2590,0
1162,0
903,1
3703,0
2372,0
2442,0
1100,0
2974,0
4185,1
4388,0
1767,0
97,0
632,0
575,0
503,0
3330,0
3520,0
3187,1
2359,0
2276,0
3355,0
4605,0
1547,0
2034,0
3353,0
1832,0
402,1
3599,0
3117,0
2476,0
1075,0
1858,0
3138,0
1669,0
2563,0
354,0
413,0
4109,0
3935,0
3936,0
3562,0
1773,0
3360,1
3022,0
2668,0
135,0
3861,0
203,0
1921,0
3222,0
1065,0
950,1
2024,0
623,0
1135,0
2568,0
267,0
191,0
462,0
718,0
1681,0
4437,1
173,0
2332,0
3844,0
4015,0
681,0
1930,0
2968,0
3162,0
4590,0
1854,0
356,0
781,0
498,0
3817,0
2022,0
2226,0
228,0
3025,0
153,0
1909,0
3679,0
3952,0
3564,0
4559,0
640,1
2073,0
4220,1
2827,0
3733,0
3332,0
3134,0
3149,0
2528,0
195,0
3309,0
1551,0
2728,0
312,0
4066,0
2524,0
2331,0
3368,1
3410,0
2622,0
619,0
39,0
3452,0
4320,0
4418,1
2990,0
1702,0
142,0
973,0
1788,0
3965,0
509,0
168,0
15,0
3021,0
2912,0
2550,0
4233,0
775,1
1827,0
2064,0
1539,0
4030,0
1004,0
3104,1
1202,0
1329,0
2867,0
2799,0
2533,0
4231,1
50,0
3308,0
3071,0
4346,0
1508,0
2978,0
3409,0
2700,0
1730,0
3722,0
4414,1
764,0
1969,0
361,0
3179,0
1433,0
2402,0
4331,0
214,0
3079,0
841,0
771,0
4051,0
2114,0
4094,0
2710,0
3529,0
881,0
768,1
4531,0
1254,0
2099,0
1064,0
2551,0
3891,0
86,0
3254,0
3126,0
3239,0
2265,0
281,0
150,0
597,0
1613,0
3085,0
591,0
1724,0
4303,0
1864,0
2928,0
4204,0
2058,0
1931,0
1015,0
1465,0
4142,1
3581,0
3690,0
332,0
4445,0
1740,0
1456,0
2983,0
1937,0
929,0
473,0
198,0
608,1
2931,1
1448,0
532,0
2686,0
2594,0
788,1
2519,0
3887,0
2244,0
1522,0
2625,0
1238,0
4213,1
1457,0
3889,0
621,0
2412,0
779,0
2016,0
3559,0
3575,0
1151,0
4017,0
898,0
2798,0
815,0
3212,0
1211,0
848,0
1445,0
1511,0
2344,0
4515,0
2052,0
353,0
493,0
4395,0
2453,0
1908,0
1284,0
1402,0
3315,0
313,0
4578,0
2657,0
2875,0
3519,0
2431,0
2458,0
2354,0
949,0
2509,0
1189,0
2358,0
1060,1
452,0
3824,1
505,0
1397,0
3483,0
1541,0
2880,0
2126,0
4580,0
1789,0
1258,0
4315,1
3545,0
2054,0
184,0
1042,1
1375,0
2129,0
4389,0
1197,0
2600,0
3943,0
4592,0
3567,0
4009,0
3295,0
2337,0
2735,0
3391,0
3312,0
4032,1
4294,1
656,0
2375,0
3167,0
1330,0
418,0
3183,0
1120,0
3036,0
4058,1
3787,0
515,0
102,0
787,0
1463,0
862,0
1684,0
2416,0
13,0
2666,0
1870,0
1948,0
3122,1
4042,0
576,0
3664,0
55,0
4600,0
530,0
367,0
3990,0
72,0
3569,0
734,0
3216,0
3597,0
1172,0
4568,0
3692,0
3042,0
1639,0
222,0
1856,0
2901,0
1882,0
3112,0
940,0
3158,0
962,1
680,0
1859,0
1675,0
1243,0
1677,0
662,1
485,0
4005,0
1660,0
4373,0
2676,0
156,0
2687,0
337,0
3375,1
1775,0
3918,0
1114,0
2806,0
1704,0
3182,1
790,0
2499,0
2602,0
836,0
3725,0
1911,0
4078,1
3641,0
1638,0
2279,0
256,0
200,0
3454,0
1080,0
4164,0
3260,0
1354,0
463,0
328,0
1828,0
1239,0
1516,0
1281,0
2409,0
2641,0
2544,0
4426,0
4258,0
2804,0
2415,0
511,0
4611,0
183,0
603,0
2741,0
1918,0
871,0
2751,0
1141,0
433,0
2289,0
647,0
2373,1
1136,0
3621,0
3792,0
4137,0
2762,0
221,0
3610,0
1971,0
1602,0
3770,0
225,0
4102,0
53,0
1271,0
3963,0
326,0
352,0
4183,0
141,0
1802,0
2922,1
2543,0
2498,0
615,0
3296,0
472,0
1779,0
1810,0
3839,0
1376,0
1816,0
3002,0
3867,0
3995,0
2101,0
3133,0
2257,0
290,0
314,0
1350,0
3345,0
995,0
2374,0
148,0
2339,0
2422,0
2736,0
2444,0
910,0
374,0
2780,0
1736,0
1705,0
2720,0
620,0
1477,0
2352,0
138,0
1440,0
3853,0
2609,0
3538,0
4077,1
1598,0
2438,0
1845,0
1608,0
3590,0
3602,0
2841,0
1678,0
213,0
1840,0
2610,0
932,0
1030,0
3863,0
808,1
345,0
176,0
1568,0
1092,1
346,0
726,0
410,0
2329,0
2998,0
2966,0
461,0
4248,0
2531,0
2727,0
2370,0
3048,0
2839,0
2271,0
100,0
4608,0
3054,0
2718,0
3193,0
3256,0
4004,0
4369,0
3871,0
1690,0
3998,0
4089,0
3077,0
712,0
1105,0
3274,0
961,1
3464,0
1085,0
3276,0
1793,0
1036,0
4424,0
2488,0
3639,0
3208,1
1641,0
2135,0
4598,0
3549,0
1288,0
2515,0
4423,0
2496,0
3053,0
242,0
1998,0
49,0
2991,0
2979,0
2583,0
1967,0
2490,0
2432,0
1069,1
1576,0
3516,0
707,0
1055,0
540,1
513,0
1461,0
3533,0
4261,0
2748,0
3804,0
79,0
3941,0
484,0
1009,1
4309,1
1079,0
3190,0
955,0
2440,0
4273,1
2436,0
791,0
795,0
1139,0
1319,0
1169,0
309,0
3181,0
2750,0
3845,0
3080,0
4439,0
4435,1
2140,0
3829,0
2307,0
4322,1
1546,0
845,0
377,0
4473,1
1562,0
1047,0
2258,0
2327,0
4543,0
2494,0
562,0
3726,0
1077,0
3440,0
643,0
1002,0
3105,0
2199,0
935,0
3919,0
1179,0
1455,0
2852,0
4073,0
953,0
2080,0
1460,0
958,0
4166,1
2506,0
1426,0
1758,0
2976,0
1509,0
4146,0
2770,0
2487,0
3547,0
2849,0
1733,0
1623,0
3468,0
3246,0
4047,0
3300,0
32,0
3699,0
1495,0
2556,0
2894,0
4511,0
2760,0
3900,0
3655,0
3555,0
237,0
1658,0
1755,0
2417,0
3240,0
1542,0
4488,0
1431,0
4356,0
1170,0
2772,0
4312,0
937,0
46,0
4588,0
2766,0
1951,0
4165,1
3386,0
2695,0
4310,0
4151,0
2671,0
1940,0
2846,0
733,0
4332,0
4519,0
2665,0
2437,0
1488,0
144,0
826,0
3431,0
3713,0
2782,0
1950,0
2125,1
1272,0
4368,1
1883,0
3152,0
3807,0
3693,0
182,0
2002,0
4546,0
1800,0
4245,0
5,0
414,0
2117,0
3268,0
4160,0
1186,0
486,0
3411,0
2397,0
2962,0
4456,0
2,0
2548,0
3463,0
4494,0
829,0
2883,0
1620,0
3173,0
3259,0
298,0
357,0
2433,0
2564,0
2596,0
2142,0
2191,0
3342,0
1031,0
4037,0
1876,0
3180,0
1805,0
2518,0
3250,0
1437,0
411,0
4139,0
1763,0
4194,0
1657,0
4133,1
2441,0
1583,0
4430,0
4195,0
3536,0
1212,0
3759,0
3560,0
1377,0
3649,0
1302,0
3015,0
2131,0
988,0
3743,0
1794,0
3730,0
2355,0
675,0
959,0
3969,1
1152,0
4106,1
559,0
4533,0
2862,1
2624,0
2627,0
2299,0
1428,0
525,1
1781,0
888,0
62,0
3798,0
4244,1
4335,0
1317,0
2944,0
2682,0
4561,1
2455,0
3305,0
3174,0
2967,0
1803,0
202,0
863,0
117,0
3876,0
340,0
1149,0
4208,0
2825,0
2926,0
372,0
4111,0
330,0
2246,0
1778,0
3994,1
35,0
1985,0
1427,0
2349,0
2056,0
2642,0
2771,0
1552,0
3724,0
60,0
3933,0
3414,0
18,0
2214,0
1485,0
320,0
3093,1
4307,0
717,0
710,0
2664,0
2995,0
4046,0
2792,0
2598,0
303,0
3537,0
42,0
1849,0
2683,0
2030,0
2311,0
1962,0
1351,0
4092,0
3645,0
1499,0
2689,0
2872,0
1537,0
1887,0
810,0
2112,0
3286,0
2430,0
1963,0
4084,0
3835,0
4500,0
3,0
3324,0
2940,0
1792,0
2919,0
1992,0
82,0
3866,1
2277,0
3799,0
3585,0
4242,0
2225,0
3395,0
466,1
194,0
1343,0
2956,0
694,0
2426,0
3747,0
4044,1
3715,0
3674,0
2357,0
508,0
3608,0
4541,0
3774,0
1632,0
3298,0
2829,0
4018,0
1430,0
1274,0
3501,0
1847,0
3236,1
2513,0
1180,0
2368,0
1087,0
1618,0
2184,0
4306,0
1028,0
1749,0
2651,0
477,0
4487,0
3989,0
4053,0
4221,1
634,0
1190,0
4327,0
3007,1
1025,0
289,0
3475,0
1138,0
595,0
4407,0
1221,0
4301,0
2744,0
4250,0
2294,0
2740,0
4602,0
884,0
4596,0
2497,0
1364,0
3753,0
3779,0
2775,0
907,0
2661,0
3129,0
846,1
4191,0
4040,0
3349,0
4484,1
3287,0
2534,0
2262,0
3227,0
1404,0
2419,0
3580,0
3147,0
1040,0
2558,0
3206,0
1814,0
4063,1
2038,0
2474,0
2935,0
645,1
3275,0
3977,0
4557,0
526,0
2249,0
4082,0
878,0
2435,0
4325,0
499,1
474,0
2100,0
3009,0
564,0
398,0
2319,0
796,0
89,0
661,0
2293,0
2605,0
1617,0
1942,0
3340,0
2982,0
2287,0
4212,0
2059,0
1550,0
4393,0
3264,0
1642,0
3694,0
3258,0
1692,0
126,0
3620,0
4086,1
934,0
2712,0
899,0
2620,0
4238,1
4441,0
1489,0
2836,0
3625,0
163,0
3131,0
1544,0
2948,0
2363,0
2941,0
1726,0
2746,0
4333,0
1852,0
2972,0
731,0
401,0
1307,0
2850,0
1578,0
3882,0
1646,0
3033,1
3820,0
2989,0
981,0
239,0
2457,0
4603,0
3665,0
3822,0
1723,0
2853,0
3477,0
399,1
1464,0
3546,0
4398,0
4249,1
1057,0
1970,0
1251,0
1322,0
118,0
2464,0
1406,0
2835,0
4284,1
1601,0
3127,0
1362,0
1727,0
3672,0
4265,0
1483,0
2615,0
2031,0
25,0
2093,0
2098,0
1232,0
338,0
673,0
568,0
4201,0
3251,0
3964,0
2729,0
2778,0
972,0
784,0
465,0
179,0
1662,0
3023,0
2306,0
2562,0
1265,0
543,0
1249,0
1230,0
2012,0
1935,1
3813,0
1213,0
1410,0
196,0
3489,0
1966,0
2081,0
238,0
19,0
2545,0
1939,0
3756,0
2684,0
83,0
1696,0
1014,0
2906,0
279,0
2045,0
299,0
4271,0
2755,0
3530,0
1500,0
4599,0
3314,0
2137,0
2639,0
516,0
4586,0
1796,0
606,0
3589,0
2996,0
1163,0
4355,1
2172,0
2048,0
1851,0
3218,0
4526,0
1263,0
3474,0
1747,0
2401,0
2136,0
2936,0
1561,0
4055,0
4478,0
1086,0
2091,0
3623,0
1860,0
804,0
914,0
2893,0
2410,0
3019,0
2899,0
101,0
395,0
1187,0
998,0
2447,0
2234,0
3667,0
2346,0
3974,0
1619,0
3578,0
1606,0
1703,0
3214,0
4524,0
880,0
3252,0
23,0
3471,0
3407,0
3868,1
919,1
2569,0
1337,0
4464,0
2193,0
3706,0
1591,0
2743,0
4485,0
3416,0
1481,0
1342,0
2122,1
1378,0
133,0
27,0
3424,0
1701,0
1153,0
286,0
8,0
3297,0
3769,0
3905,0
2503,0
2832,0
1866,0
1600,0
3619,0
3509,0
339,0
29,0
390,0
565,0
3988,0
4131,0
4324,0
4354,0
1061,0
4323,1
2473,0
1379,0
2754,0
4582,0
612,0
1182,0
1752,0
3631,0
3648,0
890,0
649,0
483,0
830,0
1466,0
4341,1
2814,0
2573,0
178,0
4097,0
2764,0
3031,0
4065,1
2823,0
3277,0
4121,0
3728,0
3456,0
3326,0
696,1
128,0
190,0
3760,0
1589,0
3393,0
1115,0
2228,0
2848,0
1054,0
1761,0
1751,0
4408,0
2317,0
2065,0
1753,0
1806,0
3461,0
2997,0
4156,0
3773,0
2010,0
2732,0
3971,0
3605,0
581,0
1338,0
4062,1
1367,0
2914,0
4103,0
341,0
554,0
403,0
3284,0
1405,0
1423,0
1058,0
2964,0
913,0
2731,0
817,1
2092,0
2340,0
1084,0
762,1
2791,0
1512,0
1074,1
604,0
4575,0
1521,0
4274,0
3908,1
4036,0
2816,0
4613,0
943,1
1287,0
2802,0
1131,0
1964,0
3040,0
3060,0
1627,0
1292,0
3698,0
2280,0
1585,0
3072,0
3959,0
2261,0
412,1
488,0
684,1
3433,0
3696,0
679,1
825,1
1975,0
2484,0
224,0
437,0
1497,0
2360,0
2264,0
1672,0
803,0
3862,1
3809,0
4447,0
706,0
1990,0
1309,0
663,0
2268,0
1327,0
448,0
1579,0
2304,0
3830,0
1209,0
3884,0
743,1
2323,0
3729,0
4376,1
1731,0
1436,0
2288,0
2779,0
3624,0
44,0
1193,0
4305,0
1680,0
3111,0
2217,0
3525,0
4499,0
3768,0
1240,0
2428,0
4080,0
3848,0
2553,0
831,1
2599,0
1422,0
3987,1
171,0
2018,0
4460,0
1829,0
4108,1
2925,0
4345,1
4342,0
4321,0
600,0
4472,0
1429,0
4050,0
1316,0
2389,0
3313,0
1388,0
1716,0
470,0
4088,1
2938,0
2535,0
1663,0
3633,0
1987,0
2050,0
3880,0
908,0
3113,0
2808,0
3697,0
3513,0
1099,0
722,1
2371,0
73,0
3063,0
1872,0
4225,0
321,0
229,0
4403,0
2943,0
1236,0
2572,0
4550,0
3387,0
1738,0
2209,0
2451,0
1614,0
2173,0
2801,0
719,0
3012,0
2495,0
1494,0
2747,0
882,1
3823,0
3657,0
1978,0
1005,0
3906,0
2313,0
708,1
3241,0
1244,0
902,0
850,0
455,0
1393,0
2843,0
216,0
1078,0
1415,0
1026,0
1167,0
3686,0
915,0
1594,0
3939,0
4350,1
969,1
3221,0
3838,0
1574,0
1011,0
3473,0
1339,0
3399,0
763,0
1291,0
868,1
1626,0
2053,0
490,0
1871,0
424,0
3231,0
4528,0
2021,0
4614,0
2578,0
1278,0
1772,0
2954,0
245,0
1831,0
833,0
2153,0
2959,0
3915,0
3402,0
4584,0
3090,0
4466,1
1492,0
4123,0
2383,0
544,0
2408,0
4377,0
1222,0
2347,0
4263,0
4150,0
4049,0
2709,0
1867,0
4000,1
1165,0
1622,0
4007,1
1920,0
951,0
737,0
349,0
2350,0
980,1
2145,1
4434,1
108,0
2121,0
2626,0
3869,0
4540,0
1605,0
3622,0
4087,0
1321,0
925,0
2387,0
3592,0
4218,0
1358,0
2703,0
385,0
3810,0
3957,0
1965,0
1328,0
4420,1
4352,0
4252,1
1809,0
3107,1
342,0
4552,0
2623,0
3766,0
4293,0
4449,0
1220,0
2702,0
2574,0
2400,0
3487,0
2604,0
2095,0
4457,0
1592,0
573,0
1123,0
3255,0
4289,1
3526,0
3267,0
1567,0
1438,0
114,0
3611,0
4520,0
4278,0
711,0
480,0
777,0
3494,0
3178,0
1256,0
569,0
1947,0
4161,0
4100,0
2086,0
494,1
2392,0
3846,0
1389,0
3200,0
872,0
2953,0
4145,0
3339,0
3778,0
4229,0
1285,0
3003,0
4463,0
116,0
4189,0
806,0
3406,0
3376,0
1313,0
4025,0
334,0
3419,0
3109,0
2517,0
3262,0
3121,1
0,0
900,0
1324,0
598,0
2027,0
2393,0
426,0
4126,0
2669,0
1525,0
1799,0
3669,0
3266,0
2069,0
1523,0
3229,0
48,0
3934,0
2295,0
3595,0
1595,0
3170,0
1765,0
481,1
2023,0
2247,0
226,0
4128,0
2105,0
4190,0
306,0
865,1
3237,1
4442,1
968,0
243,0
1192,0
3352,0
2252,0
1742,0
3346,0
283,0
211,0
2530,0
4381,1
3434,0
4184,0
2540,0
720,1
2176,0
1370,0
1957,0
531,0
1855,0
1093,0
4202,0
1156,0
1018,0
2643,0
2985,1
1396,0
2999,0
906,1
2051,0
4505,0
504,0
746,1
1104,0
3677,0
1174,0
1398,0
4436,0
1409,0
2961,0
3157,0
2461,0
4343,0
1468,0
2420,0
1303,0
4297,0
4401,0
2308,0
2074,0
3238,0
3606,0
3601,0
2459,0
2418,0
599,0
1334,0
1807,0
2379,0
2213,0
3596,0
4357,1
3865,0
3137,0
3764,0
2151,0
1532,0
2807,0
3247,0
1652,0
501,0
646,0
57,0
2348,0
3803,0
3310,1
4227,1
3588,0
233,0
3270,0
217,0
534,0
828,1
1089,0
3849,0
687,0
3859,0
735,0
3062,0
3604,0
1210,0
3647,0
3099,0
821,0
1572,0
1868,0
2189,0
3507,0
1811,0
1250,0
2204,0
2203,0
1900,0
4076,0
4141,0
1812,0
4168,0
3064,0
3508,0
1414,0
3028,1
87,0
1936,0
1283,0
3894,0
425,0
3975,0
3320,0
1451,0
263,0
1007,0
1959,0
583,1
4215,0
3640,0
3632,0
315,0
2472,0
1443,0
1571,0
4553,1
1208,0
594,0
3335,0
537,1
427,0
1150,0
4399,1
744,1
3801,0
1774,0
4120,0
3189,0
1566,0
3356,0
4241,1
622,0
2146,1
4070,1
601,0
535,0
4270,0
776,1
1273,0
721,0
2566,0
4173,1
738,0
223,0
1604,0
582,0
34,0
2649,0
1628,0
2763,0
3435,0
2826,0
728,0
2889,0
613,1
590,0
688,0
1993,0
4186,0
3794,0
193,0
4562,0
3482,0
1185,0
1097,0
1891,0
1977,0
3378,0
3534,0
284,0
2834,0
1155,0
21,0
2585,0
506,1
3425,0
3043,0
471,0
2155,0
2859,1
325,0
3020,0
4172,0
3704,0
2028,0
3684,0
1693,0
4085,0
1709,0
3510,0
145,0
1154,0
2274,0
1607,0
2500,0
1300,0
1297,0
155,0
3618,0
1109,0
201,0
1295,0
4075,0
4604,0
2678,0
741,0
1416,0
4264,0
3920,0
1834,0
2635,0
3082,0
1994,0
2108,0
137,0
1520,0
310,0
3659,0
4228,0
419,0
1096,0
3087,0
2905,0
3496,0
1146,0
512,0
1997,0
3874,0
2251,0
2448,0
2353,0
1296,0
125,0
1119,0
2508,0
3707,0
1879,0
4390,0
944,0
3661,0
1687,0
3561,0
2138,0
572,0
1289,0
2364,0
636,0
4443,0
1159,0
1853,0
1046,0
3288,0
1140,1
4410,0
4029,0
1441,0
3171,0
1671,0
416,0
2240,0
3408,0
571,0
2800,0
302,0
749,0
1203,0
3916,0
2589,0
2123,0
3937,0
1697,0
2110,0
2468,0
3334,0
3091,0
2725,0
2134,0
3827,0
3922,0
3343,0
247,0
2634,0
1989,0
69,0
185,0
691,0
68,0
1145,0
547,0
2260,0
1382,1
3518,0
4256,1
2084,0
1689,0
3233,0
3446,0
3752,0
3046,0
4021,0
4334,0
2309,0
3311,0
3660,0
3504,0
2765,0
4518,0
4210,0
1759,0
3523,0
180,0
4193,0
1066,0
2960,0
1713,0
4008,0
4247,0
2752,0
1012,0
1072,0
1276,0
4446,0
384,0
3322,0
2236,0
2471,0
3892,1
3788,0
1385,0
1770,0
4516,0
54,0
977,0
757,1
4314,0
3600,0
3628,0
3783,0
3217,0
4477,0
1907,0
3248,0
3153,0
835,0
7,0
205,0
678,0
85,0
3594,0
610,0
2174,0
3851,1
538,1
58,0
41,0
2128,0
3985,0
4283,0
3061,0
1218,0
3403,0
3306,0
3786,0
1529,0
4507,1
120,0
1168,0
1181,0
3593,0
1473,0
911,0
2220,0
2154,0
1941,1
1897,0
4422,0
1766,0
660,1
1526,0
4052,0
3301,0
1536,0
1164,0
2868,0
3317,0
3124,0
1996,0
627,0
842,1
317,0
3646,0
1683,0
4061,1
1818,0
423,0
585,0
4216,1
4570,0
3058,0
805,0
3039,0
1917,0
3850,1
154,0
1771,0
4149,0
1130,0
849,0
3052,0
797,1
166,0
4292,1
2618,0
251,0
2127,0
3913,0
1205,0
617,0
2958,0
115,0
392,0
3903,0
74,0
1196,0
143,0
2406,0
1922,0
1666,0
3168,0
4200,1
1676,0
2554,0
782,0
1506,0
1715,0
3492,0
2194,0
2913,0
1898,0
3739,0
3626,0
3586,0
3582,0
895,0
2975,0
847,1
3070,0
676,0
4003,0
892,0
4167,0
4118,0
1798,0
1764,0
967,0
1372,0
255,0
3432,0
1435,0
3857,0
4152,0
4607,0
2481,0
274,0
2655,0
3211,1
1732,0
1493,0
3011,0
2811,0
4071,1
292,0
4514,0
1984,0
786,1
3656,0
1399,0
316,0
2632,0
4476,0
4144,0
1901,0
30,0
2208,0
478,1
843,1
1554,0
3337,0
1817,0
3870,0
3421,0
1195,0
454,0
3185,0
1825,0
2707,0
2470,0
1650,0
1417,0
2865,0
3570,0
2738,0
3118,0
1988,0
2628,0
445,0
2520,0
2787,0
3397,0
3682,1
912,0
4421,0
1905,0
3973,0
4328,1
1044,0
3658,0
4104,0
415,0
3517,0
98,0
2450,0
460,1
3302,0
4253,0
169,0
324,0
3875,0
4277,1
1914,0
770,0
4038,0
2192,0
3616,0
3230,0
1306,0
2475,0
3199,0
4385,0
1718,0
2111,0
2303,0
3484,0
901,1
855,1
1177,0
941,0
459,1
47,0
2398,0
4311,0
2640,0
4022,0
199,0
4549,0
985,0
861,1
2658,0
3366,0
331,0
1844,0
451,0
1275,0
4279,0
4452,1
430,0
3972,0
1635,0
4579,0
4182,1
6,0
1515,0
1366,0
2648,0
3001,0
4417,0
3673,0
1910,0
1842,0
197,0
3572,0
2507,0
3598,0
231,0
2631,0
3282,0
3455,0
4471,0
971,0
1311,0
397,0
2705,0
2774,0
2833,0
3106,0
376,0
1912,0
3370,0
94,0
3812,0
2911,0
4187,0
4529,0
175,0
1995,0
1584,0
2854,0
2910,0
3748,0
2480,0
4299,0
2951,0
2076,0
695,0
4547,0
1103,0
1413,0
1968,0
2878,0
3192,0
1820,0
939,0
3946,0
1698,0
3283,0
1486,0
753,1
4016,0
1471,0
2266,0
3422,0
1580,0
3006,0
3541,0
4612,0
3430,0
715,1
1649,0
3188,0
2785,0
2197,0
1368,0
2241,0
1596,0
2078,0
469,0
1691,0
3481,0
754,1
1201,0
359,0
1615,0
2586,0
2485,0
4287,0
1248,0
4337,1
140,0
2697,0
1439,0
3757,0
1960,0
3291,0
1392,1
1953,0
3102,0
3685,0
822,0
1356,0
3687,0
2087,0
2680,0
774,0
4468,1
1973,0
149,0
2060,0
4090,0
78,0
370,0
2788,0
4593,0
429,0
4360,0
2529,0
2425,0
366,0
1783,0
2795,0
232,0
383,0
1298,0
1412,0
2576,0
1380,0
4074,0
4056,0
1088,0
2298,0
1023,0
2001,0
1231,0
3821,0
3232,0
1906,0
3858,0
3226,0
4197,0
1191,0
2980,0
3307,0
212,0
2434,0
507,0
4480,0
1418,0
475,0
2549,0
1363,0
674,0
4576,0
1943,0
1593,0
386,0
4397,1
896,0
3617,0
3723,0
109,0
2020,0
1624,0
160,0
3899,0
979,0
209,0
2924,0
2881,0
134,0
1670,0
1301,0
1835,0
1651,0
3917,0
3447,0
244,0
756,0
2008,0
1813,0
3912,0
2493,0
450,1
570,0
112,0
2607,0
689,0
2062,0
1653,0
2394,0
699,1
91,0
857,1
651,1
799,0
2186,0
1884,0
3503,0
4344,1
4101,0
3207,0
1059,0
856,1
3293,0
11,0
916,0
1645,0
2443,0
1480,0
2168,0
1833,0
1519,0
3476,0
1502,0
1051,1
2947,0
152,0
3683,0
1865,0
739,0
1795,0
1644,0
2831,0
3101,0
1874,0
1902,0
95,0
1247,0
4406,1
2659,0
853,1
1728,0
4308,0
2201,0
278,0
2864,0
1938,0
2036,0
1603,0
658,0
4489,1
820,0
3462,0
319,0
1673,0
4483,0
3223,0
446,0
1293,0
1986,0
904,0
3100,0
2863,0
1790,0
819,0
3528,0
259,0
3816,1
4510,0
4112,0
4396,0
3029,0
327,0
2932,0
139,0
3796,0
4585,0
4135,1
3436,0
3515,0
329,0
550,1
2840,0
2845,0
1408,0
4459,0
1344,0
1323,0
1391,0
3808,0
77,0
4587,0
2042,0
318,0
2072,0
956,0
2532,0
1474,0
104,0
207,0
3782,0
2552,0
4290,0
3245,1
1913,0
555,0
625,1
3653,0
4336,0
4214,0
1160,0
2318,0
457,0
4416,1
3877,0
2645,0
3793,0
2049,0
3328,0
151,0
867,0
2169,0
3203,0
792,0
814,0
1886,0
2560,0
2144,1
709,1
2014,0
957,0
4537,0
3096,0
3155,0
440,0
9,0
2597,0
2977,0
780,0
2463,0
4081,0
1982,0
4455,0
3522,0
3668,0
1226,0
2895,0
2812,1
2167,0
4001,0
2039,0
2595,0
1268,0
4523,1
3711,0
2263,0
1294,0
1569,0
3336,0
3888,0
1668,0
3650,0
1822,0
3289,0
4571,0
123,0
4235,0
3201,0
1513,0
1024,0
3557,0
827,0
732,0
2328,0
697,0
2161,0
2231,0
4158,0
3269,0
3263,0
1199,0
4374,0
3204,0
3413,0
1549,0
1514,0
4107,0
923,0
816,0
2215,0
1241,0
918,0
4243,0
2890,0
4203,1
3671,0
3304,0
2726,0
2900,0
2025,0
4508,0
3921,0
344,0
1118,0
438,0
3140,0
2218,0
2177,0
4272,1
2942,0
3210,0
1484,0
879,1
561,0
1444,0
2559,0
3951,0
3749,0
1531,0
2462,0
3441,0
4175,0
1158,0
886,0
4391,0
3721,0
3037,0
4286,0
1225,0
1490,0
2411,0
487,0
2884,0
4045,0
928,0
2773,0
877,1
2175,0
2421,0
3689,0
3018,0
4304,1
793,0
2055,0
4453,1
921,0
3543,0
624,0
2250,0
4378,0
2611,0
4386,0
3202,0
4013,1
1721,0
638,1
3980,0
3110,0
4573,0
2715,0
2742,0
240,0
56,0
2757,0
3705,0
2921,1
4532,1
2390,0
2164,0
758,1
966,0
703,0
745,1
3467,0
1501,0
2567,0
4539,0
1390,0
2089,0
301,0
1533,0
1126,0
2118,0
1553,0
4267,0
2082,0
1780,0
567,0
1923,0
1880,0
3828,0
375,0
3278,0
592,0
3942,0
227,0
3834,0
1685,0
3928,0
3427,0
1176,0
3953,0
2638,0
1956,0
2952,0
1411,0
1643,0
3135,0
3927,0
2196,0
189,0
2516,0
1782,0
2188,0
3384,0
2423,0
4565,1
4496,0
4223,1
1200,0
1631,0
2190,0
1116,0
1524,0
3629,0
4237,1
4551,1
4079,0
785,0
1331,0
1223,0
3285,0
4521,0
3962,0
4236,1
4497,0
1315,0
3381,0
1927,0
4098,0
3074,0
682,1
4317,0
2869,1
3249,0
3010,0
2071,0
3225,1
3720,0
2047,0
1472,0
1983,0
633,1
1478,0
2656,0
500,0
818,1
874,0
1952,0
4188,1
297,0
727,0
2452,0
2330,0
3947,0
942,0
208,0
993,0
2797,0
192,0
1467,0
3078,0
813,0
752,0
363,0
3184,0
1933,0
1175,0
3879,0
40,0
844,0
2608,0
889,1
3083,0
1008,0
3802,0
994,0
2147,0
3065,0
2667,0
230,0
1067,0
3488,0
4454,0
3480,0
586,0
2212,0
1791,0
2007,0
146,0
4326,0
3426,0
3444,0
2580,0
4064,1
3050,0
434,1
3535,0
355,0
3115,0
3775,0
3057,0
351,0
1462,0
4451,0
3114,0
28,0
1045,0
1013,1
3511,0
2693,0
1565,0
2170,0
2955,0
2491,0
3191,0
3160,0
2877,0
587,0
2577,0
1286,0
2587,0
4014,0
4113,0
4222,0
705,0
270,0
3955,0
560,0
408,1
1020,0
378,0
1039,1
449,0
14,0
2646,0
3873,0
417,0
3465,0
4257,0
4319,0
2200,0
2033,0
2223,0
409,0
3279,0
3993,0
61,0
1052,0
2242,0
1961,0
1403,0
976,1
1001,0
4525,0
1808,0
2882,0
502,0
3909,0
2068,0
1027,0
2796,0
930,0
436,0
3389,0
4300,0
162,0
1958,0
2456,0
4122,0
1407,0
989,0
3940,0
4609,0
404,0
3521,0
1625,0
4196,0
287,0
369,0
2003,0
983,0
2351,0
557,0
1863,0
2794,0
2367,0
4251,0
3741,0
264,0
1819,0
3558,0
4179,0
3910,0
38,0
1634,0
1277,0
3385,0
291,0
3354,0
3438,0
2378,0
3415,0
2837,0
3806,0
2221,1
4246,0
2391,0
3451,0
1062,0
2828,0
700,0
2786,0
2282,0
1503,0
2581,0
1563,0
4338,0
277,0
990,0
1843,0
2216,0
3695,0
1786,0
4564,0
654,0
1386,0
3591,0
1838,0
2734,0
2637,0
834,1
794,0
3565,0
1535,0
2685,0
1955,0
2206,0
1823,0
4096,0
2539,0
1076,0
220,0
859,1
3089,0
2460,0
2163,0
4482,1
2561,0
1517,0
2981,0
1453,0
2621,0
2446,0
3738,0
2057,0
3024,0
174,0
496,0
181,0
4010,0
2284,0
2888,0
2891,0
3819,0
2723,0
492,0
1091,0
3084,0
4545,0
2579,0
4542,0
93,0
2776,0
4492,0
2482,0
4269,0
2115,0
3583,0
4572,0
1946,0
3532,0
2222,0
4153,0
840,0
3163,0
4260,0
3771,0
3086,0
4538,0
1133,0
2950,0
2570,0
2783,0
347,0
1279,0
2157,0
2388,0
3341,0
1616,0
257,0
4387,0
885,0
630,0
59,0
2536,0
295,0
1932,0
4140,0
2286,0
4606,0
2711,0
3094,0
368,0
362,0
974,0
3401,0
3499,0
2407,0
164,0
1235,0
3362,1
545,1
2818,0
725,0
3960,0
3948,0
519,0
1019,0
2334,0
2187,0
1729,0
852,1
4438,0
2673,0
1336,1
2291,0
234,0
2758,0
1903,0
3338,0
4375,0
2874,0
3161,0
4155,0
3450,0
2466,0
3573,0
2113,0
1777,0
4054,1
1113,0
293,0
798,0
2994,0
1098,0
3642,0
3235,0
3497,0
3175,1
3872,0
2207,0
254,0
2467,0
350,0
1305,0
524,0
124,0
3194,0
4285,1
1242,1
1899,0
1233,0
3253,0
3902,0
4502,0
4431,0
3852,0
1570,0
1919,0
4512,0
2124,0
3843,1
107,0
536,0
3883,0
3030,0
1068,0
4458,0
1949,0
